spot,temp,pH,DO,BOD,EC,TN,DTN,NO3N,NH3N,TP,DTP,PO4P,TOC,Cl,d15N,d18O,source,TN/TP,TOC/TN,Cl/TN,d15N/d18O,NH3N/NO3N,NO3N/Cl
JS-1,11.2,7.3,11.8,1.2,101.0,1.144,1.121,0.96,0.019,0.022,0.009,0.004,1.3,9.589666667,3.87,1.59,토양-질소 기원,52.0,1.1363636363636365,8.382575757867134,2.4339622641509435,0.019791666666666666,0.1001077548715594
JS-2,12.2,7.1,11.9,1.3,72.0,0.997,0.962,0.824333333,0.018,0.025,0.011,0.005,1.5,5.084666667,4.2,3.13,토양-질소 기원,39.879999999999995,1.5045135406218657,5.0999665667000995,1.34185303514377,0.021835826939682904,0.1621214107013163
JS-3,11.9,7.2,12.2,1.2,85.0,1.054,1.018,0.880333333,0.02,0.022,0.01,0.003,1.4,6.730333333,4.48,2.11,토양-질소 기원,47.909090909090914,1.3282732447817835,6.385515496204933,2.123222748815166,0.022718667180128233,0.13080085182164336
JS-4,11.6,7.2,11.8,1.0,62.0,0.882,0.863,0.736,0.019,0.017,0.007,0.0,1.2,4.584,2.32,2.49,토양-질소 기원,51.882352941176464,1.3605442176870748,5.197278911564625,0.9317269076305219,0.025815217391304348,0.1605584642233857
JS-5,13.3,7.0,11.4,1.5,83.0,1.08,1.032,0.861,0.04,0.024,0.011,0.004,1.5,6.534333333,4.56,2.34,토양-질소 기원,45.0,1.3888888888888888,6.050308641666667,1.9487179487179487,0.04645760743321719,0.1317655460966059
JS-6,12.2,7.2,11.9,1.3,85.0,1.193,1.163,1.027333333,0.026,0.027,0.014,0.008,1.3,6.076333333,5.29,1.96,토양-질소 기원,44.18518518518519,1.0896898575020955,5.0933221567476945,2.6989795918367347,0.025308241409898843,0.16907126003450937
JS-7,13.2,7.0,11.4,1.0,83.0,1.13,1.102,0.941666667,0.033,0.027,0.013,0.006,1.4,6.537333333,5.16,1.99,토양-질소 기원,41.85185185185185,1.238938053097345,5.785250737168142,2.592964824120603,0.035044247775205574,0.14404446263226822
JS-8,14.0,9.4,11.9,0.5,85.0,2.235,2.125,2.054333333,0.025,0.138,0.115,0.112,1.0,6.385,12.37,1.23,생활하수/처리수 영향,16.19565217391304,0.447427293064877,2.8568232662192394,10.05691056910569,0.012169398022419177,0.3217436700078309
JS-9,15.4,9.0,10.5,0.7,89.0,1.686,1.643,1.468,0.038,0.077,0.051,0.047,1.7,6.741666667,8.4,4.9,생활하수/처리수 영향,21.896103896103895,1.0083036773428233,3.998616053973903,1.7142857142857142,0.025885558583106268,0.2177503090127194
JS-10,14.2,10.5,13.4,1.4,100.0,1.195,1.149,0.997333333,0.029,0.051,0.037,0.033,1.5,11.29766667,6.75,1.97,토양-질소 기원,23.43137254901961,1.2552301255230125,9.454114368200836,3.4263959390862944,0.0290775401166703,0.08827781542257168
JS-11,15.6,8.2,10.6,1.3,104.0,2.233,2.082,1.843666667,0.068,0.167,0.11,0.108,1.7,7.500666667,8.77,6.38,생활하수/처리수 영향,13.37125748502994,0.7613076578593819,3.3590088074339453,1.3746081504702194,0.03688302295482137,0.24580037333366808
JS-12,12.5,7.6,11.1,0.5,103.0,1.694,1.64,1.509,0.015,0.019,0.006,0.001,1.3,5.906666667,6.9,1.1,토양-질소 기원,89.15789473684211,0.7674144037780402,3.486816214285714,6.2727272727272725,0.009940357852882704,0.2554740406176369
JS-13,14.5,8.5,10.7,1.1,103.0,1.977,1.924,1.709333333,0.037,0.115,0.083,0.08,1.8,7.277333333,9.17,3.61,생활하수/처리수 영향,17.191304347826087,0.9104704097116844,3.6809981451694482,2.5401662049861495,0.021645865838854497,0.2348845730686554
JS-14,13.7,9.1,11.3,1.4,125.0,1.876,1.82,1.574333333,0.04,0.052,0.03,0.024,2.4,9.060666667,6.52,2.88,토양-질소 기원,36.07692307692307,1.279317697228145,4.829779673240938,2.263888888888889,0.0254075799333914,0.1737546905608949
JS-15,14.3,7.2,10.1,1.3,104.0,1.74,1.671,1.445666667,0.024,0.079,0.052,0.048,1.9,7.499,8.77,3.77,생활하수/처리수 영향,22.025316455696203,1.0919540229885056,4.309770114942529,2.326259946949602,0.01660133732612374,0.19278125976796906
JS-16,15.0,7.4,10.8,1.4,163.0,2.316,2.231,1.875333333,0.033,0.078,0.028,0.02,3.8,11.91633333,8.74,2.49,생활하수/처리수 영향,29.69230769230769,1.6407599309153713,5.14522164507772,3.51004016064257,0.017596871670386934,0.15737503148546114
JS-17,14.5,7.3,9.9,1.1,107.0,1.786,1.676,1.477,0.018,0.07,0.047,0.044,2.0,7.682,8.71,4.45,생활하수/처리수 영향,25.514285714285712,1.1198208286674132,4.301231802911534,1.957303370786517,0.012186865267433986,0.19226763863577193
JS-18,14.3,7.3,10.4,0.6,192.0,1.279,1.191,1.038333333,0.024,0.019,0.007,0.002,1.8,7.108333333,5.41,2.25,토양-질소 기원,67.3157894736842,1.4073494917904614,5.557727390930415,2.4044444444444446,0.02311396469441861,0.14607268460239498
JS-19,15.8,7.5,10.3,1.3,120.0,1.694,1.615,1.434666667,0.016,0.069,0.043,0.039,2.2,7.887,8.2,3.53,생활하수/처리수 영향,24.550724637681157,1.298701298701299,4.6558441558441555,2.3229461756373935,0.011152416354286149,0.18190270914162546
JS-20,16.0,7.8,10.7,1.4,181.0,1.929,1.866,1.626,0.018,0.036,0.02,0.013,2.0,11.57133333,8.59,3.51,생활하수/처리수 영향,53.583333333333336,1.0368066355624677,5.998617589424572,2.4472934472934473,0.01107011070110701,0.14051967509953323
JS-21,16.6,7.9,11.1,1.8,152.0,2.075,1.976,1.697333333,0.078,0.071,0.041,0.038,2.6,10.875,8.75,4.05,생활하수/처리수 영향,29.225352112676063,1.2530120481927711,5.240963855421686,2.160493827160494,0.04595443834366741,0.15607662832183908
JS-22,15.4,8.9,13.0,1.0,156.0,2.227,2.165,1.967666667,0.015,0.026,0.014,0.01,1.8,14.71966667,7.48,1.74,토양-질소 기원,85.65384615384615,0.8082622361921868,6.609639277054334,4.2988505747126435,0.007623242417817509,0.13367603432286146
JS-23,16.0,8.2,10.7,2.0,182.0,3.57,3.514,3.103666667,0.116,0.204,0.158,0.155,2.9,12.046,6.54,12.27,토양-질소 기원,17.5,0.8123249299719888,3.3742296918767507,0.5330073349633252,0.03737514767077917,0.25765122588411093
JS-24,15.2,8.9,13.8,1.8,162.0,2.334,2.242,1.923,0.036,0.097,0.059,0.054,3.5,10.375,7.52,3.73,토양-질소 기원,24.061855670103093,1.4995715509854326,4.44515852613539,2.0160857908847185,0.018720748829953195,0.18534939759036145
JS-25,15.8,8.4,12.0,1.7,158.0,2.278,2.232,1.914666667,0.061,0.089,0.055,0.049,2.8,10.67166667,7.69,4.36,토양-질소 기원,25.59550561797753,1.2291483757682176,4.684664912203687,1.7637614678899083,0.031859331470776575,0.17941589877263286
JS-26,14.1,7.3,11.7,1.1,155.0,1.492,1.427,1.167,0.013,0.04,0.019,0.012,3.0,10.69366667,8.29,2.86,생활하수/처리수 영향,37.3,2.0107238605898123,7.167336910187668,2.8986013986013983,0.011139674378748929,0.10913001461639911
JS-27,18.2,9.3,12.3,1.8,155.0,2.415,2.341,2.040333333,0.045,0.185,0.15,0.148,2.6,10.392,6.91,5.44,토양-질소 기원,13.054054054054054,1.0766045548654244,4.303105590062112,1.2702205882352942,0.02205521973894057,0.1963369258083141
JS-28,15.3,8.6,14.7,1.0,235.0,4.085,4.026,3.882,0.025,0.048,0.033,0.026,2.3,15.652,8.3,3.67,생활하수/처리수 영향,85.10416666666666,0.5630354957160343,3.831578947368421,2.26158038147139,0.006439979392065946,0.2480194224380271
JS-29,14.7,7.8,10.9,1.9,145.0,2.162,2.141,1.821666667,0.029,0.08,0.044,0.036,3.0,10.05566667,7.02,4.09,토양-질소 기원,27.025,1.387604070305273,4.651094666975023,1.7163814180929096,0.01591948764576039,0.18115821921929318
JS-30,12.3,7.3,10.4,0.6,152.0,2.887,2.881,2.768333333,0.012,0.025,0.014,0.009,1.5,10.09466667,9.19,2.41,생활하수/처리수 영향,115.47999999999999,0.5195704883962591,3.4965939279528926,3.813278008298755,0.004334738110094489,0.2742372208511963
JS-31,15.3,7.4,10.0,1.2,156.0,2.207,2.164,1.898333333,0.031,0.075,0.049,0.045,2.4,10.34766667,7.59,5.01,토양-질소 기원,29.426666666666666,1.0874490258269145,4.688566683280472,1.5149700598802396,0.016330114138073767,0.18345520720179906
JS-32,13.7,7.3,8.2,1.5,196.0,2.498,2.445,2.124666667,0.051,0.074,0.047,0.042,2.9,15.446,9.95,3.7,생활하수/처리수 영향,33.75675675675676,1.1609287429943953,6.183346677341873,2.689189189189189,0.024003765292751212,0.1375544909361647
JS-33,15.6,7.2,9.6,3.3,271.0,3.05,2.997,2.149333333,0.447,0.117,0.052,0.047,3.6,28.462,10.21,2.8,생활하수/처리수 영향,26.068376068376065,1.1803278688524592,9.331803278688525,3.646428571428572,0.20797146405210476,0.07551589252336449
JS-34,14.5,7.8,9.7,1.5,154.0,2.23,2.155,1.889666667,0.035,0.068,0.041,0.035,2.6,10.69966667,7.58,4.32,토양-질소 기원,32.79411764705882,1.1659192825112108,4.798056802690582,1.7546296296296295,0.01852178514402509,0.17660986321174807
JS-35,14.2,7.6,7.4,2.0,333.0,4.36,4.301,3.714333333,0.088,0.146,0.095,0.09,4.9,26.26333333,12.01,5.67,생활하수/처리수 영향,29.86301369863014,1.1238532110091743,6.023700305045871,2.1181657848324513,0.023692003950793503,0.14142657698203157
JS-36,15.1,8.5,10.8,1.6,240.0,2.437,2.364,2.045,0.034,0.094,0.053,0.044,3.0,12.32533333,8.58,4.87,생활하수/처리수 영향,25.925531914893615,1.2310217480508823,5.057584460402134,1.7618069815195072,0.01662591687041565,0.16591843362340936
JS-1,16.0,6.6,10.4,1.3,105.0,0.941,0.883,0.711,0.023,0.022,0.015,0.004,1.5,9.155,3.78,2.01,토양-질소 기원,42.77272727272727,1.5940488841657812,9.729011689691816,1.8805970149253732,0.03234880450070324,0.07766247951938832
JS-2,16.7,6.7,10.1,1.3,72.0,0.946,0.915,0.752,0.022,0.023,0.012,0.003,1.6,4.715,4.27,2.37,토양-질소 기원,41.130434782608695,1.6913319238900637,4.984143763213531,1.80168776371308,0.029255319148936167,0.15949098621420998
JS-3,16.4,6.2,10.6,1.3,87.0,0.99,0.923,0.761,0.028,0.024,0.013,0.003,1.6,6.377,4.5,2.29,토양-질소 기원,41.25,1.6161616161616164,6.441414141414141,1.965065502183406,0.03679369250985545,0.11933511055355184
JS-4,16.4,6.5,10.4,1.1,63.0,0.673,0.638,0.497,0.029,0.02,0.012,0.0,1.8,4.254,2.41,2.35,토양-질소 기원,33.65,2.674591381872214,6.3209509658246645,1.025531914893617,0.05835010060362173,0.11683121767748003
JS-5,16.9,6.3,9.8,1.3,83.0,0.982,0.909,0.722,0.052,0.031,0.019,0.005,2.0,6.103,4.56,2.99,토양-질소 기원,31.677419354838708,2.0366598778004072,6.214867617107942,1.5250836120401334,0.07202216066481994,0.11830247419301983
JS-6,17.0,6.5,10.5,1.7,90.0,1.052,1.001,0.815,0.03,0.038,0.025,0.012,1.7,5.926,5.95,2.46,토양-질소 기원,27.68421052631579,1.6159695817490494,5.633079847908745,2.41869918699187,0.03680981595092025,0.13752953088086398
JS-7,16.9,6.2,9.5,1.3,85.0,1.059,0.98,0.782,0.045,0.036,0.022,0.007,2.2,6.095,5.22,3.37,토양-질소 기원,29.416666666666668,2.0774315391879132,5.755429650613786,1.5489614243323442,0.05754475703324808,0.12830188679245283
JS-8,16.2,6.8,8.8,1.3,95.0,2.226,2.126,1.769,0.076,0.201,0.183,0.178,1.6,6.859,9.08,4.62,생활하수/처리수 영향,11.074626865671641,0.7187780772686434,3.0813117699910153,1.9653679653679654,0.04296212549462974,0.2579093162268552
JS-9,16.9,7.4,9.6,1.7,95.0,1.511,1.414,1.148,0.061,0.101,0.076,0.066,2.1,6.86,9.08,4.05,생활하수/처리수 영향,14.960396039603959,1.3898080741230974,4.5400397088021185,2.2419753086419756,0.05313588850174216,0.16734693877551018
JS-10,16.9,7.6,11.4,1.4,96.0,0.945,0.872,0.676,0.035,0.094,0.079,0.073,2.0,8.802,7.47,1.41,토양-질소 기원,10.053191489361701,2.1164021164021167,9.314285714285715,5.297872340425532,0.051775147928994084,0.07680072710747558
JS-11,17.9,7.7,9.9,2.1,109.0,2.297,2.206,1.713,0.147,0.266,0.236,0.23,2.4,7.77,12.43,3.41,생활하수/처리수 영향,8.635338345864662,1.0448410970831519,3.382673051806704,3.6451612903225805,0.08581436077057793,0.22046332046332048
JS-12,16.9,8.1,9.7,0.9,116.0,1.514,1.511,1.323,0.012,0.016,0.009,0.002,1.2,5.648,6.71,1.62,토양-질소 기원,94.625,0.7926023778071334,3.7305151915455745,4.141975308641975,0.009070294784580499,0.23424220963172804
JS-13,17.6,7.9,9.7,1.2,119.0,2.221,2.208,1.794,0.103,0.177,0.153,0.148,2.0,8.168,10.07,4.31,생활하수/처리수 영향,12.548022598870057,0.9004952723998199,3.677622692480864,2.3364269141531326,0.05741360089186176,0.2196376101860921
JS-14,18.0,7.5,10.1,1.6,128.0,1.649,1.631,1.247,0.05,0.063,0.043,0.028,3.1,8.932,6.86,2.61,토양-질소 기원,26.174603174603174,1.879927228623408,5.416616130988478,2.6283524904214564,0.040096230954290296,0.13961038961038963
JS-15,17.2,6.7,9.0,1.2,126.0,2.016,1.989,1.618,0.058,0.138,0.112,0.108,2.1,8.207,9.47,5.39,생활하수/처리수 영향,14.608695652173912,1.0416666666666667,4.07093253968254,1.7569573283859001,0.03584672435105068,0.19714877543560375
JS-16,17.4,7.0,9.9,1.5,198.0,2.346,2.275,1.791,0.096,0.083,0.051,0.039,3.5,13.677,11.14,1.94,생활하수/처리수 영향,28.265060240963855,1.4919011082693947,5.829923273657289,5.742268041237113,0.05360134003350084,0.13094976968633473
JS-17,17.6,7.0,8.9,1.2,131.0,2.002,2.0,1.596,0.059,0.129,0.104,0.099,2.3,8.671,10.29,4.78,생활하수/처리수 영향,15.519379844961238,1.1488511488511488,4.3311688311688314,2.1527196652719662,0.03696741854636591,0.18406181524622306
JS-18,15.7,7.1,9.0,0.7,180.0,1.328,1.31,1.124,0.022,0.024,0.015,0.008,1.9,6.813,5.64,1.22,토양-질소 기원,55.333333333333336,1.4307228915662649,5.130271084337349,4.622950819672131,0.0195729537366548,0.16497871715837373
JS-19,17.9,7.2,9.4,1.4,136.0,1.739,1.695,1.352,0.042,0.095,0.061,0.056,2.2,9.034,10.58,3.54,생활하수/처리수 영향,18.30526315789474,1.2650948821161587,5.194939620471535,2.9887005649717513,0.03106508875739645,0.14965685189284925
JS-20,17.6,7.4,9.5,1.9,238.0,1.822,1.79,1.333,0.109,0.049,0.034,0.021,2.8,13.341,8.69,2.75,생활하수/처리수 영향,37.183673469387756,1.5367727771679471,7.322173435784851,3.1599999999999997,0.08177044261065267,0.09991754741023912
JS-21,17.9,7.2,9.5,2.4,189.0,2.207,2.137,1.596,0.195,0.1,0.055,0.046,3.1,13.156,9.78,3.68,생활하수/처리수 영향,22.069999999999997,1.4046216583597646,5.9610330765745365,2.657608695652174,0.12218045112781954,0.1213134691395561
JS-22,17.0,7.6,10.3,0.9,232.0,1.834,1.758,1.272,0.142,0.03,0.02,0.008,2.5,23.107,13.1,1.02,생활하수/처리수 영향,61.13333333333334,1.3631406761177753,12.599236641221372,12.84313725490196,0.11163522012578615,0.05504825377591206
JS-23,17.5,7.6,9.7,2.1,209.0,2.811,2.8,2.038,0.267,0.194,0.157,0.155,3.0,13.291,9.05,7.36,생활하수/처리수 영향,14.489690721649485,1.0672358591248665,4.728210601209534,1.2296195652173914,0.13101079489695783,0.1533368444812279
JS-24,17.8,7.7,10.4,2.4,207.0,3.351,3.326,2.571,0.183,0.268,0.215,0.213,4.0,11.592,8.14,7.11,생활하수/처리수 영향,12.503731343283581,1.1936735302894659,3.4592658907788723,1.1448663853727146,0.07117852975495916,0.22179089026915114
JS-25,17.6,7.6,9.7,0.6,202.0,2.496,2.485,1.857,0.198,0.13,0.095,0.089,3.0,12.569,9.05,5.2,생활하수/처리수 영향,19.2,1.2019230769230769,5.035657051282052,1.7403846153846154,0.10662358642972537,0.14774445063250854
JS-26,17.1,7.9,9.2,0.9,156.0,1.383,1.318,0.999,0.022,0.057,0.035,0.024,3.0,9.825,8.6,4.27,생활하수/처리수 영향,24.263157894736842,2.1691973969631237,7.104121475054229,2.0140515222482436,0.022022022022022022,0.10167938931297711
JS-27,16.3,7.5,12.4,0.9,225.0,4.922,4.81,4.231,0.057,2.13,2.08,2.051,4.8,10.353,8.96,8.98,생활하수/처리수 영향,2.310798122065728,0.9752133279154815,2.1034132466477042,0.9977728285077951,0.013471992436776176,0.40867381435332756
JS-28,16.8,8.4,10.4,1.0,268.0,3.502,3.497,3.082,0.036,0.052,0.03,0.019,2.7,16.773,10.22,3.58,생활하수/처리수 영향,67.34615384615384,0.7709880068532269,4.7895488292404345,2.8547486033519553,0.011680726800778715,0.18374768973946223
JS-29,18.1,8.7,11.9,3.7,164.0,1.662,1.54,1.163,0.04,0.074,0.024,0.01,4.0,10.894,10.5,7.16,생활하수/처리수 영향,22.45945945945946,2.406738868832732,6.554753309265945,1.4664804469273742,0.034393809114359415,0.10675601248393611
JS-30,13.9,5.6,6.4,0.4,179.0,2.088,2.084,1.855,0.018,0.031,0.017,0.015,1.5,10.669,14.01,3.85,생활하수/처리수 영향,67.35483870967742,0.7183908045977011,5.109674329501916,3.638961038961039,0.009703504043126684,0.17386821632767832
JS-31,17.9,6.5,8.6,1.2,200.0,2.216,2.194,1.799,0.029,0.087,0.056,0.052,2.5,12.52,10.41,4.92,생활하수/처리수 영향,25.471264367816097,1.1281588447653428,5.649819494584837,2.1158536585365852,0.016120066703724293,0.14369009584664535
JS-32,17.4,5.9,6.2,4.1,234.0,4.217,4.212,2.723,0.639,0.305,0.221,0.206,7.4,17.34,9.1,6.2,생활하수/처리수 영향,13.82622950819672,1.7548019919373965,4.111927910837088,1.4677419354838708,0.2346676459787,0.15703575547866205
JS-33,17.7,6.4,8.5,2.6,298.0,3.259,3.257,2.084,0.481,0.148,0.092,0.084,4.0,32.604,11.43,0.84,생활하수/처리수 영향,22.02027027027027,1.22737035900583,10.004295796256521,13.607142857142858,0.23080614203454894,0.06391853760274813
JS-34,18.4,6.7,8.9,1.0,199.0,2.184,2.178,1.747,0.026,0.083,0.049,0.038,2.6,12.784,10.5,5.06,생활하수/처리수 영향,26.313253012048193,1.1904761904761905,5.853479853479853,2.075098814229249,0.014882655981682884,0.13665519399249063
JS-35,19.9,6.9,9.4,2.4,340.0,4.735,4.723,3.686,0.152,0.236,0.141,0.127,6.1,25.895,12.62,5.42,생활하수/처리수 영향,20.0635593220339,1.2882787750791973,5.468848996832101,2.328413284132841,0.041237113402061855,0.1423440818690867
JS-36,20.1,7.7,10.3,1.6,210.0,2.422,2.41,1.969,0.027,0.094,0.055,0.045,3.0,14.714,10.89,4.53,생활하수/처리수 영향,25.765957446808514,1.2386457473162675,6.07514450867052,2.403973509933775,0.01371254443880142,0.13381813239092022
JS-20B,18.0,7.0,8.2,13.3,350.0,8.271,7.645,4.11,2.179,0.289,0.099,0.068,11.6,43.034,9.77,-1.17,생활하수/처리수 영향,28.619377162629764,1.4024906299117397,5.202998428243259,-8.350427350427351,0.5301703163017031,0.0955058790723614
JS-27(N),19.5,7.4,11.1,1.9,210.0,2.429,2.413,1.917,0.089,0.112,0.103,0.092,3.3,14.104,9.0,5.53,생활하수/처리수 영향,21.687499999999996,1.3585837793330588,5.806504734458625,1.6274864376130198,0.04642670839853938,0.13591888825865003
JS-1,14.8,7.7,10.1,1.6,96.0,1.215,1.169,1.0335,0.0195,0.045,0.0265,0.017,2.05,8.07,3.3,2.48,토양-질소 기원,27.000000000000004,1.6872427983539091,6.6419753086419755,1.3306451612903225,0.018867924528301886,0.12806691449814128
JS-2,16.1,7.3,9.7,1.7,67.0,1.272,1.2105,1.054,0.026,0.041,0.0165,0.0065,2.5,4.319,3.52,3.04,토양-질소 기원,31.024390243902438,1.9654088050314464,3.3954402515723268,1.1578947368421053,0.024667931688804552,0.24403797175272054
JS-3,15.5,6.9,10.0,1.5,75.0,1.277,1.1815,1.0505,0.033,0.044,0.016,0.008,2.4,5.5035,3.61,2.16,토양-질소 기원,29.022727272727273,1.879404855129209,4.309710258418168,1.671296296296296,0.031413612565445025,0.1908785318433724
JS-4,14.3,7.0,10.2,1.5,56.0,0.902,0.8845,0.7505,0.028,0.035,0.0145,0.008,2.0,3.9415,1.81,2.22,토양-질소 기원,25.77142857142857,2.2172949002217295,4.369733924611973,0.8153153153153153,0.03730846102598268,0.19040974248382594
JS-5,15.0,6.8,10.0,1.6,72.0,1.238,1.151,1.013,0.0265,0.056,0.017,0.008,2.4,5.265,3.85,2.26,토양-질소 기원,22.107142857142858,1.938610662358643,4.252827140549273,1.7035398230088497,0.026159921026653505,0.19240265906932572
JS-6,15.3,6.9,10.0,1.9,82.0,1.538,1.4595,1.2095,0.0785,0.072,0.0355,0.024,2.6,5.506,4.38,2.24,토양-질소 기원,21.361111111111114,1.6905071521456436,3.5799739921976594,1.9553571428571426,0.0649028524183547,0.2196694515074464
JS-7,14.9,6.7,10.0,1.3,75.0,1.295,1.2185,1.0905,0.0265,0.046,0.0205,0.011,2.2,5.4945,3.64,1.17,토양-질소 기원,28.152173913043477,1.698841698841699,4.242857142857144,3.1111111111111116,0.024300779458963778,0.19847119847119846
JS-8,15.2,7.7,10.2,1.1,82.0,1.923,1.8735,1.7475,0.0275,0.0965,0.081,0.079,1.3,6.0545,8.39,1.86,생활하수/처리수 영향,19.927461139896373,0.6760270410816432,3.1484659386375453,4.510752688172043,0.015736766809728183,0.28862829300520276
JS-9,15.7,7.4,10.2,1.5,81.0,1.62,1.495,1.3585,0.033,0.069,0.0415,0.036,2.1,5.779,5.99,1.63,토양-질소 기원,23.47826086956522,1.2962962962962963,3.5672839506172838,3.6748466257668717,0.024291497975708502,0.2350752725385015
JS-10,15.9,7.3,10.1,1.7,84.0,1.322,1.258,1.054,0.042,0.1325,0.1145,0.1075,2.4,7.6265,6.11,1.21,토양-질소 기원,9.977358490566038,1.815431164901664,5.768910741301059,5.049586776859504,0.03984819734345351,0.1382023208549138
JS-11,16.1,7.3,10.0,1.9,87.0,1.8785,1.723,1.5515,0.0505,0.1365,0.1035,0.1015,2.3,6.1515,8.26,1.58,생활하수/처리수 영향,13.761904761904761,1.2243811551770027,3.274687250465797,5.227848101265822,0.03254914598775379,0.2522149069332683
JS-12,16.8,7.3,9.6,1.2,94.0,2.0415,1.975,1.8055,0.019,0.0365,0.011,0.005,1.8,5.444,6.84,2.23,토양-질소 기원,55.93150684931508,0.881704628949302,2.6666666666666665,3.0672645739910314,0.010523400720022153,0.3316495224099927
JS-13,16.3,7.4,10.0,0.8,88.0,1.7505,1.673,1.5135,0.0375,0.071,0.0435,0.038,2.15,5.9805,6.5,1.95,토양-질소 기원,24.65492957746479,1.228220508426164,3.4164524421593834,3.3333333333333335,0.024777006937561942,0.25307248557812895
JS-14,17.0,7.4,10.0,0.9,114.0,2.333,2.1585,1.9815,0.0365,0.0795,0.056,0.047,3.0,7.519,5.18,2.31,토양-질소 기원,29.345911949685537,1.2858979854264894,3.2228889841405914,2.242424242424242,0.018420388594499116,0.2635323846256151
JS-15,16.1,7.1,9.9,1.0,99.0,1.878,1.7485,1.58,0.0485,0.074,0.047,0.0425,2.3,6.135,6.0,1.41,토양-질소 기원,25.37837837837838,1.2247071352502663,3.2667731629392973,4.25531914893617,0.03069620253164557,0.2575387123064385
JS-16,16.7,7.0,9.0,1.3,107.0,2.9265,2.699,2.454,0.037,0.0975,0.062,0.0495,4.55,9.322,7.27,1.99,토양-질소 기원,30.015384615384612,1.5547582436357423,3.185375021356569,3.6532663316582914,0.015077424612876934,0.2632482299935637
JS-17,16.0,7.2,9.9,1.0,119.0,1.941,1.831,1.6695,0.0425,0.0765,0.0505,0.0445,2.6,6.4095,6.14,1.89,토양-질소 기원,25.372549019607845,1.3395157135497167,3.3021638330757344,3.248677248677249,0.02545672356993112,0.2604727357828224
JS-18,18.0,6.9,9.0,1.0,190.0,1.225,1.129,0.9885,0.033,0.0325,0.013,0.0035,2.45,6.4025,5.11,2.8,토양-질소 기원,37.69230769230769,2.0,5.226530612244898,1.8250000000000002,0.03338391502276176,0.1543928153065209
JS-19,16.1,7.1,9.8,0.9,109.0,1.8375,1.705,1.545,0.0395,0.0715,0.0425,0.038,2.5,6.2245,5.9,1.97,토양-질소 기원,25.6993006993007,1.3605442176870748,3.387482993197279,2.9949238578680206,0.0255663430420712,0.2482127078480199
JS-20,16.3,7.1,10.0,1.2,156.0,2.3075,2.148,1.894,0.066,0.091,0.0585,0.0515,2.95,9.0535,6.79,2.69,토양-질소 기원,25.357142857142858,1.2784398699891657,3.9235102925243766,2.5241635687732344,0.03484688489968321,0.20920086154525874
JS-21,16.5,7.2,9.7,1.5,131.0,2.1985,1.9995,1.75,0.1,0.0965,0.053,0.046,2.95,7.925,6.79,2.49,토양-질소 기원,22.78238341968912,1.3418239708892428,3.6047304980668633,2.726907630522088,0.05714285714285715,0.22082018927444796
JS-22,15.9,7.2,10.3,1.6,145.0,2.4955,2.36,2.2445,0.0135,0.0455,0.0295,0.0245,2.4,12.603,5.7,-0.68,토양-질소 기원,54.84615384615385,0.9617311160088159,5.050290522941294,-8.382352941176471,0.00601470260637113,0.1780925176545267
JS-23,16.4,7.5,9.8,1.9,118.0,2.092,1.916,1.715,0.0635,0.088,0.0515,0.045,3.0,7.513,6.38,2.35,토양-질소 기원,23.772727272727273,1.4340344168260037,3.5913001912045885,2.7148936170212763,0.03702623906705539,0.2282709969386397
JS-24,17.1,7.3,9.8,2.3,150.0,2.3765,2.1875,1.848,0.0995,0.119,0.085,0.0805,4.15,8.8695,6.94,3.07,토양-질소 기원,19.97058823529412,1.746265516515885,3.732169156322323,2.260586319218241,0.053841991341991344,0.20835447319465583
JS-25,16.3,7.2,9.7,1.8,123.0,2.2115,2.0405,1.774,0.0755,0.1015,0.062,0.0535,3.3,7.851,6.37,2.46,토양-질소 기원,21.788177339901477,1.4921998643454668,3.550079131810988,2.589430894308943,0.04255918827508455,0.22595847662718124
JS-26,17.0,7.3,9.4,2.5,148.0,2.2235,1.9855,1.7365,0.0275,0.0895,0.049,0.0355,4.55,9.4835,7.54,2.41,토양-질소 기원,24.843575418994416,2.046323364065662,4.265122554531144,3.128630705394191,0.015836452634609848,0.18310750250434968
JS-27,18.6,7.9,10.7,1.8,147.0,3.867,3.7225,3.3975,0.044,0.312,0.303,0.295,5.25,9.4085,6.09,2.36,토양-질소 기원,12.39423076923077,1.3576415826221877,2.4330230152573056,2.580508474576271,0.012950699043414275,0.3611096349046075
JS-28,16.5,6.9,10.1,1.4,207.0,3.8155,3.649,3.4835,0.0275,0.0925,0.066,0.058,3.3,12.5825,6.6,2.39,토양-질소 기원,41.24864864864865,0.8648931987943912,3.297732931463766,2.7615062761506275,0.00789435912157313,0.27685277170673556
JS-29,17.1,7.0,9.0,1.8,111.0,2.14,1.9655,1.728,0.0825,0.0855,0.054,0.046,3.1,7.319,5.52,2.68,토양-질소 기원,25.029239766081872,1.4485981308411215,3.420093457943925,2.059701492537313,0.04774305555555556,0.23609782757207268
JS-30,16.1,7.3,9.4,1.9,133.0,2.9225,2.705,2.6195,0.02,0.0665,0.044,0.0385,3.05,7.9255,7.38,1.66,토양-질소 기원,43.94736842105263,1.0436270316509837,2.711890504704876,4.445783132530121,0.007635044855888529,0.3305154248943284
JS-31,16.7,6.7,9.3,2.0,126.0,2.24,2.022,1.8505,0.0795,0.091,0.0515,0.0465,3.05,7.5585,6.05,2.9,토양-질소 기원,24.615384615384617,1.3616071428571426,3.374330357142857,2.086206896551724,0.0429613617941097,0.24482370840775286
JS-32,15.8,6.5,8.7,2.4,153.0,2.6805,2.4795,2.1645,0.114,0.16,0.116,0.1145,3.9,10.244,7.74,3.22,토양-질소 기원,16.753124999999997,1.4549524342473419,3.821675060623018,2.403726708074534,0.052668052668052676,0.2112944162436548
JS-33,17.4,6.5,9.4,2.7,215.0,2.974,2.633,2.0625,0.2495,0.1675,0.0685,0.059,4.7,19.0315,8.07,2.42,생활하수/처리수 영향,17.755223880597015,1.5803631472763955,6.399293880295898,3.334710743801653,0.12096969696969696,0.10837296061792291
JS-34,17.0,6.5,9.5,1.7,126.0,2.2425,2.036,1.847,0.065,0.0925,0.056,0.047,3.25,7.6335,6.09,2.94,토양-질소 기원,24.243243243243246,1.4492753623188406,3.4040133779264212,2.0714285714285716,0.03519220357336221,0.2419597825374992
JS-35,19.9,7.9,9.7,2.9,163.0,2.262,1.985,1.6175,0.07,0.191,0.1055,0.094,5.2,10.0415,7.3,3.37,토양-질소 기원,11.842931937172775,2.2988505747126435,4.439213085764809,2.166172106824926,0.04327666151468316,0.16108151172633572
JS-36,17.5,7.1,9.4,1.9,131.0,2.3185,2.0855,1.8785,0.0805,0.1035,0.0575,0.052,3.3,8.1045,6.22,2.95,토양-질소 기원,22.400966183574877,1.4233340521889153,3.4955790381712317,2.108474576271186,0.042853340431195104,0.23178481090752054
JS-20B,17.6,6.9,8.5,12.1,313.0,9.9175,8.0695,3.928,3.587,0.8,0.2855,0.272,14.36666667,33.9405,11.48,0.36,생활하수/처리수 영향,12.396875,1.4486177635492816,3.422283841693975,31.888888888888893,0.9131873727087577,0.11573194266436852
JS-1,19.0,8.1,9.3,1.8,167.0,1.321,1.199,0.744,0.089,0.072,0.039,0.022,3.7,14.886,7.07,-0.39,토양-질소 기원,18.34722222222222,2.8009084027252085,11.268735806207419,-18.128205128205128,0.11962365591397849,0.049979846835953246
JS-2,19.5,7.7,8.3,1.8,92.0,1.074,0.947,0.646,0.064,0.071,0.023,0.01,3.3,5.449,6.27,2.06,토양-질소 기원,15.126760563380284,3.072625698324022,5.073556797020483,3.0436893203883493,0.09907120743034056,0.11855386309414573
JS-3,19.8,7.0,9.4,2.3,114.0,1.394,1.18,0.715,0.088,0.122,0.042,0.025,4.2,7.913,7.17,1.43,토양-질소 기원,11.426229508196721,3.0129124820659974,5.676470588235294,5.013986013986014,0.12307692307692307,0.0903576393276886
JS-4,18.8,7.1,9.3,2.2,109.0,2.811,2.741,0.716,1.015,0.07,0.037,0.027,3.5,7.22,-1.51,-4.58,토양-질소 기원,40.15714285714285,1.2451085023123445,2.568480967627179,0.3296943231441048,1.4175977653631284,0.09916897506925208
JS-5,19.9,6.8,7.9,2.6,122.0,1.637,1.494,0.775,0.246,0.127,0.052,0.04,4.3,8.826,5.73,1.85,토양-질소 기원,12.88976377952756,2.626756261453879,5.391569945021381,3.097297297297297,0.31741935483870964,0.08780874688420576
JS-6,19.8,7.1,9.0,2.8,105.0,1.174,1.009,0.562,0.095,0.086,0.029,0.017,4.3,6.492,5.15,1.12,토양-질소 기원,13.651162790697676,3.6626916524701874,5.529812606473595,4.598214285714286,0.1690391459074733,0.08656808379544055
JS-7,19.7,7.1,8.1,2.2,126.0,1.532,1.367,0.73,0.172,0.089,0.038,0.024,4.5,8.982,5.49,0.44,토양-질소 기원,17.213483146067418,2.93733681462141,5.862924281984333,12.477272727272728,0.23561643835616436,0.08127365842796705
JS-8,18.8,7.2,9.1,1.8,132.0,2.538,2.461,1.764,0.114,0.225,0.179,0.176,3.7,9.257,9.11,7.68,생활하수/처리수 영향,11.28,1.4578408195429473,3.6473601260835307,1.1861979166666667,0.06462585034013606,0.19055849627309066
JS-9,20.5,7.5,8.8,2.4,125.0,1.64,1.508,0.949,0.127,0.114,0.061,0.051,4.2,9.453,8.7,4.07,생활하수/처리수 영향,14.3859649122807,2.5609756097560976,5.764024390243902,2.1375921375921374,0.13382507903055849,0.10039141013434888
JS-10,22.3,7.2,11.5,1.7,197.0,2.169,2.051,1.521,0.093,0.136,0.089,0.081,4.4,17.413,10.93,1.68,생활하수/처리수 영향,15.948529411764705,2.0285846011987094,8.028123559243891,6.505952380952381,0.0611439842209073,0.08734853270544994
JS-11,21.5,7.5,8.4,2.4,155.0,2.629,2.474,1.498,0.288,0.217,0.145,0.143,5.2,11.307,8.42,4.56,생활하수/처리수 영향,12.11520737327189,1.9779383796120198,4.300874857360213,1.8464912280701755,0.19225634178905204,0.1324843017599717
JS-12,21.6,7.6,9.0,2.0,120.0,1.687,1.495,1.019,0.201,0.084,0.023,0.016,3.2,6.702,5.75,1.47,토양-질소 기원,20.083333333333332,1.8968583283935982,3.9727326615293417,3.9115646258503403,0.19725220804710503,0.1520441659206207
JS-13,21.7,8.1,10.2,1.4,141.0,2.039,1.932,1.354,0.086,0.128,0.087,0.086,4.1,9.469,8.01,4.0,생활하수/처리수 영향,15.9296875,2.010789602746444,4.643943109367337,2.0025,0.06351550960118167,0.14299292427922697
JS-14,21.9,7.6,8.5,2.0,193.0,1.016,0.918,0.298,0.135,0.141,0.102,0.096,4.9,12.946,8.84,2.7,생활하수/처리수 영향,7.205673758865249,4.822834645669292,12.742125984251969,3.2740740740740737,0.453020134228188,0.023018693032596942
JS-15,21.1,7.2,7.7,1.4,161.0,1.871,1.79,1.24,0.068,0.13,0.09,0.088,4.5,10.392,8.58,6.7,생활하수/처리수 영향,14.392307692307691,2.405130946018172,5.554249064671298,1.2805970149253731,0.054838709677419356,0.11932255581216321
JS-16,21.5,7.1,6.9,5.7,215.0,5.901,2.296,0.787,0.616,3.635,0.365,0.324,36.7,18.959,7.21,4.17,조류증식(현장발생),1.6233837689133426,6.219284866971701,3.212845280460939,1.7290167865707435,0.7827191867852604,0.041510628197689754
JS-17,21.3,7.1,7.6,1.7,171.0,2.054,1.905,1.276,0.135,0.191,0.11,0.107,4.9,11.357,9.04,6.43,생활하수/처리수 영향,10.753926701570679,2.385589094449854,5.52921129503408,1.405909797822706,0.10579937304075236,0.11235361451087436
JS-18,18.2,7.2,7.9,1.0,237.0,0.954,0.911,0.754,0.027,0.032,0.012,0.011,1.6,7.422,8.87,1.45,생활하수/처리수 영향,29.812499999999996,1.6771488469601679,7.779874213836478,6.117241379310345,0.03580901856763926,0.10158986796011857
JS-19,22.8,7.9,10.1,3.3,184.0,1.624,1.403,0.978,0.026,0.122,0.058,0.055,4.4,11.257,10.48,6.58,생활하수/처리수 영향,13.311475409836067,2.70935960591133,6.931650246305418,1.5927051671732524,0.026584867075664622,0.08687927511770455
JS-20,23.1,7.8,9.4,4.4,274.0,2.407,2.05,0.922,0.342,0.159,0.055,0.038,6.1,19.378,8.19,3.22,생활하수/처리수 영향,15.138364779874214,2.534275031159119,8.050685500623182,2.543478260869565,0.37093275488069416,0.047579729590257
JS-21,22.7,7.5,9.5,3.1,238.0,2.5,2.288,1.442,0.239,0.139,0.074,0.063,5.3,17.664,9.77,3.74,생활하수/처리수 영향,17.985611510791365,2.12,7.065600000000001,2.6122994652406413,0.16574202496532595,0.08163496376811594
JS-22,22.0,7.3,7.4,2.4,293.0,2.439,2.373,1.303,0.426,0.04,0.022,0.014,3.0,31.676,20.17,-2.1,생활하수/처리수 영향,60.975,1.2300123001230012,12.987289872898728,-9.604761904761904,0.3269378357636224,0.04113524434903397
JS-23,23.7,7.6,9.4,4.9,235.0,2.744,2.46,1.367,0.351,0.247,0.146,0.143,6.4,16.898,8.17,6.16,생활하수/처리수 영향,11.10931174089069,2.3323615160349855,6.158163265306122,1.3262987012987013,0.2567666422823701,0.08089714759143093
JS-24,23.5,7.3,11.1,3.9,299.0,3.026,2.823,1.01,0.585,0.411,0.309,0.304,9.8,21.699,7.7,4.89,토양-질소 기원,7.362530413625304,3.2385988103106413,7.170852610707205,1.5746421267893662,0.5792079207920792,0.04654592377528918
JS-25,21.9,7.4,8.9,3.4,236.0,2.424,2.202,1.243,0.254,0.196,0.127,0.121,6.1,17.049,8.69,5.16,생활하수/처리수 영향,12.36734693877551,2.5165016501650164,7.033415841584159,1.6841085271317828,0.20434432823813353,0.07290750190627017
JS-26,19.4,7.3,8.9,2.6,201.0,2.21,2.008,1.009,0.393,0.275,0.209,0.207,6.2,13.187,8.49,2.58,생활하수/처리수 영향,8.036363636363635,2.805429864253394,5.966968325791855,3.2906976744186047,0.3894945490584738,0.07651474937438386
JS-27,23.1,7.5,9.8,2.8,245.0,2.401,2.239,1.518,0.142,0.188,0.12,0.115,5.9,18.26,9.24,6.7,생활하수/처리수 영향,12.77127659574468,2.457309454394003,7.605164514785507,1.3791044776119403,0.09354413702239789,0.08313253012048193
JS-28,20.1,7.4,10.3,1.2,227.0,1.838,1.714,1.262,0.04,0.065,0.03,0.021,4.4,15.658,9.46,3.75,생활하수/처리수 영향,28.276923076923076,2.393906420021763,8.51904243743199,2.522666666666667,0.03169572107765452,0.08059777749393282
JS-29,22.7,8.4,10.2,4.1,228.0,2.28,1.86,1.264,0.079,0.185,0.097,0.091,5.7,16.598,10.51,9.89,생활하수/처리수 영향,12.324324324324323,2.5000000000000004,7.279824561403509,1.0626895854398382,0.0625,0.0761537534642728
JS-30,18.1,7.3,7.4,0.5,179.0,0.537,0.459,0.308,0.023,0.037,0.015,0.013,1.9,9.873,15.24,5.65,생활하수/처리수 영향,14.513513513513516,3.5381750465549344,18.385474860335194,2.697345132743363,0.07467532467532467,0.03119619163374861
JS-31,22.9,8.8,9.6,2.5,228.0,1.618,1.39,0.922,0.045,0.117,0.064,0.061,4.8,14.955,12.19,9.81,탈질작용(기원변형),13.82905982905983,2.9666254635352285,9.242892459826946,1.2426095820591232,0.048806941431670275,0.06165162153126045
JS-32,20.3,7.6,5.2,2.0,248.0,1.907,1.687,0.971,0.175,0.209,0.105,0.104,5.6,16.131,10.33,3.47,생활하수/처리수 영향,9.124401913875598,2.936549554273728,8.45883586785527,2.9769452449567724,0.18022657054582902,0.06019465625193726
JS-33,22.5,7.8,9.2,5.2,348.0,4.297,4.031,2.319,0.456,0.217,0.087,0.078,7.6,42.347,10.06,1.24,생활하수/처리수 영향,19.80184331797235,1.7686758203397719,9.855015126832676,8.112903225806452,0.19663648124191463,0.05476184853708645
JS-34,23.1,8.9,9.8,3.6,227.0,1.523,1.185,0.681,0.062,0.128,0.049,0.038,4.5,15.736,12.27,6.77,생활하수/처리수 영향,11.898437499999998,2.9546946815495736,10.332239001969798,1.812407680945347,0.0910425844346549,0.04327656329435689
JS-35,22.1,7.7,8.2,2.6,285.0,2.65,2.415,1.042,0.21,0.236,0.078,0.067,8.9,21.312,7.56,1.72,토양-질소 기원,11.228813559322035,3.358490566037736,8.042264150943398,4.395348837209302,0.20153550863723607,0.04889264264264264
JS-36,22.6,8.3,9.1,3.0,252.0,2.226,1.946,1.245,0.056,0.168,0.068,0.062,6.0,18.326,11.08,3.28,생활하수/처리수 영향,13.249999999999998,2.6954177897574123,8.232704402515724,3.378048780487805,0.044979919678714855,0.06793626541525702
JS-16U,22.0,7.2,7.6,0.099,262.0,0.27027,1.178,0.47,0.004510840881348845,0.01188,0.039,0.032,0.9883122888824678,20.737,9.83,-1.54,생활하수/처리수 영향,1.6071499312242092,0.2367249340369393,0.6579072818718565,-6.383116883116883,0.0025240078184753973,0.022664802044654483
JS-16S,22.1,6.9,6.9,0.099,211.0,0.27027,2.499,0.82,0.004906890870706883,0.01188,0.488,0.438,0.99,18.175,13.13,3.23,생활하수/처리수 영향,1.6071499312242092,0.2367249340369393,0.6579072818718565,4.065015479876161,0.0025240078184753973,0.04511691884456671
JS-20B,21.4,7.4,7.8,12.8,352.0,7.441,6.326,3.641,1.996,0.429,0.115,0.103,8.9,40.943,-1.4949,-4.5342,화학비료(농경지),17.344988344988344,1.196075796263943,5.502351834430856,-1082.07,0.5482010436693217,0.08892851036807269
GW-1,7.128,0.099,3.069,0.099,55.44,0.27027,22.006,21.282,0.005264553358063489,0.01188,0.112,0.109,0.99,39.961,6.83,3.8,토양-질소 기원,1.6071499312242092,0.2367249340369393,0.6579072818718565,1.7973684210526317,0.0025240078184753973,0.532569255023648
JS-1,23.1,7.6,8.5,3.1,203.0,2.637,2.628,0.788,1.464,0.39,0.297,0.284,5.4,17.975,3.98,-0.49,토양-질소 기원,6.7615384615384615,2.0477815699658706,6.816458096321578,-8.122448979591837,1.8578680203045683,0.04383866481223922
JS-2,23.6,7.3,7.2,1.2,99.0,1.027,0.89,0.62,0.038,0.065,0.027,0.014,3.4,6.001,7.05,2.16,토양-질소 기원,15.799999999999999,3.3106134371957157,5.843232716650439,3.2638888888888884,0.06129032258064516,0.10331611398100315
JS-3,23.4,7.2,9.5,1.8,124.0,1.202,1.041,0.638,0.081,0.083,0.039,0.026,4.1,9.358,7.81,2.87,토양-질소 기원,14.481927710843372,3.4109816971713807,7.785357737104826,2.7212543554006965,0.12695924764890282,0.06817696088907886
JS-4,22.3,7.3,8.3,1.5,97.0,1.146,1.023,0.614,0.077,0.067,0.035,0.022,4.0,6.191,7.62,0.31,토양-질소 기원,17.104477611940297,3.490401396160559,5.402268760907504,24.580645161290324,0.1254071661237785,0.09917622355031497
JS-5,23.9,7.1,7.2,1.5,129.0,1.486,1.385,0.868,0.157,0.088,0.049,0.04,4.0,9.617,7.23,4.27,토양-질소 기원,16.886363636363637,2.6917900403768504,6.471736204576044,1.6932084309133493,0.18087557603686635,0.09025683685140895
JS-6,24.9,7.3,7.9,3.9,134.0,1.85,1.719,0.647,0.42,0.095,0.039,0.02,6.7,8.333,5.52,-1.41,토양-질소 기원,19.473684210526315,3.6216216216216215,4.504324324324324,-3.9148936170212765,0.6491499227202473,0.07764310572422897
JS-7,24.0,7.1,6.9,1.5,128.0,1.551,1.41,0.892,0.08,0.064,0.031,0.019,4.2,9.595,7.76,2.1,토양-질소 기원,24.234375,2.7079303675048356,6.186331399097357,3.695238095238095,0.08968609865470852,0.09296508598228244
JS-8,23.7,6.6,5.7,1.3,175.0,2.595,2.532,1.927,0.104,0.153,0.108,0.104,4.7,12.201,9.16,13.54,생활하수/처리수 영향,16.96078431372549,1.8111753371868977,4.701734104046243,0.6765140324963073,0.05396990140114167,0.1579378739447586
JS-9,25.8,8.3,12.5,4.5,133.0,1.553,1.177,0.737,0.039,0.106,0.023,0.004,5.8,10.811,9.05,7.58,생활하수/처리수 영향,14.650943396226415,3.734707018673535,6.961365099806826,1.1939313984168867,0.052917232021709636,0.06817130700212747
JS-10,25.5,7.5,8.7,2.3,235.0,2.036,1.889,1.132,0.156,0.146,0.094,0.087,5.9,24.848,11.99,4.31,생활하수/처리수 영향,13.945205479452056,2.8978388998035363,12.204322200392927,2.7819025522041767,0.13780918727915195,0.04555698647778493
JS-11,25.5,7.3,8.3,2.6,174.0,2.899,2.688,1.961,0.071,0.195,0.114,0.109,6.5,12.449,5.98,9.96,토양-질소 기원,14.866666666666667,2.242152466367713,4.294239392894101,0.6004016064257028,0.036206017338092804,0.15752269258574986
JS-12,23.9,7.5,8.7,1.2,109.0,1.097,0.993,0.773,0.019,0.033,0.008,0.002,2.6,5.788,5.91,4.4,토양-질소 기원,33.24242424242424,2.3701002734731085,5.276207839562443,1.343181818181818,0.024579560155239325,0.1335521769177609
JS-13,24.7,7.4,9.5,1.2,146.0,1.852,1.757,1.267,0.053,0.114,0.082,0.078,4.2,9.723,7.97,6.34,토양-질소 기원,16.24561403508772,2.2678185745140387,5.25,1.2570977917981072,0.041831097079715863,0.13030957523398126
JS-14,25.0,7.2,7.1,4.0,274.0,2.823,2.59,0.709,0.55,0.422,0.258,0.22,13.5,22.032,8.32,3.18,생활하수/처리수 영향,6.68957345971564,4.782146652497343,7.804463336875664,2.6163522012578615,0.7757404795486602,0.03218046477850399
JS-15,24.8,7.1,7.4,3.3,235.0,2.487,2.3,1.272,0.222,0.241,0.15,0.132,8.4,16.137,8.88,7.56,생활하수/처리수 영향,10.319502074688797,3.3775633293124248,6.48854041013269,1.1746031746031749,0.17452830188679244,0.07882506042015244
JS-16,24.7,7.1,7.4,3.5,245.0,1.878,1.723,0.5,0.162,0.175,0.104,0.073,10.5,18.211,6.38,1.42,내생부하(정체수역 유기물 축적),10.731428571428571,5.5910543130990416,9.697018104366347,4.492957746478873,0.324,0.027455933227170395
JS-17,24.7,7.1,6.9,3.3,215.0,2.548,2.199,1.209,0.175,0.271,0.164,0.146,8.9,16.762,9.25,5.33,생활하수/처리수 영향,9.402214022140221,3.4929356357927785,6.578492935635793,1.7354596622889304,0.14474772539288666,0.07212743109414152
JS-18,20.0,7.2,7.7,0.5,237.0,0.942,0.839,0.691,0.036,0.028,0.01,0.007,1.8,7.748,8.56,2.98,생활하수/처리수 영향,33.64285714285714,1.9108280254777072,8.225053078556265,2.8724832214765104,0.05209840810419682,0.08918430562725864
JS-19,27.2,8.1,9.7,4.3,212.0,1.772,1.426,0.755,0.036,0.155,0.058,0.039,7.6,14.92,10.05,6.47,생활하수/처리수 영향,11.432258064516128,4.288939051918736,8.419864559819413,1.5533230293663063,0.04768211920529801,0.05060321715817694
JS-20,27.4,7.5,8.2,2.2,300.0,2.258,2.05,1.297,0.111,0.15,0.079,0.069,6.3,20.54,5.16,10.28,토양-질소 기원,15.053333333333335,2.7900797165633304,9.096545615589017,0.5019455252918288,0.08558211256746338,0.06314508276533592
JS-21,27.2,7.5,8.6,2.7,274.0,2.843,2.594,1.724,0.211,0.152,0.082,0.07,6.7,23.191,9.02,2.76,생활하수/처리수 영향,18.70394736842105,2.3566654941962715,8.15722827998593,3.268115942028986,0.12238979118329466,0.07433918330386788
JS-22,25.1,7.7,8.1,1.1,337.0,1.104,0.965,0.616,0.026,0.045,0.024,0.016,3.3,45.976,19.38,3.14,생활하수/처리수 영향,24.533333333333335,2.9891304347826084,41.64492753623188,6.171974522292993,0.04220779220779221,0.013398294762484775
JS-23,27.1,8.5,9.2,4.2,265.0,2.631,2.266,1.413,0.055,0.235,0.113,0.099,8.8,21.857,8.26,5.61,생활하수/처리수 영향,11.195744680851064,3.3447358418852153,8.307487647282402,1.4723707664884134,0.0389242745930644,0.0646474813560873
JS-24,27.1,7.7,8.8,3.2,294.0,2.604,2.423,1.017,0.112,0.172,0.116,0.09,11.5,23.463,7.89,0.1,토양-질소 기원,15.139534883720932,4.416282642089094,9.01036866359447,78.89999999999999,0.11012782694198625,0.043344840813195236
JS-25,25.7,7.8,7.8,4.1,273.0,2.496,2.125,1.26,0.027,0.232,0.102,0.087,9.2,22.177,8.49,5.03,생활하수/처리수 영향,10.758620689655173,3.6858974358974357,8.885016025641026,1.687872763419483,0.02142857142857143,0.05681561978626505
JS-26,24.6,7.5,7.8,5.8,295.0,3.501,3.133,0.759,0.705,0.611,0.315,0.244,17.1,26.889,8.32,2.76,생활하수/처리수 영향,5.729950900163666,4.884318766066839,7.680377035132819,3.014492753623189,0.9288537549407114,0.028227156086131876
JS-27,26.0,7.4,8.6,3.2,286.0,2.924,2.615,1.688,0.082,0.239,0.155,0.142,9.0,22.591,7.37,8.71,토양-질소 기원,12.234309623430963,3.0779753761969904,7.726060191518468,0.846153846153846,0.0485781990521327,0.0747200212473994
JS-28,25.5,7.0,7.9,4.8,238.0,3.722,3.465,0.945,0.616,0.149,0.056,0.033,9.5,18.575,4.73,1.03,토양-질소 기원,24.979865771812083,2.5523911875335843,4.990596453519613,4.592233009708738,0.6518518518518519,0.05087483176312248
JS-29,27.7,9.1,13.1,4.8,254.0,1.964,1.544,0.797,0.026,0.123,0.045,0.024,8.0,20.748,11.11,8.88,탈질작용(기원변형),15.967479674796747,4.0733197556008145,10.564154786150713,1.251126126126126,0.03262233375156838,0.038413341044919995
JS-30,22.3,7.1,7.1,1.3,179.0,0.433,0.238,0.122,0.012,0.05,0.018,0.015,2.6,11.715,9.15,5.78,생활하수/처리수 영향,8.66,6.004618937644342,27.0554272517321,1.5830449826989619,0.09836065573770492,0.010413999146393512
JS-31,28.0,9.1,13.0,6.2,256.0,1.963,1.454,0.753,0.03,0.149,0.047,0.032,8.4,20.995,11.59,8.86,탈질작용(기원변형),13.174496644295303,4.279164544065206,10.695364238410596,1.3081264108352144,0.0398406374501992,0.035865682305310786
JS-32,26.4,7.3,3.1,3.2,285.0,2.111,1.795,0.342,0.74,0.328,0.132,0.128,7.7,20.811,12.06,4.85,생활하수/처리수 영향,6.435975609756098,3.6475603979156794,9.85836096636665,2.4865979381443304,2.1637426900584793,0.01643361683724953
JS-33,27.0,8.0,8.4,4.4,315.0,2.706,2.262,1.378,0.081,0.159,0.055,0.039,9.2,37.981,9.63,2.5,생활하수/처리수 영향,17.0188679245283,3.399852180339985,14.035846267553586,3.8520000000000003,0.05878084179970973,0.03628129854400884
JS-34,27.3,9.1,12.9,5.8,271.0,2.267,1.658,0.902,0.047,0.161,0.041,0.021,8.8,23.801,11.8,8.14,탈질작용(기원변형),14.080745341614906,3.8817820908689904,10.498897220996913,1.4496314496314495,0.052106430155210645,0.03789756732910382
JS-35,25.0,7.4,6.9,2.6,281.0,2.358,2.032,1.18,0.053,0.168,0.086,0.075,9.3,25.395,8.84,3.22,생활하수/처리수 영향,14.035714285714285,3.944020356234097,10.76972010178117,2.745341614906832,0.044915254237288135,0.04646583973223075
JS-36,25.5,7.5,8.0,2.6,285.0,2.617,2.177,1.465,0.03,0.186,0.086,0.08,8.9,25.149,10.72,4.22,생활하수/처리수 영향,14.06989247311828,3.400840657241116,9.609858616736721,2.540284360189574,0.020477815699658702,0.05825281323313054
JS-20B,23.5,7.3,7.3,11.2,365.0,6.787,6.013,3.526,1.925,0.423,0.123,0.098,10.0,44.474,8.12,-0.73,생활하수/처리수 영향,16.044917257683217,1.4734050390452336,6.552821570649771,-11.123287671232877,0.5459444129325015,0.07928227728560508
JS-22B,24.2,7.5,8.1,0.1,473.0,2.022,1.793,1.336,0.043,0.042,0.014,0.003,3.5,73.1,21.7,4.57,축산분뇨(직접유출),48.14285714285713,1.7309594460929774,36.15232443125618,4.7483588621444195,0.03218562874251497,0.018276333789329687
JS-26S,26.1,7.8,7.3,0.099,558.0,0.27027,6.843,0.442,0.0027845340896320786,0.009914743497991145,0.913,0.707,0.7785541261604968,56.443,5.11,4.53,토양-질소 기원,1.6071499312242092,0.2367249340369393,0.6579072818718565,1.1280353200883002,0.0016290474863320066,0.007830909058696385
JS-35B,7.128,0.099,3.069,18.1,46.805710847571454,13.017,11.968,4.731,6.573,0.885,0.494,0.49,17.6,70.017,-1.4949,-4.5342,화학비료(농경지),14.708474576271186,1.3520780517784436,5.378889144964277,-1082.07,1.3893468611287256,0.0675693045974549
GW-2,7.128,0.099,3.069,0.099,51.334634715816335,0.27027,23.439,23.021,0.00351597841864608,0.011720935963927502,0.53,0.526,0.8737376089356407,43.309,-1.4949,-4.5342,토양-질소 기원,1.6071499312242092,0.2367249340369393,0.6579072818718565,-1082.07,0.0021013681768295702,0.5315523332332772
GW-3,7.128,0.099,3.069,0.099,55.44,0.27027,19.186,0.10296,0.0040589899663642124,0.01188,0.006,0.003,0.9380487628744646,2.0334113302730463,-1.4949,-4.5342,토양-질소 기원,1.6071499312242092,0.2367249340369393,0.6579072818718565,-1082.07,0.0024580169383845592,0.006804961181594395
JS-1,22.4,7.5,9.2,1.2,129.0,0.88,0.757,0.48,0.054,0.098,0.055,0.044,3.5,10.197,6.12,1.97,토양-질소 기원,8.979591836734693,3.977272727272727,11.587499999999999,3.1065989847715736,0.1125,0.047072668431891736
JS-2,23.5,7.3,8.5,1.1,110.0,1.412,1.298,0.954,0.073,0.05,0.028,0.014,3.5,6.036,6.55,1.17,토양-질소 기원,28.24,2.4787535410764874,4.2747875354107645,5.598290598290599,0.07651991614255765,0.15805168986083498
JS-3,23.8,7.4,9.4,1.0,126.0,1.192,1.049,0.744,0.066,0.078,0.038,0.028,3.4,9.049,7.43,2.73,토양-질소 기원,15.282051282051281,2.8523489932885906,7.591442953020134,2.7216117216117217,0.08870967741935484,0.08221902972704166
JS-4,23.2,7.5,9.1,0.8,83.0,0.816,0.706,0.49,0.065,0.043,0.022,0.011,2.8,4.844,6.53,0.43,토양-질소 기원,18.976744186046513,3.4313725490196076,5.936274509803923,15.186046511627907,0.1326530612244898,0.10115606936416184
JS-5,22.8,7.2,7.8,1.1,126.0,1.326,1.18,0.821,0.124,0.102,0.061,0.055,3.7,8.915,7.01,3.91,토양-질소 기원,13.000000000000002,2.7903469079939667,6.7232277526395166,1.7928388746803068,0.1510353227771011,0.09209197980931015
JS-6,23.0,7.4,9.0,1.5,103.0,1.056,0.919,0.537,0.104,0.097,0.054,0.041,4.2,5.869,6.21,-0.51,토양-질소 기원,10.88659793814433,3.977272727272727,5.557765151515151,-12.176470588235293,0.19366852886405958,0.0914976997784972
JS-7,23.2,7.1,8.2,1.0,116.0,1.136,1.044,0.712,0.065,0.071,0.043,0.032,3.5,7.92,7.7,2.04,토양-질소 기원,16.0,3.080985915492958,6.971830985915494,3.7745098039215685,0.09129213483146068,0.0898989898989899
JS-8,22.0,6.7,6.4,0.9,148.0,2.622,2.459,2.182,0.094,0.267,0.221,0.218,2.7,9.751,10.48,12.49,생활하수/처리수 영향,9.820224719101123,1.0297482837528604,3.718916857360793,0.8390712570056045,0.043079743354720444,0.22377192082863298
JS-9,24.6,6.9,7.4,1.2,122.0,1.584,1.418,0.932,0.179,0.132,0.089,0.08,4.2,8.236,8.81,4.87,생활하수/처리수 영향,12.0,2.6515151515151514,5.19949494949495,1.809034907597536,0.19206008583690987,0.1131617289946576
JS-10,23.4,7.1,8.7,2.2,223.0,2.309,2.129,1.11,0.419,0.182,0.11,0.104,6.6,18.408,10.86,1.1,생활하수/처리수 영향,12.686813186813188,2.8583802511909915,7.972282373321784,9.872727272727271,0.37747747747747745,0.06029986962190352
JS-11,24.0,7.2,7.5,1.6,150.0,2.404,2.198,1.555,0.196,0.236,0.151,0.145,5.1,9.449,7.56,5.75,토양-질소 기원,10.186440677966102,2.1214642262895174,3.930532445923461,1.314782608695652,0.12604501607717042,0.16456767911948353
JS-12,24.0,7.3,8.6,0.7,201.0,1.234,1.134,0.921,0.073,0.042,0.022,0.015,2.2,7.29,8.78,2.46,생활하수/처리수 영향,29.38095238095238,1.7828200972447328,5.907617504051864,3.5691056910569103,0.07926167209554831,0.12633744855967077
JS-13,24.3,7.3,8.8,1.0,149.0,2.008,1.883,1.404,0.088,0.168,0.131,0.128,4.6,9.193,9.63,3.12,생활하수/처리수 영향,11.952380952380953,2.290836653386454,4.578187250996016,3.0865384615384617,0.06267806267806268,0.152724899379963
JS-14,24.2,7.2,6.9,4.9,263.0,3.263,2.865,0.491,1.342,0.895,0.598,0.593,12.3,16.838,5.39,-2.71,토양-질소 기원,3.6458100558659217,3.7695372356726944,5.1602819491265715,-1.988929889298893,2.7331975560081467,0.029160232806746643
JS-15,24.2,7.0,6.4,1.4,164.0,1.999,1.791,1.088,0.204,0.245,0.167,0.164,6.1,10.6,9.68,3.41,생활하수/처리수 영향,8.15918367346939,3.0515257628814405,5.302651325662831,2.8387096774193545,0.18749999999999997,0.10264150943396227
JS-16,23.5,7.1,6.7,4.9,213.0,2.784,2.479,0.761,0.797,0.229,0.131,0.114,9.2,12.163,4.48,-3.74,토양-질소 기원,12.15720524017467,3.3045977011494254,4.36889367816092,-1.197860962566845,1.0473061760840998,0.06256680095371207
JS-17,23.9,7.1,6.0,2.0,173.0,2.239,1.992,1.128,0.295,0.243,0.161,0.159,6.7,11.32,9.07,1.86,생활하수/처리수 영향,9.213991769547325,2.9924073246985263,5.055828494863779,4.876344086021505,0.26152482269503546,0.09964664310954062
JS-18,20.6,7.2,7.5,0.3,228.0,0.754,0.684,0.567,0.02,0.02,0.01,0.005,2.0,7.141,8.57,2.31,생활하수/처리수 영향,37.7,2.6525198938992043,9.47082228116711,3.70995670995671,0.035273368606701945,0.07940064416748353
JS-19,24.1,7.2,8.4,1.5,180.0,1.7,1.502,0.874,0.187,0.148,0.083,0.079,5.7,11.026,8.5,4.31,생활하수/처리수 영향,11.486486486486486,3.3529411764705883,6.485882352941177,1.97215777262181,0.2139588100686499,0.07926718664973699
JS-20,24.9,7.3,7.6,1.6,281.0,1.761,1.569,0.858,0.273,0.113,0.06,0.051,5.6,15.479,7.82,2.5,토양-질소 기원,15.584070796460175,3.1800113571834183,8.789892106757524,3.128,0.31818181818181823,0.05542993733445313
JS-21,24.7,7.2,6.9,2.4,264.0,3.212,2.957,1.977,0.569,0.184,0.099,0.094,5.9,19.633,8.67,2.59,생활하수/처리수 영향,17.456521739130437,1.8368617683686177,6.11239103362391,3.3474903474903477,0.2878098128477491,0.10069780471654868
JS-22,23.8,7.7,7.8,0.7,312.0,1.055,0.957,0.724,0.026,0.041,0.023,0.013,2.8,35.561,17.45,3.43,생활하수/처리수 영향,25.73170731707317,2.654028436018957,33.70710900473934,5.087463556851311,0.03591160220994475,0.02035938246955935
JS-23,23.9,7.6,8.8,2.1,233.0,2.414,2.152,1.519,0.189,0.18,0.105,0.103,6.1,15.664,8.4,4.21,생활하수/처리수 영향,13.411111111111113,2.5269262634631313,6.488815244407622,1.9952494061757722,0.12442396313364056,0.09697395301327885
JS-24,24.2,7.8,7.4,2.9,239.0,2.307,2.097,0.972,0.247,0.185,0.097,0.082,9.0,13.983,6.67,-0.71,토양-질소 기원,12.47027027027027,3.9011703511053315,6.061118335500651,-9.3943661971831,0.25411522633744854,0.06951298004720016
JS-25,24.5,7.7,7.4,2.1,239.0,2.373,2.187,1.504,0.172,0.18,0.117,0.11,6.2,15.841,8.73,3.22,생활하수/처리수 영향,13.183333333333335,2.612726506531816,6.675516224188789,2.7111801242236027,0.11436170212765956,0.09494350104160092
JS-26,23.4,7.8,7.3,2.3,228.0,2.165,1.959,1.026,0.189,0.19,0.103,0.096,7.5,14.048,8.03,2.42,생활하수/처리수 영향,11.394736842105264,3.464203233256351,6.488683602771363,3.318181818181818,0.18421052631578946,0.07303530751708429
JS-27,24.7,7.8,8.9,1.9,243.0,2.527,2.432,1.663,0.142,0.201,0.142,0.138,6.5,15.883,8.59,5.72,생활하수/처리수 영향,12.572139303482587,2.5722200237435695,6.285318559556786,1.5017482517482519,0.08538785327720985,0.1047031417238557
JS-28,23.1,7.9,8.2,2.7,269.0,2.067,1.85,1.272,0.101,0.14,0.043,0.031,7.8,17.835,9.61,3.81,생활하수/처리수 영향,14.764285714285714,3.773584905660377,8.62844702467344,2.522309711286089,0.07940251572327045,0.07132043734230445
JS-29,24.9,7.7,7.5,2.6,229.0,2.104,1.885,1.109,0.228,0.16,0.094,0.086,6.8,14.838,7.91,4.46,토양-질소 기원,13.15,3.2319391634980987,7.052281368821292,1.773542600896861,0.20559062218214608,0.07474053106887721
JS-30,21.1,7.3,6.5,0.9,183.0,0.522,0.45,0.295,0.015,0.042,0.025,0.02,2.3,11.137,12.22,6.25,생활하수/처리수 영향,12.428571428571429,4.406130268199234,21.335249042145595,1.9552,0.05084745762711865,0.026488282302235787
JS-31,24.8,7.1,7.9,2.1,227.0,1.982,1.821,1.083,0.184,0.14,0.091,0.086,6.3,14.699,8.25,3.45,생활하수/처리수 영향,14.157142857142855,3.1786074672048437,7.416246215943492,2.391304347826087,0.16989843028624194,0.07367848152935573
JS-32,24.1,6.8,7.1,1.8,229.0,1.948,1.785,1.152,0.099,0.181,0.107,0.1,6.4,15.487,8.81,2.65,생활하수/처리수 영향,10.762430939226519,3.285420944558522,7.9502053388090355,3.324528301886793,0.08593750000000001,0.07438496803770904
JS-33,24.9,7.0,7.5,6.5,280.0,3.232,3.028,1.215,0.94,0.192,0.08,0.066,9.1,27.573,7.21,-0.72,토양-질소 기원,16.833333333333336,2.81559405940594,8.53125,-10.01388888888889,0.7736625514403291,0.04406484604504407
JS-34,25.1,7.6,7.9,2.8,246.0,2.428,2.236,1.201,0.369,0.149,0.083,0.074,7.3,18.877,7.76,2.06,토양-질소 기원,16.29530201342282,3.0065897858319603,7.7747116968698515,3.7669902912621356,0.30724396336386345,0.06362239762674154
JS-35,25.0,7.5,6.7,2.5,323.0,2.69,2.486,1.351,0.203,0.217,0.115,0.104,10.8,26.072,10.16,1.11,생활하수/처리수 영향,12.396313364055299,4.014869888475837,9.692193308550186,9.153153153153152,0.15025906735751296,0.051818042344277386
JS-36,25.3,7.6,8.7,2.4,254.0,2.712,2.401,1.775,0.154,0.149,0.079,0.075,7.0,18.921,9.77,3.2,생활하수/처리수 영향,18.201342281879196,2.581120943952802,6.976769911504424,3.0531249999999996,0.0867605633802817,0.09381110934940014
JS-20B,23.4,7.1,6.8,10.3,384.0,12.655,7.21,4.248,2.962,0.511,0.132,0.111,9.9,46.903,8.98,-0.69,생활하수/처리수 영향,24.765166340508806,0.7822994863690241,3.7062821019359937,-13.01449275362319,0.6972693032015066,0.09056989957998424
JS-9B,23.6,6.8,5.6,3.2,246.0,2.476,2.256,0.363,1.747,0.13,0.065,0.047,4.9,52.81,2.16,-3.58,토양-질소 기원,19.046153846153846,1.9789983844911148,21.32875605815832,-0.6033519553072626,4.81267217630854,0.0068736981632266615
JS-1,22.0,7.8,8.5,0.7,128.0,0.913,0.849,0.772,0.039,0.042,0.028,0.014,2.0,10.545,6.11,2.89,토양-질소 기원,21.738095238095237,2.190580503833516,11.549835706462211,2.114186851211073,0.050518134715025906,0.07321005215742057
JS-2,22.9,7.1,7.7,1.0,66.0,0.972,0.861,0.77,0.033,0.036,0.013,0.001,3.2,4.125,3.81,2.95,토양-질소 기원,27.0,3.292181069958848,4.243827160493828,1.2915254237288134,0.04285714285714286,0.18666666666666668
JS-3,22.7,7.0,8.2,0.8,77.0,0.985,0.861,0.776,0.03,0.038,0.013,0.001,2.8,5.074,4.62,2.84,토양-질소 기원,25.92105263157895,2.842639593908629,5.151269035532994,1.6267605633802817,0.038659793814432984,0.15293653921955067
JS-4,23.5,7.1,8.0,0.7,76.0,0.712,0.586,0.517,0.046,0.042,0.024,0.011,2.6,4.449,6.03,1.99,토양-질소 기원,16.95238095238095,3.6516853932584272,6.248595505617978,3.0301507537688446,0.08897485493230174,0.1162058889638121
JS-5,23.1,7.0,8.0,0.8,81.0,1.003,0.863,0.773,0.053,0.05,0.019,0.007,2.9,5.347,4.99,2.78,토양-질소 기원,20.059999999999995,2.8913260219341974,5.3310069790628125,1.7949640287769786,0.0685640362225097,0.14456704694221056
JS-6,23.4,7.1,8.1,0.8,96.0,1.062,0.914,0.777,0.075,0.063,0.031,0.019,3.1,5.578,6.02,1.75,토양-질소 기원,16.857142857142858,2.919020715630885,5.252354048964219,3.44,0.09652509652509651,0.13929723915381856
JS-7,23.2,6.8,7.5,0.7,88.0,1.023,0.907,0.815,0.045,0.051,0.024,0.014,2.5,5.783,5.99,2.52,토양-질소 기원,20.058823529411764,2.4437927663734116,5.652981427174977,2.376984126984127,0.05521472392638037,0.14093031298633926
JS-8,23.6,6.8,7.4,0.6,111.0,1.812,1.698,1.585,0.073,0.207,0.172,0.169,1.9,7.21,11.9,5.72,생활하수/처리수 영향,8.753623188405799,1.0485651214128036,3.979028697571744,2.0804195804195804,0.04605678233438486,0.21983356449375865
JS-9,24.7,6.9,7.6,0.7,107.0,1.382,1.215,1.11,0.074,0.105,0.067,0.064,2.5,6.818,8.87,4.33,생활하수/처리수 영향,13.161904761904761,1.8089725036179451,4.933429811866859,2.0484988452655886,0.06666666666666665,0.16280434144910533
JS-10,24.3,7.0,7.5,1.2,104.0,1.171,0.958,0.616,0.203,0.141,0.095,0.086,4.7,6.578,7.0,0.8,토양-질소 기원,8.304964539007093,4.013663535439795,5.6174210076857385,8.75,0.3295454545454546,0.09364548494983277
JS-11,24.6,7.0,7.2,0.8,115.0,1.551,1.408,1.26,0.093,0.135,0.084,0.081,2.8,7.266,9.21,4.83,생활하수/처리수 영향,11.488888888888887,1.8052869116698904,4.6847195357833655,1.9068322981366461,0.07380952380952381,0.17341040462427745
JS-12,23.5,7.1,8.2,0.7,105.0,1.488,1.367,1.292,0.028,0.036,0.014,0.007,2.3,5.164,6.29,2.6,토양-질소 기원,41.333333333333336,1.5456989247311828,3.4704301075268815,2.419230769230769,0.021671826625386997,0.2501936483346243
JS-13,24.5,7.1,7.9,0.7,117.0,1.669,1.57,1.415,0.062,0.121,0.08,0.075,2.7,6.978,8.46,3.28,생활하수/처리수 영향,13.793388429752067,1.6177351707609349,4.180946674655482,2.579268292682927,0.04381625441696113,0.20278016623674405
JS-14,25.1,7.0,7.3,1.4,199.0,1.951,1.734,0.977,0.22,0.352,0.246,0.239,7.1,11.157,9.51,-0.05,생활하수/처리수 영향,5.542613636363637,3.639159405433111,5.718605843157355,-190.2,0.22517911975435007,0.08756834274446536
JS-15,25.3,7.3,6.9,0.7,126.0,1.564,1.452,1.23,0.067,0.141,0.091,0.087,3.1,7.511,8.83,2.51,생활하수/처리수 영향,11.092198581560286,1.9820971867007673,4.802429667519181,3.51792828685259,0.05447154471544716,0.1637598189322327
JS-16,25.4,6.9,6.5,1.0,155.0,1.515,1.345,0.936,0.148,0.145,0.076,0.069,5.0,8.934,8.56,0.56,생활하수/처리수 영향,10.448275862068966,3.3003300330033007,5.897029702970297,15.285714285714285,0.1581196581196581,0.1047683008730692
JS-17,25.4,7.0,6.8,0.7,126.0,1.61,1.498,1.28,0.074,0.147,0.097,0.09,3.2,7.522,8.73,2.43,생활하수/처리수 영향,10.952380952380954,1.9875776397515528,4.6720496894409935,3.5925925925925926,0.057812499999999996,0.1701675086413188
JS-18,22.6,6.8,7.0,0.4,225.0,1.995,1.984,1.908,0.023,0.034,0.019,0.018,2.0,8.847,8.97,0.02,생활하수/처리수 영향,58.67647058823529,1.0025062656641603,4.434586466165413,448.5,0.012054507337526206,0.21566632756866735
JS-19,25.7,7.1,7.8,0.8,141.0,1.546,1.42,1.209,0.083,0.127,0.079,0.076,3.2,7.666,8.94,2.55,생활하수/처리수 영향,12.173228346456693,2.069857697283312,4.958602846054334,3.5058823529411764,0.06865177832919768,0.15770936603182886
JS-20,24.9,7.1,7.7,0.9,179.0,1.89,1.786,1.491,0.131,0.089,0.047,0.038,3.2,10.37,7.36,1.4,토양-질소 기원,21.235955056179776,1.6931216931216932,5.4867724867724865,5.257142857142858,0.08786049631120053,0.14378013500482162
JS-21,25.7,7.1,6.8,1.2,169.0,2.128,1.913,1.63,0.161,0.127,0.074,0.07,3.5,10.829,8.72,1.45,생활하수/처리수 영향,16.755905511811026,1.644736842105263,5.088815789473684,6.013793103448276,0.09877300613496934,0.1505217471604026
JS-22,24.0,7.4,7.6,0.6,257.0,2.273,2.24,2.08,0.029,0.052,0.031,0.023,2.5,24.371,10.63,-0.49,생활하수/처리수 영향,43.71153846153847,1.0998680158380993,10.721953365596127,-21.69387755102041,0.013942307692307693,0.08534733905051087
JS-23,26.0,7.2,7.4,1.1,184.0,2.188,2.036,1.665,0.201,0.148,0.093,0.09,3.8,10.77,8.49,0.88,생활하수/처리수 영향,14.783783783783786,1.7367458866544787,4.922303473491772,9.647727272727273,0.12072072072072072,0.15459610027855153
JS-24,25.9,7.2,7.1,1.2,233.0,2.107,2.009,1.353,0.119,0.209,0.125,0.12,6.4,9.576,8.81,2.57,생활하수/처리수 영향,10.08133971291866,3.0374940673943995,4.54485049833887,3.428015564202335,0.08795269770879527,0.1412907268170426
JS-25,25.9,6.9,7.0,1.2,186.0,2.26,2.111,1.711,0.198,0.159,0.098,0.097,3.7,10.731,8.29,1.21,생활하수/처리수 영향,14.21383647798742,1.6371681415929207,4.748230088495576,6.851239669421487,0.1157218001168907,0.1594445997577113
JS-26,25.5,7.0,6.3,1.0,182.0,1.401,1.296,0.904,0.091,0.171,0.097,0.093,5.0,10.148,9.08,1.4,생활하수/처리수 영향,8.192982456140351,3.5688793718772307,7.243397573162027,6.485714285714286,0.10066371681415928,0.0890815924320063
JS-27,25.8,7.2,6.4,1.1,197.0,2.422,2.284,1.993,0.108,0.144,0.085,0.084,3.7,11.439,8.57,2.86,생활하수/처리수 영향,16.819444444444446,1.52766308835673,4.722956234516928,2.9965034965034967,0.054189663823381834,0.17422851647871318
JS-28,23.9,7.3,6.8,1.0,271.0,3.131,3.036,2.798,0.089,0.084,0.045,0.037,4.0,15.322,9.38,3.81,생활하수/처리수 영향,37.27380952380952,1.2775471095496647,4.89364420312999,2.461942257217848,0.0318084345961401,0.18261323586999087
JS-29,26.4,6.5,6.3,1.0,192.0,2.095,1.955,1.624,0.116,0.154,0.098,0.095,4.0,10.857,9.07,2.54,생활하수/처리수 영향,13.603896103896105,1.909307875894988,5.18233890214797,3.5708661417322833,0.07142857142857142,0.14958091553836236
JS-30,22.5,7.6,5.4,0.5,204.0,2.045,2.018,1.893,0.035,0.047,0.029,0.027,1.9,11.657,13.35,3.66,생활하수/처리수 영향,43.51063829787234,0.9290953545232273,5.700244498777506,3.6475409836065573,0.018489170628631802,0.1623916959766664
JS-31,26.5,7.1,6.8,1.8,196.0,2.014,1.946,1.633,0.087,0.131,0.086,0.084,3.8,11.191,9.42,2.26,생활하수/처리수 영향,15.374045801526716,1.8867924528301887,5.556603773584906,4.168141592920354,0.053276178812002445,0.14592082923778035
JS-32,26.0,6.9,5.4,1.2,220.0,1.912,1.723,1.205,0.216,0.286,0.179,0.176,5.2,13.019,9.68,2.73,생활하수/처리수 영향,6.685314685314686,2.7196652719665275,6.8091004184100425,3.5457875457875456,0.179253112033195,0.09255703203010984
JS-33,25.3,7.4,7.6,2.5,210.0,2.651,2.426,1.54,0.521,0.269,0.083,0.08,6.3,18.045,5.7,4.75,토양-질소 기원,9.855018587360593,2.376461712561298,6.8068653338362894,1.2,0.33831168831168834,0.08534220005541701
JS-34,27.0,7.2,6.6,1.0,200.0,2.077,2.031,1.603,0.104,0.144,0.092,0.09,4.1,11.774,9.36,2.82,생활하수/처리수 영향,14.423611111111112,1.9740009629272988,5.668753009147809,3.3191489361702127,0.06487835308796007,0.13614744351961952
JS-35,25.9,7.1,4.6,1.0,303.0,2.839,2.833,2.212,0.107,0.163,0.122,0.101,6.1,20.501,10.91,6.07,생활하수/처리수 영향,17.41717791411043,2.1486438886932016,7.221204649524481,1.7973640856672157,0.048372513562386976,0.10789717574752451
JS-36,26.4,6.8,7.1,1.0,205.0,2.252,2.248,1.795,0.111,0.149,0.129,0.115,4.3,13.656,9.63,2.47,생활하수/처리수 영향,15.114093959731543,1.9094138543516874,6.0639431616341035,3.8987854251012144,0.06183844011142062,0.13144405389572347
JS-20B,24.7,6.8,7.1,7.4,315.0,8.577,7.943,5.21,2.182,0.451,0.217,0.201,9.3,37.715,11.7,0.36,생활하수/처리수 영향,19.017738359201772,1.0842952081147255,4.397225136994288,32.5,0.418809980806142,0.13814132308100224
JS-9B,24.6,6.9,7.0,1.6,358.0,1.048,0.967,0.518,0.14,0.103,0.065,0.035,4.7,56.935,20.62,0.06,생활하수/처리수 영향,10.174757281553399,4.484732824427481,54.32729007633588,343.6666666666667,0.2702702702702703,0.009098094318082024
JS-1,22.0,7.6,8.7,1.0,93.0,1.093,0.965,0.776,0.028,0.032,0.022,0.007,1.9,7.355,4.04,3.23,토양-질소 기원,34.15625,1.738334858188472,6.729185727355902,1.2507739938080495,0.03608247422680412,0.10550645819170631
JS-2,23.2,7.3,8.0,1.1,59.0,0.966,0.795,0.658,0.027,0.033,0.014,0.0,2.5,3.779,4.16,3.24,토양-질소 기원,29.27272727272727,2.587991718426501,3.912008281573499,1.2839506172839505,0.041033434650455926,0.17412013760254036
JS-3,22.8,7.2,8.4,1.1,68.0,1.025,0.811,0.691,0.02,0.03,0.014,0.0,2.3,4.556,4.56,3.31,토양-질소 기원,34.166666666666664,2.2439024390243905,4.444878048780488,1.377643504531722,0.028943560057887122,0.15166812993854256
JS-4,23.2,7.2,8.4,0.8,57.0,0.894,0.708,0.595,0.026,0.03,0.016,0.002,2.2,3.945,3.74,3.08,토양-질소 기원,29.8,2.4608501118568236,4.412751677852349,1.2142857142857144,0.043697478991596636,0.15082382762991128
JS-5,22.9,7.1,8.4,1.2,68.0,0.985,0.822,0.699,0.025,0.031,0.015,0.001,2.5,4.619,4.84,3.06,토양-질소 기원,31.774193548387096,2.5380710659898478,4.689340101522842,1.5816993464052287,0.0357653791130186,0.15133145702533016
JS-6,22.5,7.2,8.5,1.1,75.0,1.052,0.913,0.794,0.028,0.043,0.025,0.01,2.2,4.891,5.85,3.45,토양-질소 기원,24.465116279069772,2.091254752851711,4.649239543726235,1.6956521739130432,0.03526448362720403,0.16233898998159887
JS-7,22.9,7.1,8.1,1.0,71.0,1.002,0.854,0.752,0.022,0.032,0.018,0.004,2.1,4.844,5.44,3.11,토양-질소 기원,31.3125,2.095808383233533,4.83433133732535,1.7491961414791,0.029255319148936167,0.15524360033030551
JS-8,22.8,6.6,8.3,1.0,80.0,1.394,1.254,1.129,0.034,0.076,0.057,0.048,1.9,5.136,6.88,4.84,토양-질소 기원,18.342105263157894,1.362984218077475,3.684361549497848,1.421487603305785,0.030115146147032774,0.2198208722741433
JS-9,23.2,6.8,8.5,0.9,77.0,1.171,1.01,0.921,0.025,0.048,0.035,0.02,2.0,5.11,6.38,4.01,토양-질소 기원,24.395833333333332,1.7079419299743808,4.363791631084543,1.5910224438902745,0.02714440825190011,0.1802348336594912
JS-10,22.4,6.7,8.5,1.3,61.0,0.788,0.63,0.486,0.04,0.047,0.032,0.018,2.5,5.174,5.6,3.19,토양-질소 기원,16.76595744680851,3.1725888324873095,6.565989847715736,1.7554858934169277,0.0823045267489712,0.09393119443370698
JS-11,24.4,6.7,8.0,1.0,83.0,1.333,1.162,1.022,0.053,0.098,0.07,0.059,2.2,5.457,7.77,4.05,토양-질소 기원,13.60204081632653,1.650412603150788,4.09377344336084,1.9185185185185185,0.05185909980430528,0.18728238959135057
JS-12,19.6,6.7,8.9,0.8,80.0,1.551,1.325,1.222,0.032,0.023,0.01,0.002,2.1,4.802,5.33,2.58,토양-질소 기원,67.43478260869566,1.3539651837524178,3.096067053513862,2.065891472868217,0.02618657937806874,0.2544773011245315
JS-13,23.0,6.7,8.4,1.4,83.0,1.432,1.239,1.102,0.033,0.051,0.032,0.017,2.2,5.252,6.31,3.55,토양-질소 기원,28.07843137254902,1.5363128491620113,3.6675977653631286,1.7774647887323944,0.029945553539019964,0.20982482863670984
JS-14,24.6,6.8,8.6,1.5,110.0,1.52,1.295,1.142,0.031,0.068,0.05,0.037,2.7,6.626,6.58,3.86,토양-질소 기원,22.352941176470587,1.7763157894736843,4.359210526315789,1.7046632124352332,0.027145359019264452,0.1723513431934802
JS-15,23.4,7.2,8.5,1.4,88.0,1.438,1.253,1.113,0.023,0.063,0.042,0.028,2.3,5.354,6.33,4.24,토양-질소 기원,22.825396825396826,1.599443671766342,3.723226703755216,1.4929245283018868,0.020664869721473494,0.2078819574150168
JS-16,25.4,7.0,7.6,1.4,141.0,2.179,1.914,1.628,0.026,0.077,0.054,0.038,4.6,8.129,7.76,3.75,토양-질소 기원,28.298701298701296,2.1110601193207894,3.7306103717301515,2.0693333333333332,0.01597051597051597,0.20027063599458728
JS-17,24.0,7.1,8.6,1.5,90.0,1.553,1.318,1.16,0.027,0.069,0.049,0.036,2.5,5.632,6.59,4.16,토양-질소 기원,22.50724637681159,1.6097875080489377,3.6265292981326462,1.5841346153846152,0.02327586206896552,0.2059659090909091
JS-18,25.4,6.9,6.8,1.5,158.0,1.32,1.041,0.884,0.041,0.025,0.015,0.003,3.3,5.735,5.72,3.28,토양-질소 기원,52.8,2.4999999999999996,4.34469696969697,1.7439024390243902,0.04638009049773756,0.15414123801220575
JS-19,24.8,7.0,8.3,1.4,101.0,1.554,1.236,1.089,0.023,0.067,0.04,0.027,2.8,5.539,6.53,3.1,토양-질소 기원,23.19402985074627,1.8018018018018016,3.564350064350064,2.106451612903226,0.021120293847566574,0.19660588553890596
JS-20,24.4,7.0,8.2,1.6,146.0,2.403,2.092,1.866,0.054,0.087,0.053,0.038,2.9,7.717,7.25,2.84,토양-질소 기원,27.620689655172416,1.2068248023304202,3.2114024136496044,2.552816901408451,0.028938906752411574,0.24180380977063629
JS-21,25.0,7.0,7.8,1.5,119.0,1.882,1.589,1.41,0.072,0.094,0.055,0.041,3.0,6.802,7.18,3.1,토양-질소 기원,20.02127659574468,1.5940488841657812,3.614240170031881,2.3161290322580643,0.05106382978723404,0.2072919729491326
JS-22,22.8,7.5,8.0,1.1,170.0,2.874,2.625,2.479,0.03,0.064,0.045,0.032,2.7,10.022,7.13,2.15,토양-질소 기원,44.90625,0.9394572025052192,3.487125956854558,3.316279069767442,0.012101653892698667,0.24735581720215527
JS-23,25.1,7.5,7.9,1.5,124.0,1.801,1.57,1.395,0.052,0.097,0.061,0.045,3.0,6.571,7.25,3.07,토양-질소 기원,18.56701030927835,1.665741254858412,3.648528595224875,2.3615635179153096,0.037275985663082434,0.21229645411657283
JS-24,25.6,7.4,7.7,1.8,164.0,2.496,2.261,1.911,0.06,0.102,0.073,0.053,4.3,8.156,6.62,3.69,토양-질소 기원,24.47058823529412,1.7227564102564101,3.2676282051282053,1.7940379403794038,0.03139717425431711,0.23430603236880823
JS-25,25.0,7.2,7.7,1.0,136.0,2.136,1.846,1.61,0.047,0.107,0.067,0.05,3.5,7.229,6.96,2.81,토양-질소 기원,19.962616822429908,1.6385767790262171,3.3843632958801497,2.4768683274021353,0.02919254658385093,0.22271406833586943
JS-26,26.0,6.9,6.7,0.8,158.0,1.748,1.498,1.25,0.027,0.11,0.072,0.057,4.5,8.538,7.96,2.08,토양-질소 기원,15.89090909090909,2.574370709382151,4.884439359267735,3.8269230769230766,0.0216,0.1464043101428906
JS-27,25.2,7.3,7.4,0.9,133.0,2.066,1.819,1.636,0.044,0.101,0.063,0.048,3.1,7.177,7.24,3.14,토양-질소 기원,20.455445544554454,1.500484027105518,3.473862536302033,2.305732484076433,0.02689486552567237,0.22795039710185314
JS-28,24.5,7.2,7.7,0.7,251.0,4.597,4.228,4.096,0.029,0.092,0.075,0.061,3.2,12.396,7.14,3.58,토양-질소 기원,49.96739130434783,0.6961061561888188,2.6965412225364367,1.994413407821229,0.007080078125,0.33042917070022587
JS-29,25.6,7.2,7.0,1.0,131.0,2.147,1.844,1.613,0.06,0.101,0.071,0.055,3.2,7.154,6.6,2.85,토양-질소 기원,21.257425742574252,1.490451793199814,3.332091290172334,2.31578947368421,0.037197768133911964,0.22546826949958065
JS-30,23.0,7.5,7.5,0.6,178.0,4.399,4.137,4.004,0.023,0.057,0.044,0.028,2.8,9.116,8.79,2.52,생활하수/처리수 영향,77.17543859649122,0.6365082973403046,2.072289156626506,3.4880952380952377,0.005744255744255745,0.43922773146116717
JS-31,25.6,6.7,7.5,0.9,132.0,2.219,1.877,1.722,0.063,0.118,0.07,0.058,3.5,7.032,6.78,3.0,토양-질소 기원,18.805084745762713,1.577287066246057,3.1689950428120777,2.2600000000000002,0.036585365853658534,0.24488054607508533
JS-32,24.7,7.1,6.5,0.8,186.0,2.673,2.259,1.976,0.044,0.161,0.094,0.077,3.9,11.037,9.19,3.3,생활하수/처리수 영향,16.60248447204969,1.4590347923681257,4.129068462401796,2.7848484848484847,0.022267206477732792,0.1790341578327444
JS-33,26.8,8.8,6.7,1.2,254.0,2.973,2.611,2.143,0.155,0.15,0.105,0.092,3.6,19.747,8.93,2.5,생활하수/처리수 영향,19.82,1.2108980827447025,6.642112344433233,3.572,0.07232851143257117,0.10852281359193801
JS-34,26.0,6.9,7.6,0.9,133.0,2.361,1.908,1.717,0.042,0.115,0.073,0.057,3.3,7.134,6.89,2.83,토양-질소 기원,20.530434782608697,1.397712833545108,3.0216010165184244,2.4346289752650176,0.0244612696563774,0.2406784412671713
JS-35,27.2,6.9,6.4,1.1,186.0,2.229,1.879,1.531,0.055,0.169,0.096,0.08,4.5,10.725,8.34,3.67,생활하수/처리수 영향,13.189349112426035,2.018842530282638,4.81157469717362,2.2724795640326976,0.035924232527759635,0.14275058275058275
JS-36,26.5,7.3,7.7,1.0,139.0,2.472,1.996,1.802,0.044,0.148,0.088,0.073,3.6,7.431,7.51,2.96,토양-질소 기원,16.7027027027027,1.4563106796116505,3.0060679611650487,2.5371621621621623,0.024417314095449498,0.24249764500067286
JS-20B,23.8,6.8,7.3,9.2,288.0,8.726,7.317,3.525,3.309,0.691,0.261,0.233,9.1,28.954,12.29,2.32,생활하수/처리수 영향,12.628075253256153,1.0428604171441667,3.3181297272518906,5.297413793103448,0.9387234042553192,0.12174483663742487
JS-1,26.9,7.6,8.0,0.9,120.0,0.587,0.529,0.369,0.03,0.06,0.037,0.025,2.7,9.477,6.48,4.31,토양-질소 기원,9.783333333333333,4.599659284497445,16.14480408858603,1.503480278422274,0.08130081300813008,0.0389363722697056
JS-2,27.5,7.1,7.0,0.8,90.0,0.832,0.792,0.623,0.042,0.035,0.019,0.006,2.6,4.957,7.12,2.07,토양-질소 기원,23.77142857142857,3.1250000000000004,5.9579326923076925,3.4396135265700485,0.06741573033707865,0.12568085535606213
JS-3,27.3,7.0,8.0,0.8,113.0,0.754,0.703,0.553,0.036,0.041,0.021,0.012,2.5,7.197,7.98,3.39,토양-질소 기원,18.390243902439025,3.315649867374005,9.545092838196286,2.353982300884956,0.06509945750452079,0.07683757121022648
JS-4,27.1,7.2,7.6,0.7,85.0,0.516,0.472,0.307,0.054,0.04,0.025,0.01,2.7,4.763,7.23,2.39,내생부하(정체수역 유기물 축적),12.9,5.232558139534884,9.230620155038759,3.0251046025104604,0.1758957654723127,0.06445517530967877
JS-5,27.9,7.1,7.3,0.9,111.0,0.934,0.863,0.656,0.062,0.048,0.028,0.016,2.5,7.192,7.29,5.72,토양-질소 기원,19.458333333333336,2.6766595289079227,7.700214132762312,1.2744755244755246,0.09451219512195122,0.09121245828698554
JS-6,27.4,7.4,9.7,0.9,87.0,0.54,0.48,0.341,0.036,0.047,0.021,0.011,2.5,4.903,6.94,4.21,토양-질소 기원,11.48936170212766,4.62962962962963,9.079629629629629,1.648456057007126,0.10557184750733137,0.06954925555782175
JS-7,27.2,7.0,7.0,0.7,102.0,0.751,0.686,0.532,0.045,0.038,0.021,0.009,2.3,6.51,8.08,4.28,생활하수/처리수 영향,19.763157894736842,3.062583222370173,8.66844207723036,1.8878504672897196,0.08458646616541353,0.08172043010752689
JS-8,27.1,6.9,6.3,0.7,132.0,1.537,1.475,1.23,0.058,0.209,0.187,0.183,2.6,7.285,11.84,8.41,탈질작용(기원변형),7.354066985645933,1.6916070266753418,4.7397527651268705,1.407847800237812,0.04715447154471545,0.16884008236101578
JS-9,28.9,7.1,7.6,0.8,116.0,1.134,1.055,0.869,0.062,0.099,0.083,0.077,2.3,6.459,9.56,7.55,생활하수/처리수 영향,11.454545454545453,2.0282186948853616,5.695767195767196,1.266225165562914,0.0713463751438435,0.13454095061154978
JS-10,29.2,7.2,8.0,1.6,114.0,0.89,0.738,0.483,0.072,0.128,0.087,0.077,3.1,6.769,9.84,3.75,생활하수/처리수 영향,6.953125,3.4831460674157304,7.60561797752809,2.624,0.14906832298136646,0.07135470527404343
JS-11,30.4,7.4,7.4,0.7,131.0,1.416,1.336,1.062,0.084,0.151,0.119,0.116,2.8,7.294,9.8,5.49,생활하수/처리수 영향,9.37748344370861,1.9774011299435028,5.151129943502825,1.785063752276867,0.07909604519774012,0.14559912256649302
JS-12,30.4,7.5,8.0,0.5,116.0,1.075,1.006,0.874,0.023,0.029,0.011,0.004,2.1,4.823,7.64,3.6,토양-질소 기원,37.068965517241374,1.9534883720930234,4.486511627906977,2.1222222222222222,0.02631578947368421,0.18121501140369065
JS-13,29.6,7.7,8.4,0.6,126.0,1.217,1.183,0.993,0.03,0.082,0.059,0.052,2.3,6.197,8.89,4.53,생활하수/처리수 영향,14.841463414634147,1.8898931799506982,5.092029580936729,1.9624724061810155,0.030211480362537763,0.16023882523801838
JS-14,30.2,7.2,7.2,1.4,185.0,1.125,1.029,0.486,0.201,0.193,0.118,0.113,4.6,9.327,8.78,3.66,생활하수/처리수 영향,5.829015544041451,4.088888888888889,8.290666666666667,2.3989071038251364,0.4135802469135803,0.05210678674815053
JS-15,31.0,7.0,6.4,0.8,120.0,1.099,1.018,0.807,0.035,0.09,0.068,0.058,2.5,6.8,8.91,3.92,생활하수/처리수 영향,12.211111111111112,2.2747952684258417,6.1874431301182895,2.2729591836734695,0.04337050805452292,0.1186764705882353
JS-16,29.5,7.0,7.3,1.2,144.0,0.944,0.847,0.516,0.103,0.087,0.046,0.031,3.6,7.8,8.86,3.47,생활하수/처리수 영향,10.85057471264368,3.813559322033899,8.26271186440678,2.5533141210374635,0.1996124031007752,0.06615384615384616
JS-17,30.5,7.1,6.6,0.9,124.0,1.174,1.115,0.866,0.043,0.119,0.091,0.084,2.7,6.944,9.4,3.55,생활하수/처리수 영향,9.865546218487395,2.2998296422487225,5.914821124361159,2.647887323943662,0.04965357967667436,0.12471198156682027
JS-18,27.0,7.0,6.9,0.7,204.0,1.655,1.598,1.452,0.024,0.039,0.024,0.017,2.4,6.931,10.18,2.07,생활하수/처리수 영향,42.43589743589744,1.4501510574018126,4.187915407854985,4.917874396135266,0.01652892561983471,0.2094935795700476
JS-19,31.6,7.8,8.7,1.4,127.0,0.936,0.834,0.639,0.026,0.089,0.055,0.045,2.9,6.781,9.58,3.37,생활하수/처리수 영향,10.51685393258427,3.098290598290598,7.244658119658119,2.8427299703264093,0.0406885758998435,0.09423388880696063
JS-20,31.3,7.6,7.5,1.5,217.0,1.655,1.566,1.175,0.076,0.101,0.057,0.045,3.3,9.865,9.19,3.42,생활하수/처리수 영향,16.386138613861384,1.9939577039274923,5.960725075528701,2.6871345029239766,0.06468085106382979,0.11910795742524075
JS-21,31.1,7.2,7.0,1.5,180.0,1.796,1.742,1.313,0.161,0.114,0.085,0.075,3.4,11.118,10.18,2.82,생활하수/처리수 영향,15.75438596491228,1.8930957683741647,6.190423162583519,3.6099290780141846,0.12261995430312263,0.11809677999640222
JS-22,29.5,7.4,7.4,0.9,281.0,1.255,1.219,0.864,0.037,0.056,0.042,0.033,3.1,27.504,18.36,-1.54,생활하수/처리수 영향,22.410714285714285,2.470119521912351,21.91553784860558,-11.922077922077921,0.04282407407407407,0.031413612565445025
JS-23,31.5,7.3,7.5,1.8,200.0,1.999,1.905,1.39,0.151,0.188,0.141,0.133,3.6,11.017,9.26,2.59,생활하수/처리수 영향,10.632978723404255,1.8009004502251125,5.511255627813906,3.5752895752895753,0.10863309352517986,0.12616864845239176
JS-24,30.3,7.1,7.6,1.2,188.0,1.25,1.206,0.761,0.089,0.102,0.072,0.056,3.8,8.029,7.7,2.22,토양-질소 기원,12.254901960784315,3.04,6.4232,3.468468468468468,0.11695137976346912,0.09478141736206253
JS-25,31.1,7.4,8.0,1.9,197.0,1.77,1.674,1.271,0.065,0.155,0.102,0.091,3.5,10.679,8.88,3.25,생활하수/처리수 영향,11.419354838709678,1.9774011299435028,6.033333333333333,2.7323076923076925,0.05114083398898506,0.11901863470362392
JS-26,28.8,7.0,7.4,1.0,155.0,1.349,1.272,0.94,0.023,0.101,0.075,0.067,4.2,7.823,7.78,2.31,토양-질소 기원,13.356435643564355,3.1134173461823575,5.799110452186805,3.367965367965368,0.02446808510638298,0.12015850696663682
JS-27,31.8,7.4,8.9,1.5,209.0,2.045,1.956,1.575,0.037,0.161,0.123,0.115,3.5,11.242,10.16,5.48,생활하수/처리수 영향,12.701863354037267,1.7114914425427874,5.497310513447434,1.854014598540146,0.02349206349206349,0.14009962640099624
JS-28,26.9,7.3,7.4,1.1,219.0,3.087,3.064,2.59,0.041,0.135,0.093,0.084,4.0,9.698,6.4,4.04,토양-질소 기원,22.866666666666667,1.295756397797214,3.1415613864593457,1.5841584158415842,0.015830115830115832,0.2670653743039802
JS-29,30.9,7.6,8.6,2.2,195.0,1.895,1.787,1.432,0.046,0.14,0.089,0.077,3.9,10.549,8.77,4.63,생활하수/처리수 영향,13.535714285714285,2.058047493403694,5.566754617414247,1.8941684665226781,0.03212290502793296,0.1357474642146175
JS-30,24.7,8.2,4.8,0.7,198.0,1.09,0.997,0.833,0.018,0.055,0.041,0.035,2.4,9.703,13.99,6.17,생활하수/처리수 영향,19.81818181818182,2.201834862385321,8.90183486238532,2.26742301458671,0.02160864345738295,0.08584973719468206
JS-31,30.8,7.3,6.3,2.7,180.0,1.724,1.615,1.307,0.027,0.114,0.076,0.07,3.4,10.162,9.02,4.45,생활하수/처리수 영향,15.12280701754386,1.9721577726218098,5.894431554524362,2.0269662921348313,0.020657995409334353,0.1286164140917142
JS-32,29.6,8.9,5.0,1.3,213.0,1.924,1.847,1.182,0.247,0.289,0.246,0.229,4.6,12.733,9.96,4.86,생활하수/처리수 영향,6.657439446366782,2.3908523908523907,6.617983367983369,2.049382716049383,0.2089678510998308,0.0928296552265766
JS-33,31.0,8.8,7.3,1.5,282.0,2.442,2.353,1.624,0.26,0.17,0.118,0.104,4.1,30.185,10.63,2.47,생활하수/처리수 영향,14.364705882352942,1.6789516789516787,12.36076986076986,4.303643724696356,0.16009852216748768,0.053801557064767275
JS-34,31.8,9.1,8.0,1.4,180.0,1.568,1.56,1.233,0.04,0.128,0.093,0.085,3.5,10.728,9.52,4.3,생활하수/처리수 영향,12.25,2.232142857142857,6.841836734693877,2.213953488372093,0.032441200324412,0.11493288590604028
JS-35,31.3,9.5,6.7,1.4,194.0,1.896,1.792,1.335,0.089,0.178,0.124,0.122,3.9,11.643,9.29,4.0,생활하수/처리수 영향,10.651685393258427,2.0569620253164556,6.140822784810127,2.3225,0.06666666666666667,0.11466116980159752
JS-36,31.9,9.3,7.9,1.5,192.0,2.032,1.907,1.589,0.041,0.159,0.111,0.098,3.7,11.913,10.68,3.97,생활하수/처리수 영향,12.779874213836479,1.8208661417322836,5.862696850393701,2.690176322418136,0.025802391441157962,0.13338369848065137
JS-20B,28.2,7.4,7.1,8.9,293.0,7.461,6.693,3.921,2.302,0.462,0.209,0.174,7.6,33.569,12.98,2.63,생활하수/처리수 영향,16.149350649350648,1.0186302104275566,4.499262833400349,4.935361216730039,0.5870951287936751,0.11680419434597394
JS-22B,27.9,7.1,7.4,0.8,440.0,2.917,2.895,1.296,1.158,0.036,0.019,0.008,3.7,60.531,20.47,1.22,축산분뇨(직접유출),81.02777777777779,1.2684264655467947,20.7511141583819,16.778688524590162,0.8935185185185184,0.021410516925211877
JS-1,25.3,7.6,7.9,1.0,134.0,0.583,0.487,0.348,0.049,0.06,0.029,0.014,2.9,11.195,7.02,1.72,토양-질소 기원,9.716666666666667,4.974271012006861,19.202401372212694,4.0813953488372094,0.14080459770114945,0.03108530594015185
JS-2,26.3,7.2,6.6,0.9,114.0,0.579,0.549,0.426,0.022,0.033,0.021,0.009,2.5,5.66,10.19,4.17,생활하수/처리수 영향,17.545454545454543,4.317789291882557,9.775474956822109,2.4436450839328536,0.05164319248826291,0.07526501766784452
JS-3,26.1,6.9,7.9,1.0,130.0,0.575,0.473,0.394,0.039,0.044,0.019,0.01,2.4,8.038,9.24,4.72,생활하수/처리수 영향,13.068181818181818,4.173913043478261,13.97913043478261,1.957627118644068,0.09898477157360405,0.049017168449863154
JS-4,25.5,7.2,7.6,1.2,79.0,0.44,0.353,0.26,0.05,0.045,0.023,0.012,2.6,4.449,6.89,0.98,내생부하(정체수역 유기물 축적),9.777777777777779,5.909090909090909,10.111363636363636,7.030612244897959,0.19230769230769232,0.05844009889862891
JS-5,26.6,7.0,6.9,1.3,119.0,0.583,0.517,0.381,0.079,0.049,0.027,0.016,2.5,7.773,9.21,2.58,생활하수/처리수 영향,11.897959183673468,4.288164665523157,13.332761578044597,3.5697674418604652,0.2073490813648294,0.049015824006175227
JS-6,25.5,7.1,7.7,1.6,99.0,0.557,0.447,0.335,0.041,0.062,0.027,0.015,2.9,5.967,8.05,1.92,생활하수/처리수 영향,8.983870967741936,5.206463195691202,10.71274685816876,4.192708333333334,0.12238805970149254,0.056142114965644384
JS-7,26.7,7.0,6.3,1.3,113.0,0.516,0.447,0.371,0.037,0.042,0.021,0.011,2.4,7.407,9.14,2.24,생활하수/처리수 영향,12.285714285714285,4.651162790697674,14.354651162790697,4.080357142857142,0.09973045822102425,0.05008775482651546
JS-8,25.9,7.0,6.0,1.1,145.0,1.639,1.501,1.385,0.067,0.248,0.19,0.184,2.6,7.949,8.84,11.7,생활하수/처리수 영향,6.608870967741936,1.5863331299572911,4.849908480780964,0.7555555555555555,0.04837545126353791,0.1742357529248962
JS-9,28.5,6.9,6.6,1.4,131.0,0.753,0.679,0.534,0.06,0.085,0.055,0.044,2.6,7.769,9.59,7.67,생활하수/처리수 영향,8.858823529411763,3.452855245683931,10.317397078353254,1.2503259452411994,0.11235955056179774,0.06873471489252156
JS-10,27.3,7.0,6.6,1.7,214.0,1.384,1.268,0.713,0.306,0.156,0.094,0.087,4.2,15.561,9.7,-0.45,생활하수/처리수 영향,8.87179487179487,3.034682080924856,11.24349710982659,-21.555555555555554,0.42917251051893407,0.04581967739862477
JS-11,28.0,7.1,7.0,1.3,142.0,1.148,0.999,0.78,0.077,0.146,0.09,0.085,3.8,8.522,8.35,8.55,생활하수/처리수 영향,7.863013698630136,3.3101045296167246,7.423344947735193,0.9766081871345028,0.09871794871794871,0.09152781037315184
JS-12,26.0,7.2,8.0,1.3,106.0,0.877,0.818,0.675,0.027,0.053,0.026,0.017,2.7,4.82,7.25,2.76,토양-질소 기원,16.547169811320757,3.0786773090079818,5.496009122006842,2.626811594202899,0.039999999999999994,0.1400414937759336
JS-13,26.9,7.3,8.2,1.3,131.0,1.127,0.989,0.886,0.035,0.088,0.057,0.05,3.0,6.709,7.76,6.5,토양-질소 기원,12.806818181818183,2.6619343389529724,5.952972493345164,1.1938461538461538,0.039503386004514675,0.13206141004620658
JS-14,26.3,7.0,7.1,2.5,163.0,1.784,1.635,1.167,0.126,0.178,0.105,0.089,5.9,10.085,7.51,2.52,토양-질소 기원,10.02247191011236,3.307174887892377,5.653026905829597,2.9801587301587302,0.10796915167095116,0.1157164105106594
JS-15,27.7,7.0,6.3,1.8,128.0,1.243,1.169,0.903,0.072,0.124,0.085,0.074,3.7,7.522,7.41,4.71,토양-질소 기원,10.024193548387098,2.976669348350764,6.0514883346741755,1.5732484076433122,0.07973421926910298,0.12004785961180538
JS-16,26.2,6.6,6.1,2.3,129.0,1.173,1.043,0.705,0.088,0.117,0.068,0.056,4.9,7.574,7.64,5.69,토양-질소 기원,10.025641025641026,4.177323103154305,6.45694799658994,1.3427065026362037,0.12482269503546099,0.09308159493002376
JS-17,27.5,6.6,6.5,2.6,130.0,1.348,1.203,0.93,0.084,0.151,0.104,0.095,3.9,7.475,7.67,5.16,토양-질소 기원,8.927152317880795,2.893175074183976,5.545252225519287,1.4864341085271318,0.09032258064516129,0.12441471571906355
JS-18,26.1,6.7,6.3,1.5,198.0,0.742,0.663,0.568,0.016,0.037,0.02,0.009,3.3,6.221,8.68,2.03,생활하수/처리수 영향,20.054054054054056,4.44743935309973,8.384097035040432,4.275862068965518,0.028169014084507046,0.09130364893104001
JS-19,28.3,6.9,7.4,1.9,135.0,1.159,1.033,0.753,0.104,0.153,0.094,0.086,3.5,7.185,8.79,4.2,생활하수/처리수 영향,7.575163398692811,3.019844693701467,6.199309749784296,2.0928571428571425,0.13811420982735723,0.1048016701461378
JS-20,28.2,7.0,7.5,1.7,262.0,1.155,1.042,0.86,0.057,0.097,0.057,0.047,3.1,13.066,11.42,2.79,생활하수/처리수 영향,11.907216494845361,2.683982683982684,11.312554112554112,4.093189964157706,0.06627906976744187,0.06581968467778967
JS-21,28.7,7.0,7.0,2.0,194.0,1.367,1.214,0.939,0.108,0.14,0.081,0.072,3.5,11.004,9.89,2.56,생활하수/처리수 영향,9.764285714285712,2.560351133869788,8.049743964886613,3.86328125,0.11501597444089458,0.08533260632497273
JS-22,27.5,6.8,7.5,1.0,230.0,0.718,0.676,0.527,0.019,0.05,0.039,0.029,2.5,24.808,17.27,2.92,생활하수/처리수 영향,14.36,3.4818941504178276,34.551532033426184,5.914383561643835,0.03605313092979127,0.021243147371815544
JS-23,29.2,7.0,7.7,1.7,188.0,1.289,1.162,0.903,0.082,0.131,0.082,0.073,3.6,10.804,10.08,3.24,생활하수/처리수 영향,9.839694656488549,2.7928626842513578,8.381691233514353,3.1111111111111107,0.09080841638981174,0.08358015549796372
JS-24,27.5,7.1,7.1,1.2,200.0,1.132,1.024,0.778,0.059,0.108,0.062,0.053,3.7,9.93,7.85,3.26,토양-질소 기원,10.481481481481481,3.268551236749117,8.77208480565371,2.4079754601226995,0.07583547557840617,0.0783484390735146
JS-25,28.2,7.0,7.2,1.3,185.0,1.277,1.177,0.915,0.067,0.135,0.09,0.081,3.4,10.573,9.86,2.83,생활하수/처리수 영향,9.459259259259259,2.662490211433046,8.27956147220047,3.4840989399293285,0.073224043715847,0.0865411898231344
JS-26,27.3,6.9,6.8,0.8,160.0,0.8,0.739,0.51,0.037,0.106,0.076,0.068,3.6,9.635,9.98,3.92,생활하수/처리수 영향,7.547169811320756,4.5,12.04375,2.545918367346939,0.07254901960784313,0.052932018681888945
JS-27,28.8,6.8,7.0,1.8,189.0,1.618,1.441,1.167,0.052,0.143,0.08,0.071,3.7,11.706,9.65,3.86,생활하수/처리수 영향,11.314685314685317,2.2867737948084055,7.234857849196538,2.5,0.044558697514995714,0.09969246540235777
JS-28,26.6,7.1,7.1,1.2,220.0,1.396,1.301,1.054,0.053,0.092,0.057,0.047,3.8,13.18,10.56,3.04,생활하수/처리수 영향,15.17391304347826,2.7220630372492836,9.441260744985673,3.473684210526316,0.05028462998102466,0.07996965098634295
JS-29,29.3,6.3,6.9,1.7,196.0,1.585,1.392,1.205,0.045,0.164,0.108,0.098,3.9,12.543,9.46,5.88,생활하수/처리수 영향,9.664634146341463,2.4605678233438484,7.913564668769716,1.608843537414966,0.03734439834024896,0.09606952084828192
JS-30,25.2,6.7,4.4,1.3,174.0,0.386,0.283,0.209,0.019,0.078,0.042,0.037,2.3,8.247,13.92,6.38,생활하수/처리수 영향,4.948717948717949,5.958549222797926,21.365284974093264,2.1818181818181817,0.09090909090909091,0.025342548805626287
JS-31,28.8,6.5,7.0,1.4,201.0,1.254,1.112,0.907,0.031,0.13,0.085,0.078,3.7,11.821,10.47,4.58,생활하수/처리수 영향,9.646153846153846,2.9505582137161084,9.426634768740032,2.2860262008733625,0.034178610804851156,0.0767278572032823
JS-32,28.7,6.6,5.4,1.0,204.0,0.986,0.909,0.678,0.037,0.167,0.129,0.124,3.9,11.986,10.58,2.88,생활하수/처리수 영향,5.904191616766466,3.9553752535496955,12.156186612576066,3.673611111111111,0.05457227138643067,0.05656599365926915
JS-33,28.9,6.7,7.8,2.2,269.0,1.577,1.399,1.051,0.086,0.151,0.084,0.074,4.6,28.886,10.77,0.17,생활하수/처리수 영향,10.443708609271523,2.9169308814204182,18.31705770450222,63.35294117647058,0.0818268315889629,0.03638440767153638
JS-34,29.4,7.1,7.6,1.3,201.0,1.099,0.987,0.753,0.028,0.125,0.09,0.081,3.6,11.917,10.85,4.29,생활하수/처리수 영향,8.792,3.2757051865332123,10.843494085532303,2.529137529137529,0.03718459495351926,0.06318704371905681
JS-35,27.9,7.1,6.0,1.3,222.0,1.352,1.21,0.894,0.053,0.159,0.095,0.087,4.5,15.403,10.58,2.82,생활하수/처리수 영향,8.50314465408805,3.328402366863905,11.39275147928994,3.7517730496453905,0.0592841163310962,0.05804064143348698
JS-36,29.3,6.9,7.7,1.3,204.0,1.273,1.127,0.916,0.04,0.131,0.081,0.076,3.9,12.534,11.38,3.18,생활하수/처리수 영향,9.717557251908396,3.063629222309505,9.846032992930088,3.5786163522012577,0.043668122270742356,0.07308121908409126
JS-20B,26.8,6.8,6.6,9.4,345.0,7.306,6.236,3.395,2.445,0.583,0.267,0.244,8.8,42.621,12.28,-1.7,생활하수/처리수 영향,12.531732418524872,1.2044894607172187,5.833698330139612,-7.223529411764706,0.7201767304860088,0.07965556885103588
JS-9B,7.128,0.099,3.069,2.5,54.33870621489646,2.728,2.447,1.635,0.484,0.098,0.034,0.01,4.7,67.588,20.5,5.45,축산분뇨(직접유출),27.836734693877553,1.7228739002932552,24.775659824046915,3.761467889908257,0.2960244648318043,0.024190684736935555
JS-1,25.8,7.6,7.8,1.1,152.0,0.472,0.357,0.217,0.041,0.051,0.025,0.01,2.7,11.678,6.82,2.14,내생부하(정체수역 유기물 축적),9.254901960784315,5.720338983050848,24.741525423728817,3.1869158878504673,0.18894009216589863,0.018581948963863674
JS-2,26.2,6.9,6.0,0.8,120.0,0.441,0.396,0.264,0.023,0.028,0.018,0.007,2.3,5.964,9.64,5.64,생활하수/처리수 영향,15.75,5.215419501133787,13.523809523809526,1.7092198581560285,0.08712121212121211,0.04426559356136821
JS-3,26.7,6.9,8.0,0.9,138.0,0.412,0.319,0.209,0.035,0.035,0.017,0.005,2.4,8.822,8.95,4.49,생활하수/처리수 영향,11.77142857142857,5.825242718446602,21.4126213592233,1.993318485523385,0.1674641148325359,0.023690773067331673
JS-4,25.9,7.2,7.7,0.8,85.0,0.427,0.319,0.197,0.042,0.043,0.024,0.008,2.7,4.915,6.06,1.17,내생부하(정체수역 유기물 축적),9.930232558139535,6.323185011709603,11.510538641686184,5.17948717948718,0.2131979695431472,0.040081383519837234
JS-5,27.7,7.0,7.0,1.0,126.0,0.479,0.378,0.23,0.065,0.046,0.027,0.011,2.7,8.266,8.14,2.14,생활하수/처리수 영향,10.41304347826087,5.6367432150313155,17.256784968684762,3.803738317757009,0.2826086956521739,0.02782482458262763
JS-6,26.4,7.3,7.7,1.0,113.0,0.443,0.432,0.279,0.047,0.05,0.027,0.012,2.9,6.746,8.14,2.48,생활하수/처리수 영향,8.86,6.5462753950338595,15.227990970654629,3.2822580645161294,0.16845878136200715,0.041357841683960866
JS-7,27.9,7.0,6.8,0.8,124.0,0.458,0.385,0.246,0.036,0.041,0.024,0.011,2.7,7.967,8.52,2.49,생활하수/처리수 영향,11.170731707317072,5.895196506550218,17.395196506550217,3.4216867469879513,0.14634146341463414,0.030877369147734406
JS-8,26.6,6.6,6.2,0.9,145.0,1.768,1.675,1.479,0.076,0.211,0.177,0.17,2.7,8.585,11.91,12.7,생활하수/처리수 영향,8.37914691943128,1.5271493212669685,4.855769230769231,0.9377952755905512,0.05138607167004732,0.17227722772277226
JS-9,28.3,6.7,6.6,0.7,125.0,0.786,0.675,0.473,0.064,0.093,0.069,0.055,3.0,8.174,11.4,7.81,생활하수/처리수 영향,8.451612903225806,3.8167938931297707,10.399491094147582,1.4596670934699105,0.13530655391120508,0.05786640567653536
JS-10,28.1,6.9,7.0,1.2,173.0,1.371,1.217,0.852,0.193,0.17,0.123,0.115,3.5,11.536,10.39,2.93,생활하수/처리수 영향,8.064705882352941,2.5528811086797956,8.414296134208607,3.546075085324232,0.22652582159624415,0.07385575589459084
JS-11,28.1,7.0,7.2,1.0,147.0,1.498,1.33,1.089,0.08,0.197,0.146,0.141,3.5,9.039,9.13,8.59,생활하수/처리수 영향,7.604060913705584,2.336448598130841,6.034045393858478,1.062863795110594,0.07346189164370982,0.12047792897444408
JS-12,27.4,7.2,8.0,1.0,118.0,0.756,0.623,0.506,0.041,0.058,0.024,0.012,2.5,5.015,9.24,4.13,생활하수/처리수 영향,13.034482758620689,3.306878306878307,6.633597883597883,2.2372881355932206,0.08102766798418973,0.10089730807577268
JS-13,28.1,7.6,8.9,0.4,139.0,1.17,1.083,0.894,0.021,0.11,0.087,0.084,2.9,7.684,9.93,6.68,생활하수/처리수 영향,10.636363636363635,2.4786324786324787,6.567521367521368,1.4865269461077844,0.02348993288590604,0.11634565330557002
JS-14,27.0,6.6,7.5,0.7,194.0,1.486,1.339,1.075,0.099,0.106,0.069,0.06,3.4,10.048,9.4,4.03,생활하수/처리수 영향,14.018867924528303,2.288021534320323,6.761776581426648,2.332506203473945,0.09209302325581396,0.10698646496815287
JS-15,28.9,6.7,6.3,0.5,146.0,1.15,1.037,0.846,0.044,0.107,0.082,0.077,3.3,8.328,9.16,6.76,생활하수/처리수 영향,10.74766355140187,2.869565217391304,7.241739130434783,1.3550295857988166,0.05200945626477541,0.10158501440922191
JS-16,26.8,6.7,7.1,0.7,162.0,1.303,1.193,0.882,0.048,0.091,0.063,0.05,4.1,8.718,9.92,5.32,생활하수/처리수 영향,14.318681318681318,3.1465848042977744,6.69071373752878,1.8646616541353382,0.05442176870748299,0.10116999311768754
JS-17,28.6,6.8,6.7,0.5,150.0,1.301,1.196,0.957,0.05,0.134,0.111,0.107,3.6,8.413,9.57,4.54,생활하수/처리수 영향,9.708955223880595,2.7671022290545735,6.466564181398924,2.107929515418502,0.052246603970741906,0.11375252585284677
JS-18,26.6,6.8,6.6,0.4,197.0,0.872,0.816,0.665,0.016,0.036,0.02,0.009,3.1,5.328,8.37,2.06,생활하수/처리수 영향,24.222222222222225,3.555045871559633,6.110091743119266,4.063106796116505,0.024060150375939848,0.12481231231231231
JS-19,28.2,7.0,8.3,0.7,152.0,1.401,1.273,0.994,0.047,0.109,0.08,0.071,4.0,7.424,7.99,4.23,토양-질소 기원,12.853211009174313,2.8551034975017844,5.299072091363312,1.8888888888888888,0.047283702213279676,0.13389008620689655
JS-20,28.5,7.0,7.4,0.7,231.0,1.417,1.257,1.024,0.067,0.114,0.082,0.077,3.5,10.231,10.21,3.52,생활하수/처리수 영향,12.429824561403509,2.4700070571630204,7.220183486238532,2.900568181818182,0.0654296875,0.10008796794057277
JS-21,28.7,7.0,7.1,0.9,204.0,1.943,1.799,1.365,0.167,0.159,0.122,0.115,4.1,11.39,8.97,2.99,생활하수/처리수 영향,12.220125786163523,2.110138960370561,5.862068965517241,3.0,0.12234432234432235,0.11984196663740122
JS-22,26.6,6.9,7.0,0.3,239.0,1.139,1.073,0.901,0.016,0.043,0.035,0.022,2.4,21.497,14.28,2.68,생활하수/처리수 영향,26.48837209302326,2.1071115013169446,18.87357330992098,5.3283582089552235,0.017758046614872364,0.041912825045355165
JS-23,28.7,7.0,7.9,0.8,187.0,2.088,1.961,1.591,0.114,0.164,0.138,0.127,4.0,10.356,8.2,3.7,생활하수/처리수 영향,12.731707317073171,1.9157088122605364,4.959770114942528,2.216216216216216,0.07165304839723445,0.15363074546156819
JS-24,27.8,7.1,7.3,0.6,182.0,1.537,1.426,1.113,0.047,0.116,0.092,0.078,3.9,8.878,8.46,3.57,생활하수/처리수 영향,13.249999999999998,2.5374105400130125,5.776187378009109,2.3697478991596643,0.042228212039532795,0.12536607343996395
JS-25,28.3,7.0,7.7,1.1,187.0,1.853,1.777,1.456,0.061,0.142,0.115,0.111,4.0,9.858,8.22,4.79,생활하수/처리수 영향,13.049295774647888,2.1586616297895307,5.320021586616298,1.7160751565762005,0.04189560439560439,0.14769730168391154
JS-26,26.6,7.3,7.0,0.8,185.0,0.989,0.947,0.648,0.03,0.099,0.079,0.072,3.9,9.508,9.67,4.28,생활하수/처리수 영향,9.98989898989899,3.9433771486349847,9.613751263902932,2.259345794392523,0.046296296296296294,0.06815313420277662
JS-27,28.9,6.9,8.1,1.0,199.0,2.087,2.013,1.705,0.04,0.151,0.118,0.114,3.9,10.622,8.64,5.61,생활하수/처리수 영향,13.821192052980134,1.8687110685194057,5.089602299952084,1.5401069518716577,0.02346041055718475,0.16051591037469404
JS-28,26.5,6.8,7.1,0.9,240.0,1.604,1.511,1.282,0.038,0.071,0.052,0.041,3.1,12.907,10.41,3.55,생활하수/처리수 영향,22.59154929577465,1.9326683291770572,8.046758104738155,2.932394366197183,0.029641185647425895,0.09932594716045556
JS-29,28.9,6.5,6.9,1.0,179.0,1.791,1.696,1.347,0.073,0.16,0.136,0.132,4.1,9.34,8.13,4.69,생활하수/처리수 영향,11.19375,2.2892238972640984,5.214963707426019,1.7334754797441365,0.054194506310319225,0.1442184154175589
JS-30,25.4,7.5,4.2,0.7,187.0,0.273,0.233,0.104,0.023,0.063,0.043,0.034,2.2,8.748,10.73,5.16,생활하수/처리수 영향,4.333333333333334,8.058608058608058,32.04395604395604,2.0794573643410854,0.22115384615384617,0.011888431641518062
JS-31,28.9,7.2,6.5,2.1,189.0,1.675,1.559,1.227,0.059,0.143,0.111,0.108,4.1,9.155,8.43,4.52,생활하수/처리수 영향,11.713286713286715,2.4477611940298503,5.465671641791044,1.8650442477876108,0.04808475957620211,0.13402512288367013
JS-32,28.4,7.9,4.4,1.4,278.0,1.227,1.087,0.518,0.178,0.358,0.309,0.306,5.0,15.552,13.02,4.28,생활하수/처리수 영향,3.427374301675978,4.074979625101874,12.674816625916868,3.042056074766355,0.3436293436293436,0.033307613168724284
JS-33,29.9,8.1,9.1,1.7,291.0,1.746,1.598,1.162,0.058,0.124,0.091,0.077,4.7,31.542,10.99,4.58,생활하수/처리수 영향,14.080645161290322,2.691867124856816,18.06529209621993,2.3995633187772927,0.049913941480206545,0.036839769196626716
JS-34,29.5,8.1,7.0,1.0,188.0,1.654,1.524,1.206,0.054,0.143,0.119,0.115,4.1,9.234,8.61,4.58,생활하수/처리수 영향,11.566433566433567,2.4788391777509067,5.582829504232165,1.8799126637554584,0.04477611940298508,0.13060428849902533
JS-35,28.6,8.8,6.9,0.9,211.0,1.622,1.522,1.179,0.05,0.157,0.122,0.116,4.4,11.712,9.18,4.43,생활하수/처리수 영향,10.331210191082803,2.7127003699136867,7.220715166461159,2.0722347629796842,0.04240882103477523,0.10066598360655739
JS-36,28.8,8.4,7.3,1.0,212.0,2.19,2.065,1.77,0.025,0.185,0.155,0.151,4.1,11.619,11.63,3.26,생활하수/처리수 영향,11.837837837837837,1.872146118721461,5.3054794520547945,3.5674846625766876,0.014124293785310734,0.15233668990446683
JS-20B,27.1,6.9,6.7,12.0,409.0,7.23,6.342,3.27,2.429,0.61,0.285,0.257,10.6,39.957,18.02,0.77,생활하수/처리수 영향,11.852459016393444,1.466113416320885,5.52655601659751,23.4025974025974,0.7428134556574923,0.08183797582401081
JS-9B,27.9,6.9,7.1,2.3,370.0,2.399,2.08,1.587,0.098,0.167,0.08,0.055,5.2,51.753,10.89,0.19,생활하수/처리수 영향,14.365269461077844,2.1675698207586493,21.572738641100457,57.31578947368421,0.06175173282923756,0.030664888991942495
JS-1,20.6,7.6,10.1,0.6,106.0,1.294,1.287,1.157,0.023,0.032,0.031,0.006,2.0,7.836,3.79,2.09,토양-질소 기원,40.4375,1.5455950540958268,6.05564142194745,1.8133971291866031,0.019878997407087293,0.1476518631955079
JS-2,21.5,7.2,9.4,0.8,70.0,1.607,1.522,1.373,0.039,0.086,0.072,0.008,3.5,4.038,4.98,1.2,토양-질소 기원,18.686046511627907,2.177971375233354,2.51275668948351,4.15,0.028404952658412235,0.3400198117880138
JS-3,21.4,6.8,9.6,0.8,84.0,1.507,1.43,1.316,0.03,0.071,0.07,0.007,3.1,5.626,4.98,1.47,토양-질소 기원,21.225352112676056,2.0570670205706705,3.733244857332449,3.3877551020408165,0.022796352583586626,0.23391397084962673
JS-4,20.3,7.0,10.0,0.6,60.0,1.129,1.093,0.96,0.033,0.045,0.044,0.004,2.4,3.948,2.75,2.54,토양-질소 기원,25.08888888888889,2.1257750221434897,3.496899911426041,1.0826771653543308,0.034375,0.24316109422492402
JS-5,21.1,7.0,9.6,0.7,82.0,1.453,1.383,1.255,0.035,0.06,0.059,0.008,2.8,5.373,4.99,1.62,토양-질소 기원,24.21666666666667,1.927047487955953,3.6978664831383345,3.080246913580247,0.02788844621513945,0.23357528382654008
JS-6,20.4,7.0,9.9,0.7,82.0,1.356,1.314,1.206,0.032,0.046,0.045,0.015,2.0,5.052,5.13,1.68,토양-질소 기원,29.47826086956522,1.4749262536873156,3.7256637168141586,3.053571428571429,0.026533996683250415,0.23871733966745845
JS-7,20.9,7.0,9.4,0.7,85.0,1.473,1.437,1.307,0.04,0.042,0.041,0.01,2.4,5.473,6.46,2.0,토양-질소 기원,35.07142857142857,1.6293279022403258,3.715546503733876,3.23,0.030604437643458302,0.23880869724100126
JS-8,21.5,6.7,8.6,0.8,93.0,2.059,2.004,1.918,0.04,0.108,0.103,0.078,1.8,5.469,9.15,2.52,생활하수/처리수 영향,19.064814814814817,0.8742107819329771,2.6561437591063624,3.630952380952381,0.02085505735140772,0.35070396781861396
JS-9,21.7,6.6,8.7,0.9,94.0,1.652,1.607,1.482,0.039,0.067,0.066,0.03,2.2,5.502,7.09,2.09,토양-질소 기원,24.656716417910445,1.331719128329298,3.330508474576271,3.3923444976076556,0.02631578947368421,0.26935659760087244
JS-10,21.8,7.0,8.6,0.7,76.0,1.017,0.965,0.853,0.05,0.044,0.042,0.015,2.2,5.091,5.73,1.39,토양-질소 기원,23.113636363636363,2.16322517207473,5.00589970501475,4.122302158273382,0.0586166471277843,0.1675505794539383
JS-11,22.2,6.9,8.4,0.9,100.0,1.81,1.72,1.581,0.061,0.103,0.101,0.058,2.5,5.755,8.28,2.52,생활하수/처리수 영향,17.572815533980584,1.3812154696132597,3.1795580110497235,3.2857142857142856,0.038583175205566096,0.2747176368375326
JS-12,22.9,6.8,8.4,1.0,118.0,2.564,2.519,2.389,0.036,0.025,0.024,0.003,2.2,4.85,8.29,1.39,생활하수/처리수 영향,102.56,0.858034321372855,1.8915756630265208,5.9640287769784175,0.01506906655504395,0.49257731958762885
JS-13,22.2,6.8,8.6,0.9,105.0,1.933,1.889,1.736,0.044,0.071,0.069,0.035,2.2,5.452,7.46,2.1,토양-질소 기원,27.22535211267606,1.1381272633212622,2.8204862907397827,3.552380952380952,0.025345622119815666,0.31841526045487895
JS-14,22.2,6.7,8.5,0.9,115.0,2.136,2.109,1.955,0.046,0.072,0.068,0.031,2.9,5.882,4.81,2.5,토양-질소 기원,29.66666666666667,1.3576779026217227,2.7537453183520597,1.924,0.023529411764705882,0.3323699421965318
JS-15,21.9,7.3,8.6,0.9,106.0,2.06,2.002,1.844,0.045,0.081,0.075,0.042,2.6,5.589,7.03,2.77,토양-질소 기원,25.432098765432098,1.2621359223300972,2.713106796116505,2.5379061371841156,0.024403470715835138,0.32993379853283233
JS-16,22.4,6.6,8.0,1.0,143.0,2.983,2.938,2.673,0.078,0.095,0.092,0.048,4.1,6.892,6.74,2.6,토양-질소 기원,31.400000000000002,1.3744552463962452,2.310425745893396,2.5923076923076924,0.029180695847362513,0.3878409750435287
JS-17,22.0,6.7,8.5,1.0,109.0,2.17,2.118,1.944,0.05,0.088,0.083,0.049,2.7,5.691,7.25,3.13,토양-질소 기원,24.65909090909091,1.2442396313364057,2.6225806451612903,2.3162939297124603,0.0257201646090535,0.3415919873484449
JS-18,23.5,6.6,8.1,0.8,105.0,1.706,1.612,1.418,0.046,0.094,0.079,0.014,4.5,3.515,2.63,0.05,토양-질소 기원,18.148936170212764,2.637749120750293,2.060375146541618,52.599999999999994,0.03244005641748942,0.4034139402560455
JS-19,22.6,6.6,8.5,0.6,109.0,2.091,2.042,1.862,0.051,0.086,0.083,0.039,3.1,5.294,6.38,1.05,토양-질소 기원,24.313953488372096,1.4825442372070778,2.531802965088474,6.076190476190476,0.02738990332975295,0.35171892708726865
JS-20,21.5,6.7,8.8,0.5,161.0,2.584,2.532,2.374,0.048,0.084,0.083,0.043,2.7,7.226,6.1,-0.49,토양-질소 기원,30.76190476190476,1.0448916408668731,2.7964396284829722,-12.448979591836734,0.020219039595619208,0.32853584278992526
JS-21,22.7,7.0,8.3,0.8,136.0,2.458,2.368,2.144,0.085,0.097,0.091,0.045,3.1,6.566,6.17,-0.3,토양-질소 기원,25.340206185567013,1.2611879576891782,2.6712774613506913,-20.566666666666666,0.039645522388059705,0.326530612244898
JS-22,22.4,7.2,8.5,0.4,179.0,3.553,3.542,3.414,0.02,0.052,0.049,0.043,2.7,10.073,7.52,-0.82,토양-질소 기원,68.32692307692308,0.7599211933577259,2.83506895581199,-9.170731707317072,0.005858230814294083,0.33892584135808596
JS-23,22.6,7.4,8.3,0.8,139.0,2.414,2.343,2.13,0.079,0.099,0.094,0.049,3.3,6.486,6.29,-0.36,토양-질소 기원,24.383838383838384,1.3670256835128416,2.6868268434134213,-17.47222222222222,0.037089201877934276,0.3283996299722479
JS-24,22.0,7.4,8.2,0.8,162.0,3.673,3.644,3.391,0.085,0.105,0.099,0.064,4.1,7.001,4.39,0.76,토양-질소 기원,34.98095238095238,1.116253743533896,1.906071331336782,5.776315789473684,0.025066352108522563,0.484359377231824
JS-25,22.4,7.4,8.2,0.8,138.0,2.392,2.382,2.145,0.083,0.117,0.109,0.059,3.2,6.369,6.15,0.93,토양-질소 기원,20.444444444444443,1.3377926421404684,2.6626254180602005,6.612903225806452,0.0386946386946387,0.3367875647668394
JS-26,22.6,7.3,7.1,0.6,169.0,2.578,2.537,2.18,0.083,0.143,0.138,0.099,4.5,7.761,7.27,0.54,토양-질소 기원,18.02797202797203,1.7455391776570985,3.010473235065943,13.462962962962962,0.038073394495412846,0.2808916376755573
JS-27,22.8,7.4,7.9,0.5,145.0,2.629,2.581,2.317,0.081,0.102,0.097,0.051,3.3,6.797,6.5,0.08,토양-질소 기원,25.77450980392157,1.2552301255230125,2.585393685812096,81.25,0.03495899870522227,0.3408856848609681
JS-28,21.8,7.1,7.9,0.5,273.0,5.617,5.551,5.515,0.034,0.099,0.093,0.062,3.7,11.889,6.02,0.03,토양-질소 기원,56.73737373737374,0.6587146163432438,2.116610290190493,200.66666666666666,0.006165004533091569,0.463874169400286
JS-29,22.5,7.0,7.8,0.8,140.0,2.653,2.647,2.357,0.109,0.108,0.1,0.062,3.6,6.826,5.81,0.0,토양-질소 기원,24.564814814814817,1.356954391255183,2.572936298529966,-1082.07,0.04624522698345354,0.3452973923234691
JS-30,21.8,7.1,8.0,0.2,204.0,6.938,6.886,6.844,0.02,0.074,0.07,0.046,2.8,9.925,8.5,-0.96,생활하수/처리수 영향,93.75675675675676,0.40357451715191694,1.4305275295474202,-8.854166666666668,0.0029222676797194622,0.6895717884130982
JS-31,22.9,6.8,8.1,0.6,139.0,2.718,2.687,2.438,0.091,0.117,0.112,0.058,3.3,6.768,6.14,-0.39,토양-질소 기원,23.23076923076923,1.2141280353200883,2.4900662251655628,-15.743589743589743,0.03732567678424938,0.36022458628841614
JS-32,21.6,6.8,6.8,0.5,206.0,4.67,4.656,4.481,0.063,0.153,0.143,0.102,3.8,11.313,9.78,0.77,생활하수/처리수 영향,30.522875816993466,0.8137044967880085,2.422483940042827,12.7012987012987,0.014059361749609462,0.3960929903650667
JS-33,23.5,7.0,8.3,1.4,219.0,3.116,3.042,2.495,0.205,0.202,0.166,0.106,4.5,15.878,7.44,0.61,토양-질소 기원,15.425742574257425,1.4441591784338896,5.095635430038511,12.196721311475411,0.08216432865731461,0.1571356594029475
JS-34,22.9,7.2,8.3,0.5,139.0,2.779,2.718,2.444,0.086,0.111,0.101,0.066,3.3,6.824,6.43,0.53,토양-질소 기원,25.036036036036034,1.1874775098956458,2.4555595537963297,12.132075471698112,0.035188216039279865,0.358147713950762
JS-35,23.3,7.2,6.3,0.8,166.0,2.202,2.11,1.672,0.072,0.205,0.172,0.106,5.2,8.798,7.04,0.66,토양-질소 기원,10.741463414634147,2.3614895549500456,3.9954586739327884,10.666666666666666,0.043062200956937795,0.19004319163446237
JS-36,23.2,7.3,8.4,0.6,143.0,2.882,2.769,2.518,0.09,0.143,0.134,0.082,3.5,7.106,6.43,0.03,토양-질소 기원,20.153846153846157,1.2144344205412907,2.465648854961832,214.33333333333334,0.035742652899126294,0.35434843793976917
JS-20B,23.8,6.7,7.8,10.9,327.0,11.413,10.447,7.236,3.056,0.6,0.364,0.273,8.9,31.735,23.7,6.6,생활하수/처리수 영향,19.02166666666667,0.7798124945237886,2.780601068956453,3.590909090909091,0.4223327805417358,0.22801323459902315
JS-9B,25.8,6.5,6.4,1.0,151.0,1.37,1.197,0.835,0.023,0.099,0.078,0.015,3.4,27.654,10.95,-2.96,생활하수/처리수 영향,13.83838383838384,2.481751824817518,20.185401459854013,-3.699324324324324,0.027544910179640718,0.030194546900990812
JS-1,18.9,7.5,9.5,0.8,122.0,1.527,0.949,0.839,0.018,0.029,0.016,0.005,2.6,9.022,4.37,1.06,토양-질소 기원,52.655172413793096,1.7026850032743943,5.908316961362148,4.122641509433962,0.021454112038140644,0.09299490135225005
JS-2,19.4,7.1,8.8,1.2,87.0,1.09,0.962,0.787,0.038,0.057,0.03,0.016,3.5,5.378,6.4,2.48,토양-질소 기원,19.12280701754386,3.2110091743119265,4.93394495412844,2.580645161290323,0.048284625158831,0.14633692822610636
JS-3,19.4,6.8,8.9,1.0,104.0,1.032,0.952,0.78,0.038,0.052,0.028,0.013,3.2,7.006,5.54,1.69,토양-질소 기원,19.846153846153847,3.10077519379845,6.788759689922481,3.27810650887574,0.04871794871794872,0.11133314302026834
JS-4,18.7,6.9,9.3,1.5,88.0,0.908,0.818,0.65,0.021,0.065,0.035,0.018,4.4,6.267,5.17,1.58,토양-질소 기원,13.96923076923077,4.845814977973569,6.901982378854625,3.272151898734177,0.03230769230769231,0.10371788734641774
JS-5,19.2,6.8,9.0,1.3,100.0,1.073,0.972,0.792,0.044,0.063,0.036,0.023,3.5,6.827,5.75,3.51,토양-질소 기원,17.03174603174603,3.2618825722274,6.362534948741845,1.6381766381766383,0.05555555555555555,0.11600996045114985
JS-6,19.1,7.0,9.3,1.3,102.0,1.2,1.139,0.939,0.031,0.072,0.044,0.032,3.7,6.579,5.46,-0.3,토양-질소 기원,16.666666666666668,3.0833333333333335,5.4825,-18.2,0.03301384451544196,0.1427268581851345
JS-7,19.1,6.9,8.5,1.0,103.0,1.081,0.998,0.836,0.042,0.068,0.04,0.031,3.0,6.98,5.83,3.65,토양-질소 기원,15.89705882352941,2.775208140610546,6.456984273820537,1.5972602739726027,0.05023923444976077,0.11977077363896847
JS-8,20.1,7.1,8.1,1.1,106.0,1.941,1.854,1.548,0.068,0.15,0.119,0.115,3.3,6.08,8.41,1.85,생활하수/처리수 영향,12.940000000000001,1.7001545595054095,3.1324059763008756,4.545945945945946,0.043927648578811374,0.2546052631578947
JS-9,20.0,6.8,9.0,0.9,117.0,1.556,1.477,1.226,0.086,0.131,0.097,0.097,2.4,7.059,10.27,3.79,생활하수/처리수 영향,11.877862595419847,1.5424164524421593,4.536632390745501,2.70976253298153,0.07014681892332789,0.17367899135854936
JS-10,19.3,6.6,9.1,1.1,111.0,1.381,1.304,1.067,0.074,0.094,0.061,0.061,3.0,6.981,4.99,-1.19,토양-질소 기원,14.691489361702128,2.172338884866039,5.055032585083273,-4.19327731092437,0.06935332708528585,0.1528434321730411
JS-11,20.5,6.8,8.8,1.0,119.0,1.898,1.798,1.525,0.079,0.166,0.121,0.117,2.7,7.036,9.95,3.94,생활하수/처리수 영향,11.433734939759034,1.4225500526870392,3.707060063224447,2.525380710659898,0.05180327868852459,0.21674246731097213
JS-12,21.3,6.8,8.6,0.3,190.0,1.633,1.554,1.404,0.027,0.017,0.007,0.001,1.5,5.525,9.7,3.94,생활하수/처리수 영향,96.05882352941175,0.9185548071034905,3.383343539497857,2.4619289340101522,0.019230769230769232,0.2541176470588235
JS-13,20.6,7.0,9.1,0.8,140.0,2.15,2.096,1.733,0.124,0.205,0.16,0.157,2.7,7.559,8.44,7.09,생활하수/처리수 영향,10.487804878048781,1.2558139534883723,3.5158139534883723,1.1904090267983074,0.07155222158107327,0.2292631300436566
JS-14,19.8,6.9,8.8,1.3,162.0,2.042,1.963,1.551,0.092,0.128,0.062,0.054,4.1,9.993,8.01,2.19,생활하수/처리수 영향,15.953124999999998,2.0078354554358473,4.8937316356513225,3.6575342465753424,0.05931656995486783,0.15520864605223655
JS-15,20.0,7.8,9.5,0.7,156.0,1.82,1.78,1.507,0.054,0.113,0.08,0.077,2.4,8.031,10.1,5.42,생활하수/처리수 영향,16.106194690265486,1.3186813186813187,4.412637362637363,1.8634686346863467,0.035832780358327807,0.18764786452496574
JS-16,20.0,6.8,9.1,1.7,201.0,2.342,2.228,1.707,0.119,0.12,0.077,0.065,4.9,11.019,10.86,2.88,생활하수/처리수 영향,19.51666666666667,2.0922288642186166,4.704953031596926,3.7708333333333335,0.06971294669009959,0.15491423904165533
JS-17,20.1,6.8,9.3,1.0,160.0,2.109,2.04,1.696,0.08,0.161,0.124,0.122,2.8,8.197,9.3,5.83,생활하수/처리수 영향,13.099378881987578,1.3276434329065907,3.8866761498340443,1.5951972555746141,0.04716981132075472,0.20690496523118215
JS-18,20.2,6.8,9.1,0.5,196.0,1.601,1.547,1.369,0.022,0.04,0.027,0.021,2.6,6.201,7.83,-0.55,토양-질소 기원,40.025,1.6239850093691444,3.873204247345409,-14.236363636363635,0.016070124178232285,0.22077084341235287
JS-19,20.5,7.0,10.0,0.9,162.0,1.852,1.782,1.52,0.025,0.113,0.081,0.077,2.6,8.091,10.51,4.85,생활하수/처리수 영향,16.38938053097345,1.4038876889848813,4.368790496760258,2.167010309278351,0.01644736842105263,0.18786305771845263
JS-20,20.2,7.0,9.7,1.8,286.0,1.761,1.65,1.292,0.096,0.151,0.101,0.099,3.6,9.855,10.05,5.1,생활하수/처리수 영향,11.662251655629138,2.044293015332198,5.596252129471892,1.970588235294118,0.07430340557275542,0.13110096397767632
JS-21,20.8,0.1,9.5,1.6,228.0,1.979,1.882,1.518,0.106,0.129,0.081,0.079,3.3,10.378,10.08,3.78,생활하수/처리수 영향,15.34108527131783,1.667508842849924,5.244062657908034,2.666666666666667,0.06982872200263504,0.14627095779533628
JS-22,20.7,7.1,8.9,0.7,216.0,1.633,1.613,1.231,0.12,0.06,0.039,0.034,2.8,18.515,10.44,2.35,생활하수/처리수 영향,27.21666666666667,1.7146356399265155,11.338028169014084,4.4425531914893615,0.09748172217709178,0.06648663246016744
JS-23,21.0,7.3,8.5,1.9,281.0,2.631,2.475,1.778,0.378,0.173,0.112,0.11,3.5,12.883,9.59,5.07,생활하수/처리수 영향,15.208092485549132,1.330292664386165,4.896617255796275,1.8915187376725837,0.2125984251968504,0.13801133276410776
JS-24,20.1,7.2,8.4,2.2,255.0,3.649,3.494,2.281,0.714,0.322,0.242,0.235,4.7,14.913,7.98,2.72,토양-질소 기원,11.332298136645962,1.2880241161962183,4.08687311592217,2.9338235294117645,0.3130206049978079,0.15295379869912157
JS-25,20.5,7.4,8.3,2.2,279.0,2.883,2.806,2.031,0.396,0.194,0.138,0.133,3.4,13.248,8.73,5.89,생활하수/처리수 영향,14.86082474226804,1.1793270898369754,4.595213319458897,1.4821731748726656,0.19497784342688332,0.15330615942028988
JS-26,20.4,7.2,7.8,1.3,153.0,1.36,1.257,0.953,0.044,0.115,0.073,0.066,4.0,8.062,10.42,1.32,생활하수/처리수 영향,11.82608695652174,2.941176470588235,5.927941176470587,7.893939393939394,0.046169989506820566,0.11820888117092533
JS-27,22.2,7.1,9.4,1.6,294.0,8.466,8.335,5.997,0.702,0.767,0.718,0.709,5.3,15.701,12.12,4.95,생활하수/처리수 영향,11.037809647979138,0.6260335459484999,1.8545948499881884,2.4484848484848483,0.11705852926463231,0.381950194255143
JS-28,19.5,7.0,7.8,0.8,301.0,2.68,2.671,2.409,0.036,0.105,0.077,0.074,3.2,15.817,9.37,2.36,생활하수/처리수 영향,25.523809523809526,1.1940298507462686,5.901865671641791,3.9703389830508473,0.014943960149439602,0.15230448251880888
JS-29,21.1,6.3,8.8,1.0,228.0,2.412,2.323,2.0,0.037,0.115,0.083,0.079,2.9,13.091,10.06,5.44,생활하수/처리수 영향,20.97391304347826,1.2023217247097844,5.427446102819237,1.8492647058823528,0.0185,0.15277671682835536
JS-30,19.8,6.9,6.9,0.9,158.0,1.925,1.857,1.574,0.025,0.113,0.091,0.088,3.3,8.543,9.86,3.42,생활하수/처리수 영향,17.035398230088497,1.7142857142857142,4.437922077922077,2.8830409356725144,0.01588310038119441,0.18424441062858482
JS-31,20.7,6.8,8.3,2.2,214.0,2.258,2.142,1.856,0.027,0.11,0.069,0.068,2.9,11.969,10.16,5.15,생활하수/처리수 영향,20.527272727272727,1.2843224092116918,5.300708591674048,1.9728155339805824,0.014547413793103448,0.15506725708079205
JS-32,19.2,6.6,6.8,2.6,143.0,2.572,2.369,1.621,0.344,0.405,0.284,0.282,4.9,6.787,8.08,3.15,생활하수/처리수 영향,6.350617283950617,1.9051321928460343,2.638802488335925,2.5650793650793653,0.2122146822948797,0.23883895682923237
JS-33,19.9,6.7,8.1,3.4,171.0,2.552,2.249,1.464,0.401,0.283,0.121,0.112,5.3,16.132,6.94,5.23,토양-질소 기원,9.017667844522968,2.0768025078369905,6.321316614420063,1.3269598470363289,0.2739071038251366,0.09075130176047606
JS-34,20.8,6.9,8.8,1.6,203.0,2.094,2.013,1.717,0.029,0.108,0.063,0.062,2.9,11.502,10.95,6.71,생활하수/처리수 영향,19.38888888888889,1.384909264565425,5.492836676217766,1.6318926974664678,0.0168899242865463,0.14927838636758825
JS-35,20.2,7.2,7.9,2.5,197.0,2.21,1.982,1.591,0.065,0.243,0.145,0.14,5.3,12.864,8.78,2.95,생활하수/처리수 영향,9.094650205761317,2.3981900452488687,5.82081447963801,2.9762711864406777,0.040854808296668765,0.12367848258706467
JS-36,20.8,7.1,8.8,2.4,207.0,2.566,2.367,1.953,0.088,0.16,0.08,0.075,4.1,14.895,10.64,4.31,생활하수/처리수 영향,16.037499999999998,1.597817614964926,5.804754481683554,2.4686774941995364,0.04505888376856118,0.1311178247734139
JS-20B,22.5,6.9,8.7,7.0,307.0,7.18,6.675,4.208,1.783,0.338,0.151,0.142,5.8,33.402,12.15,-0.53,생활하수/처리수 영향,21.242603550295854,0.807799442896936,4.652089136490251,-22.92452830188679,0.4237167300380228,0.12598048021076583
JS-1,12.9,7.7,10.9,0.5,134.0,0.831,0.827,0.61,0.024,0.016,0.01,0.004,1.3,9.472,5.3,3.01,토양-질소 기원,51.9375,1.5643802647412757,11.398315282791817,1.760797342192691,0.03934426229508197,0.06440033783783784
JS-2,13.7,7.3,10.4,0.6,87.0,0.921,0.916,0.637,0.024,0.023,0.01,0.004,2.0,4.437,4.89,1.86,토양-질소 기원,40.04347826086957,2.1715526601520088,4.817589576547231,2.629032258064516,0.03767660910518053,0.14356547216587784
JS-3,13.7,7.0,10.3,0.5,106.0,0.926,0.925,0.653,0.026,0.021,0.009,0.004,1.7,6.282,5.7,2.3,토양-질소 기원,44.095238095238095,1.83585313174946,6.784017278617711,2.4782608695652177,0.039816232771822356,0.10394778732887616
JS-4,13.0,7.0,10.7,0.4,76.0,0.606,0.583,0.439,0.018,0.021,0.008,0.003,1.6,4.541,4.66,2.84,토양-질소 기원,28.857142857142854,2.6402640264026407,7.493399339933994,1.6408450704225352,0.04100227790432801,0.09667474124642149
JS-5,14.2,7.2,10.2,0.5,104.0,0.896,0.872,0.628,0.021,0.025,0.011,0.005,1.5,6.229,6.17,2.82,토양-질소 기원,35.839999999999996,1.6741071428571428,6.952008928571429,2.1879432624113475,0.03343949044585987,0.10081875100337133
JS-6,12.9,7.3,10.8,0.5,103.0,0.972,0.942,0.675,0.026,0.022,0.01,0.004,1.5,6.306,7.22,2.53,토양-질소 기원,44.18181818181818,1.5432098765432098,6.487654320987654,2.8537549407114624,0.038518518518518514,0.10704091341579448
JS-7,14.4,7.0,9.8,0.5,106.0,0.943,0.917,0.651,0.024,0.027,0.013,0.007,1.2,5.777,6.56,2.45,토양-질소 기원,34.925925925925924,1.2725344644750796,6.126193001060446,2.677551020408163,0.03686635944700461,0.11268824649472045
JS-8,14.9,7.3,9.2,0.6,114.0,2.408,2.399,1.704,0.042,0.231,0.189,0.185,1.2,6.472,10.25,7.06,생활하수/처리수 영향,10.424242424242424,0.4983388704318937,2.6877076411960137,1.4518413597733713,0.024647887323943664,0.2632880098887515
JS-9,15.8,7.0,10.1,0.5,112.0,1.506,1.487,1.033,0.035,0.082,0.061,0.056,1.3,6.748,9.7,5.74,생활하수/처리수 영향,18.365853658536583,0.8632138114209827,4.480743691899071,1.6898954703832751,0.033881897386253634,0.15308239478363958
JS-10,14.8,6.8,10.4,0.6,111.0,0.94,0.912,0.577,0.115,0.055,0.038,0.034,1.4,8.14,8.28,1.69,생활하수/처리수 영향,17.09090909090909,1.4893617021276595,8.659574468085108,4.899408284023669,0.19930675909878684,0.07088452088452088
JS-11,15.7,7.1,10.1,0.6,122.0,1.93,1.894,1.261,0.101,0.161,0.123,0.121,1.6,7.285,10.0,3.95,생활하수/처리수 영향,11.987577639751551,0.8290155440414508,3.7746113989637307,2.531645569620253,0.08009516256938938,0.17309540150995195
JS-12,17.1,7.2,10.1,0.3,139.0,1.681,1.663,1.174,0.019,0.012,0.005,0.002,1.4,4.856,7.91,2.34,토양-질소 기원,140.08333333333334,0.8328375966686495,2.8887566924449732,3.3803418803418808,0.0161839863713799,0.24176276771004943
JS-13,16.0,7.3,10.8,0.5,132.0,2.024,1.979,1.371,0.045,0.133,0.101,0.1,1.5,7.017,10.02,3.95,생활하수/처리수 영향,15.218045112781954,0.7411067193675889,3.466897233201581,2.5367088607594934,0.03282275711159737,0.19538264215476697
JS-14,15.3,7.4,11.2,0.5,152.0,1.492,1.479,0.993,0.034,0.03,0.018,0.013,1.9,8.296,8.62,3.8,생활하수/처리수 영향,49.733333333333334,1.2734584450402144,5.560321715817694,2.2684210526315787,0.03423967774420947,0.11969623915139828
JS-15,14.8,6.9,9.8,0.5,134.0,1.87,1.831,1.269,0.031,0.091,0.065,0.064,1.7,7.266,9.9,4.57,생활하수/처리수 영향,20.54945054945055,0.9090909090909091,3.885561497326203,2.166301969365427,0.02442868400315209,0.1746490503715937
JS-16,14.9,6.8,11.3,0.8,213.0,2.495,2.422,1.659,0.04,0.053,0.032,0.026,3.0,12.356,10.37,3.36,생활하수/처리수 영향,47.07547169811321,1.2024048096192383,4.952304609218436,3.0863095238095237,0.024110910186859555,0.1342667529944966
JS-17,15.0,6.9,9.7,0.5,137.0,1.876,1.784,1.269,0.022,0.087,0.064,0.063,1.6,7.315,9.3,4.78,생활하수/처리수 영향,21.563218390804597,0.8528784648187634,3.899253731343284,1.9456066945606696,0.017336485421591805,0.17347915242652082
JS-18,16.0,6.9,9.7,0.5,176.0,1.226,1.161,0.798,0.016,0.016,0.007,0.001,2.7,4.335,4.11,0.88,토양-질소 기원,76.625,2.2022838499184343,3.535889070146819,4.670454545454546,0.020050125313283207,0.18408304498269898
JS-19,14.9,7.0,10.5,0.5,145.0,1.739,1.703,1.192,0.017,0.063,0.041,0.04,1.9,7.204,9.08,4.32,생활하수/처리수 영향,27.603174603174605,1.0925819436457733,4.142610695802185,2.1018518518518516,0.014261744966442955,0.16546363131593558
JS-20,15.6,7.3,10.6,0.7,314.0,1.98,1.905,1.327,0.033,0.103,0.069,0.067,2.2,11.914,10.59,4.21,생활하수/처리수 영향,19.223300970873787,1.1111111111111112,6.017171717171717,2.5154394299287413,0.024868123587038434,0.11138156790330703
JS-21,15.7,7.2,11.0,0.4,219.0,2.498,2.406,1.677,0.065,0.085,0.059,0.057,2.3,12.356,9.73,4.36,생활하수/처리수 영향,29.38823529411765,0.920736589271417,4.946357085668534,2.231651376146789,0.03875968992248062,0.1357235351246358
JS-22,16.1,8.0,11.6,0.6,235.0,1.709,1.643,1.096,0.017,0.04,0.025,0.02,2.7,24.929,12.48,2.47,생활하수/처리수 영향,42.725,1.579871269748391,14.58689291983616,5.052631578947368,0.01551094890510949,0.043964860202976457
JS-23,15.8,7.8,11.1,0.7,207.0,2.454,2.354,1.655,0.027,0.097,0.068,0.066,2.3,11.514,9.1,4.71,생활하수/처리수 영향,25.29896907216495,0.937245313773431,4.691931540342297,1.9320594479830149,0.016314199395770394,0.14373805801632797
JS-24,15.2,7.4,11.1,0.7,234.0,4.779,4.724,3.329,0.168,0.33,0.253,0.25,3.4,12.331,6.28,8.36,토양-질소 기원,14.48181818181818,0.7114459091860221,2.580246913580247,0.7511961722488039,0.05046560528687293,0.26996999432325036
JS-25,15.2,7.6,11.9,0.6,212.0,2.686,2.586,1.835,0.026,0.131,0.1,0.098,2.2,11.701,9.08,5.62,생활하수/처리수 영향,20.50381679389313,0.8190618019359643,4.356291883842145,1.6156583629893237,0.014168937329700272,0.15682420305956754
JS-26,14.9,7.2,9.8,0.6,176.0,2.284,2.197,1.513,0.016,0.151,0.115,0.113,3.0,9.179,12.37,3.18,생활하수/처리수 영향,15.125827814569536,1.3134851138353767,4.018826619964974,3.8899371069182385,0.01057501652346332,0.16483277045429784
JS-27,15.4,7.7,11.2,0.6,213.0,2.536,2.468,1.734,0.023,0.105,0.078,0.077,2.2,11.834,9.59,5.23,생활하수/처리수 영향,24.152380952380952,0.8675078864353313,4.666403785488959,1.8336520076481835,0.013264129181084197,0.14652695622781817
JS-28,14.8,7.4,9.6,0.5,282.0,3.803,3.686,2.724,0.031,0.058,0.04,0.037,2.3,14.731,8.7,3.55,생활하수/처리수 영향,65.56896551724138,0.6047856955035498,3.87352090454904,2.4507042253521125,0.011380323054331863,0.18491616319326593
JS-29,14.6,7.6,10.4,0.9,190.0,2.29,2.158,1.498,0.02,0.105,0.074,0.072,2.5,10.677,9.44,4.88,생활하수/처리수 영향,21.80952380952381,1.0917030567685588,4.662445414847161,1.9344262295081966,0.01335113484646195,0.1403015828416222
JS-30,17.3,7.3,7.1,0.2,194.0,2.967,2.911,2.156,0.016,0.033,0.023,0.022,1.2,8.76,10.81,2.67,생활하수/처리수 영향,89.9090909090909,0.4044489383215369,2.9524772497472194,4.048689138576779,0.007421150278293135,0.24611872146118724
JS-31,15.0,7.4,9.9,0.6,203.0,2.329,2.221,1.58,0.013,0.094,0.065,0.063,2.4,11.067,9.4,6.24,생활하수/처리수 영향,24.776595744680854,1.0304851867754399,4.751824817518248,1.5064102564102564,0.008227848101265822,0.14276678413300806
JS-32,14.4,7.3,8.9,0.9,147.0,5.328,5.213,4.017,0.094,0.101,0.049,0.046,3.0,20.792,11.16,3.64,생활하수/처리수 영향,52.75247524752475,0.5630630630630631,3.9024024024024024,3.0659340659340657,0.02340054767239233,0.19319930742593305
JS-33,15.2,7.2,10.2,1.3,333.0,3.742,3.605,2.261,0.275,0.111,0.067,0.064,3.5,38.778,12.38,2.5,생활하수/처리수 영향,33.711711711711715,0.9353287012292891,10.362907536076964,4.952,0.12162759840778417,0.05830625612460674
JS-34,15.6,7.4,9.6,0.8,270.0,3.156,3.092,2.181,0.092,0.096,0.065,0.061,2.9,24.248,10.89,3.9,생활하수/처리수 영향,32.875,0.9188846641318124,7.683143219264892,2.7923076923076926,0.04218248509857863,0.08994556252062026
JS-35,14.8,7.6,10.8,0.7,240.0,2.743,2.573,1.816,0.031,0.107,0.076,0.074,2.7,17.337,9.91,4.82,생활하수/처리수 영향,25.635514018691588,0.9843237331388991,6.320452059788553,2.0560165975103732,0.017070484581497798,0.10474707273461384
JS-36,16.0,8.3,12.4,1.1,219.0,3.122,2.958,2.156,0.022,0.105,0.067,0.066,2.6,13.89,10.21,4.73,생활하수/처리수 영향,29.733333333333334,0.8327994875080077,4.449071108263934,2.1585623678646932,0.01020408163265306,0.15521958243340533
JS-20B,19.0,7.2,9.1,4.0,349.0,7.761,7.662,5.267,0.28,0.094,0.034,0.016,5.6,48.56,11.75,1.33,생활하수/처리수 영향,82.56382978723404,0.7215565004509727,6.256925653910579,8.834586466165414,0.05316119232959939,0.10846375617792423
JT-1,16.3,6.9,11.8,1.0,119.0,1.123,1.036,0.892,0.014,0.024,0.012,0.002,2.3,6.341,2.92,2.95,토양-질소 기원,46.791666666666664,2.0480854853072126,5.646482635796972,0.9898305084745762,0.01569506726457399,0.1406718183251853
JT-2,15.4,7.0,12.1,1.2,127.0,1.756,1.61,1.33,0.037,0.029,0.016,0.004,3.4,11.178,7.14,3.89,토양-질소 기원,60.55172413793103,1.9362186788154896,6.365603644646925,1.8354755784061696,0.02781954887218045,0.11898371801753443
JT-3,16.1,6.9,12.3,1.9,177.0,2.39,2.226,1.623,0.107,0.055,0.033,0.01,5.8,15.572,5.61,3.36,토양-질소 기원,43.45454545454545,2.426778242677824,6.5154811715481165,1.6696428571428572,0.06592729513247073,0.10422553300796301
JT-4,13.8,6.8,12.0,0.9,240.0,12.212,12.105,11.767,0.03,0.203,0.174,0.17,3.5,15.175,13.73,5.49,생활하수/처리수 영향,60.15763546798029,0.2866033409760891,1.2426301998034721,2.5009107468123863,0.002549502846944846,0.7754200988467874
JT-5,16.1,6.6,9.5,2.2,231.0,2.904,2.834,2.324,0.064,0.051,0.032,0.012,5.7,16.777,9.74,4.7,생활하수/처리수 영향,56.94117647058824,1.962809917355372,5.777203856749312,2.0723404255319147,0.027538726333907058,0.13852297788639206
JT-6,15.3,6.8,12.3,2.1,100.0,1.921,1.825,1.142,0.317,0.087,0.063,0.048,4.6,14.102,7.06,3.96,토양-질소 기원,22.080459770114945,2.3945861530452888,7.340968245705362,1.7828282828282827,0.27758318739054294,0.0809814210750248
JT-7,16.9,6.7,11.8,1.9,224.0,2.341,2.208,1.674,0.03,0.045,0.023,0.005,5.4,16.438,10.0,4.62,생활하수/처리수 영향,52.022222222222226,2.3067065356685177,7.021785561725757,2.1645021645021645,0.017921146953405017,0.10183720647280692
JT-8,20.4,7.0,11.2,1.5,167.0,1.673,1.573,1.23,0.05,0.044,0.021,0.009,3.8,11.821,7.25,4.13,토양-질소 기원,38.02272727272727,2.271368798565451,7.065750149432158,1.75544794188862,0.04065040650406505,0.10405211065053718
JT-9,18.3,7.0,12.2,2.5,178.0,2.52,2.351,1.74,0.084,0.19,0.139,0.124,5.7,16.801,7.15,7.84,토양-질소 기원,13.263157894736842,2.261904761904762,6.667063492063491,0.9119897959183674,0.048275862068965524,0.10356526397238261
JT-10,16.8,7.0,10.8,4.1,169.0,3.478,3.148,1.888,0.676,0.671,0.563,0.539,5.8,10.632,14.0,2.4,생활하수/처리수 영향,5.183308494783905,1.6676250718803909,3.056929269695227,5.833333333333334,0.35805084745762716,0.17757712565838976
JT-11,17.6,7.2,13.4,3.9,174.0,2.822,2.45,1.921,0.038,0.44,0.337,0.335,7.1,12.439,13.45,2.67,생활하수/처리수 영향,6.413636363636364,2.5159461374911407,4.407866761162296,5.037453183520599,0.01978136387298282,0.1544336361443846
JT-12,19.2,6.5,12.1,2.2,185.0,0.54,0.468,0.296,0.047,0.098,0.06,0.049,3.6,13.93,13.84,6.6,생활하수/처리수 영향,5.510204081632653,6.666666666666666,25.796296296296294,2.096969696969697,0.1587837837837838,0.02124910265613783
JT-13,21.5,7.4,14.2,7.8,184.0,2.213,1.673,1.207,0.015,0.288,0.13,0.118,7.9,13.491,14.5,6.73,생활하수/처리수 영향,7.684027777777779,3.569814731134207,6.0962494351558965,2.1545319465081723,0.012427506213753105,0.0894670521088133
JT-14,19.5,7.1,10.4,1.4,328.0,4.254,4.159,3.659,0.124,0.139,0.108,0.095,3.9,28.939,11.0,5.21,생활하수/처리수 영향,30.604316546762583,0.916784203102962,6.802773859896568,2.111324376199616,0.03388904072150861,0.12643837036525105
JT-15,20.5,7.2,12.6,1.4,301.0,2.656,2.601,2.16,0.048,0.069,0.049,0.038,4.0,23.274,8.35,3.23,생활하수/처리수 영향,38.492753623188406,1.506024096385542,8.762801204819278,2.585139318885449,0.02222222222222222,0.09280742459396751
JT-16,18.7,7.2,14.0,1.3,324.0,3.268,3.226,2.748,0.066,0.093,0.076,0.067,4.0,27.924,9.66,4.69,생활하수/처리수 영향,35.13978494623656,1.2239902080783354,8.544675642594859,2.059701492537313,0.024017467248908297,0.09840996991834981
JT-17,18.3,7.4,12.7,1.4,274.0,2.454,2.433,1.946,0.022,0.045,0.03,0.015,4.6,22.105,8.95,5.31,생활하수/처리수 영향,54.53333333333334,1.874490627546862,9.007742461287693,1.6854990583804144,0.011305241521068859,0.08803438136168287
JT-18,18.3,7.5,9.4,1.1,210.0,1.249,1.201,0.948,0.031,0.032,0.016,0.008,3.0,20.753,7.14,3.95,토양-질소 기원,39.03125,2.4019215372297835,16.615692554043232,1.8075949367088606,0.03270042194092827,0.045680142629981206
JT-19,19.7,7.7,10.1,1.5,194.0,2.404,2.31,1.9,0.034,0.029,0.013,0.003,3.6,17.208,9.58,3.45,생활하수/처리수 영향,82.89655172413792,1.497504159733777,7.158069883527454,2.7768115942028984,0.017894736842105265,0.11041376104137611
JT-20,17.1,7.9,9.9,0.9,214.0,2.015,1.958,1.656,0.023,0.026,0.011,0.005,3.2,20.318,7.64,4.43,토양-질소 기원,77.50000000000001,1.5880893300248138,10.083374689826302,1.724604966139955,0.01388888888888889,0.08150408504774091
JT-21,17.9,8.0,9.4,5.9,260.0,2.31,1.937,1.442,0.034,0.188,0.104,0.085,6.0,21.057,3.12,2.01,토양-질소 기원,12.287234042553191,2.5974025974025974,9.115584415584415,1.5522388059701495,0.02357836338418863,0.06848079023602603
JT-22,14.2,6.8,9.8,1.2,140.0,1.338,1.274,1.064,0.025,0.063,0.042,0.025,2.1,7.492,9.31,11.44,생활하수/처리수 영향,21.23809523809524,1.569506726457399,5.599402092675635,0.8138111888111889,0.023496240601503758,0.1420181526962093
JT-23,17.1,6.9,8.5,2.3,331.0,3.35,3.095,2.351,0.246,0.1,0.05,0.039,4.1,49.978,10.81,0.75,생활하수/처리수 영향,33.5,1.2238805970149251,14.918805970149254,14.413333333333334,0.10463632496809869,0.04704069790707911
JT-24,18.2,6.9,10.5,2.2,370.0,2.11,2.024,1.568,0.048,0.057,0.04,0.027,4.9,44.894,9.13,7.36,생활하수/처리수 영향,37.017543859649116,2.322274881516588,21.276777251184836,1.2404891304347827,0.030612244897959183,0.034926716264979736
JT-25,19.3,7.6,11.4,1.9,352.0,2.943,2.879,2.224,0.128,0.084,0.064,0.049,4.2,58.03,11.63,3.6,생활하수/처리수 영향,35.035714285714285,1.4271151885830786,19.717974855589535,3.2305555555555556,0.05755395683453237,0.03832500430811649
JT-26,18.3,7.5,8.9,3.0,309.0,3.321,3.167,1.942,0.678,0.139,0.091,0.073,5.7,42.961,8.63,5.95,생활하수/처리수 영향,23.89208633093525,1.7163504968383017,12.936163806082504,1.450420168067227,0.349124613800206,0.045203789483485024
JT-27,21.7,7.9,10.8,3.0,272.0,1.682,1.576,0.924,0.199,0.133,0.067,0.047,5.4,17.756,10.22,6.67,생활하수/처리수 영향,12.646616541353382,3.2104637336504167,10.556480380499407,1.532233883058471,0.21536796536796537,0.052038747465645414
JT-28,19.2,8.0,9.8,3.4,313.0,4.57,4.319,3.312,0.137,0.379,0.318,0.299,5.6,28.557,14.28,3.4,생활하수/처리수 영향,12.058047493403695,1.225382932166302,6.248796498905907,4.2,0.04136473429951691,0.1159785691774346
JT-29,18.4,7.2,13.5,3.8,236.0,1.975,1.734,1.323,0.014,0.137,0.068,0.047,5.1,20.53,9.05,11.68,생활하수/처리수 영향,14.416058394160583,2.582278481012658,10.39493670886076,0.7748287671232877,0.010582010582010583,0.06444227959084266
JT-30,21.5,7.1,12.8,4.3,126.0,7.604,7.492,6.908,0.031,0.724,0.635,0.599,5.2,17.768,5.52,19.21,토양-질소 기원,10.502762430939226,0.6838506049447659,2.336664913203577,0.2873503383654346,0.0044875506658946145,0.38878883385862223
23B,20.1,6.8,8.1,0.099,485.0,8.187,7.635,6.188,0.931,0.134,0.114,0.105,4.4,88.139,11.37,1.92,생활하수/처리수 영향,61.097014925373124,0.5374374007572983,10.765726151215341,5.921875,0.15045248868778283,0.07020728621835964
28B,17.8,7.9,9.0,0.099,315.0,4.943,4.747,3.597,0.177,0.417,0.335,0.317,5.6,29.404,14.34,3.59,생활하수/처리수 영향,11.853717026378897,1.132915233663767,5.948614201901679,3.9944289693593316,0.04920767306088407,0.12233029519793226
JT-1,20.7,7.4,7.8,0.9,100.0,1.311,1.309,1.126,0.019,0.027,0.01,0.01,2.0,6.217,4.66,3.45,토양-질소 기원,48.55555555555556,1.5255530129672006,4.742181540808543,1.3507246376811595,0.016873889875666077,0.18111629403249155
JT-2,21.1,7.6,8.0,1.4,144.0,1.656,1.623,1.344,0.033,0.043,0.021,0.014,2.9,9.071,7.6,3.76,토양-질소 기원,38.51162790697675,1.751207729468599,5.477657004830918,2.021276595744681,0.024553571428571428,0.14816448021166356
JT-3,20.6,7.5,7.1,1.8,145.0,1.572,1.49,1.094,0.06,0.079,0.018,0.008,4.5,10.756,5.93,3.24,토양-질소 기원,19.89873417721519,2.8625954198473282,6.842239185750636,1.8302469135802466,0.05484460694698354,0.1017106731126813
JT-4,18.4,7.2,7.7,1.0,240.0,12.128,11.53,11.125,0.03,0.257,0.222,0.196,2.9,13.399,12.7,7.03,생활하수/처리수 영향,47.19066147859922,0.2391160949868074,1.1047988126649075,1.8065433854907538,0.002696629213483146,0.830285842227032
JT-5,21.9,7.1,7.2,1.7,175.0,2.267,2.193,1.795,0.065,0.098,0.06,0.048,4.4,12.32,8.45,4.38,생활하수/처리수 영향,23.132653061224488,1.9408910454344952,5.434494927216586,1.9292237442922373,0.036211699164345405,0.14569805194805194
JT-6,20.7,7.4,6.9,2.1,197.0,3.213,3.149,1.629,0.408,0.189,0.133,0.131,4.7,14.313,5.32,2.36,토양-질소 기원,17.0,1.4628073451602863,4.454715219421102,2.2542372881355934,0.2504604051565377,0.11381261789981136
JT-7,7.2,7.1,7.2,2.2,175.0,2.299,2.123,1.532,0.076,0.132,0.089,0.082,4.3,12.898,7.8,4.06,토양-질소 기원,17.416666666666664,1.8703784254023488,5.610265332753371,1.9211822660098523,0.04960835509138381,0.11877810513257869
JT-8,22.9,7.7,7.9,2.0,189.0,1.701,1.461,1.038,0.128,0.283,0.108,0.099,6.2,11.95,10.53,5.11,생활하수/처리수 영향,6.010600706713782,3.6449147560258672,7.025279247501469,2.0606653620352247,0.1233140655105973,0.08686192468619247
JT-9,22.9,7.8,7.3,3.9,220.0,2.122,1.947,1.094,0.19,0.28,0.15,0.139,7.2,15.101,6.88,7.19,토양-질소 기원,7.578571428571427,3.393025447690858,7.116399622997173,0.9568845618915159,0.17367458866544788,0.07244553340838356
JT-10,21.0,7.1,6.2,3.0,138.0,1.661,1.396,0.873,0.205,0.375,0.21,0.21,5.0,9.861,10.33,3.3,생활하수/처리수 영향,4.429333333333333,3.0102347983142685,5.936785069235401,3.1303030303030304,0.23482245131729668,0.08853057499239428
JT-11,22.4,7.7,8.1,2.8,166.0,1.608,1.543,1.101,0.066,0.134,0.084,0.081,3.9,10.734,9.11,6.61,생활하수/처리수 영향,12.0,2.425373134328358,6.675373134328358,1.37821482602118,0.059945504087193464,0.10257126886528786
JT-12,22.1,7.4,7.4,2.9,155.0,1.646,1.471,1.048,0.071,0.241,0.146,0.144,4.6,9.939,11.05,3.69,생활하수/처리수 영향,6.829875518672199,2.7946537059538272,6.038274605103281,2.994579945799458,0.06774809160305342,0.10544320354160379
JT-13,23.2,7.9,12.4,2.8,180.0,1.571,1.522,1.085,0.028,0.174,0.112,0.109,4.5,11.824,10.13,4.01,생활하수/처리수 영향,9.028735632183908,2.8644175684277533,7.526416295353278,2.526184538653367,0.025806451612903226,0.09176251691474965
JT-14,21.6,7.9,9.3,4.2,238.0,3.059,2.383,1.446,0.189,0.644,0.096,0.078,9.8,20.841,6.79,3.99,토양-질소 기원,4.75,3.203661327231121,6.813010787839163,1.7017543859649122,0.13070539419087138,0.06938246725205124
JT-15,20.3,7.5,12.3,2.2,307.0,4.565,4.552,4.122,0.052,0.117,0.084,0.082,3.5,21.355,8.01,3.7,생활하수/처리수 영향,39.01709401709402,0.7667031763417305,4.6779846659364726,2.1648648648648647,0.012615235322658904,0.19302271130882695
JT-16,20.8,7.6,11.2,2.1,238.0,3.345,3.256,2.562,0.085,0.151,0.103,0.097,5.4,18.145,7.36,2.82,토양-질소 기원,22.152317880794705,1.6143497757847534,5.424514200298953,2.6099290780141846,0.03317720530835285,0.1411959217415266
JT-17,21.1,7.5,11.5,1.4,254.0,3.198,3.056,2.739,0.029,0.059,0.037,0.028,3.1,16.987,8.15,4.16,생활하수/처리수 영향,54.20338983050848,0.9693558474046279,5.311757348342714,1.9591346153846154,0.010587805768528661,0.16124094896097016
JT-18,20.2,7.3,11.9,1.3,213.0,2.603,2.529,2.21,0.041,0.067,0.029,0.021,2.6,16.575,6.8,1.82,토양-질소 기원,38.850746268656714,0.9988474836726853,6.3676527084133685,3.736263736263736,0.018552036199095023,0.13333333333333333
JT-19,17.3,6.9,7.4,0.9,189.0,2.924,2.922,2.717,0.014,0.043,0.028,0.027,1.5,12.809,11.4,5.09,생활하수/처리수 영향,68.0,0.5129958960328318,4.380642954856361,2.239685658153242,0.005152741994847258,0.21211648059957844
JT-20,18.8,7.2,12.3,1.4,218.0,3.618,3.529,3.17,0.033,0.064,0.046,0.039,3.7,16.588,8.41,2.34,생활하수/처리수 영향,56.53125,1.0226644555002764,4.584853510226645,3.594017094017094,0.010410094637223975,0.191102001446829
JT-21,22.1,7.5,10.1,2.2,166.0,2.296,2.146,1.719,0.075,0.168,0.095,0.09,4.2,12.338,7.1,3.76,토양-질소 기원,13.666666666666664,1.8292682926829271,5.373693379790941,1.8882978723404256,0.043630017452006974,0.13932566056086887
JT-22,17.3,7.3,11.6,1.3,422.0,1.611,1.46,1.194,0.099,0.074,0.048,0.04,1.8,7.243,4.43,1.47,토양-질소 기원,21.77027027027027,1.1173184357541899,4.495965238981999,3.0136054421768708,0.08291457286432162,0.16484881954991024
JT-23,22.8,6.8,8.8,3.0,424.0,2.661,2.591,0.837,1.228,0.132,0.091,0.087,4.3,66.657,13.72,-2.65,축산분뇨(직접유출),20.15909090909091,1.615933859451334,25.049605411499435,-5.177358490566038,1.4671445639187575,0.012556820739007156
JT-24,20.7,7.2,10.3,2.1,263.0,1.921,1.805,1.324,0.085,0.093,0.061,0.052,5.4,22.471,8.15,3.44,생활하수/처리수 영향,20.655913978494624,2.811035918792296,11.697553357626235,2.369186046511628,0.06419939577039276,0.058920386275644165
JT-25,22.7,7.5,11.4,2.3,297.0,2.559,2.431,1.136,0.473,0.138,0.085,0.077,5.7,33.682,7.8,0.97,토양-질소 기원,18.543478260869566,2.227432590855803,13.162172723720204,8.041237113402062,0.41637323943661975,0.03372721334837598
JT-26,23.2,7.7,11.0,4.4,260.0,2.592,2.359,1.63,0.164,0.175,0.072,0.058,6.9,26.586,9.33,3.73,생활하수/처리수 영향,14.811428571428573,2.662037037037037,10.256944444444443,2.5013404825737267,0.10061349693251535,0.06131046415406605
JT-27,25.3,8.0,12.7,3.6,148.0,1.083,1.026,0.548,0.022,0.101,0.065,0.055,6.9,20.492,12.26,9.31,탈질작용(기원변형),10.722772277227723,6.3711911357340725,18.921514312096033,1.3168635875402792,0.04014598540145985,0.026742143275424558
JT-28,23.3,7.3,10.3,4.6,340.0,10.642,10.641,8.895,0.246,1.542,1.376,1.371,9.6,28.691,15.53,0.88,생활하수/처리수 영향,6.901426718547341,0.902086074046232,2.6960157865062957,17.647727272727273,0.027655986509274873,0.3100275347670001
JT-29,23.3,7.7,8.3,1.7,172.0,2.438,2.376,1.94,0.087,0.156,0.134,0.114,4.1,12.939,7.13,5.19,토양-질소 기원,15.62820512820513,1.681706316652994,5.307219031993437,1.373795761078998,0.04484536082474227,0.14993430713347244
JT-30,23.1,7.4,7.8,2.4,173.0,2.906,2.714,2.166,0.102,0.222,0.163,0.162,4.4,12.584,5.9,7.31,토양-질소 기원,13.09009009009009,1.5141087405368203,4.330350997935306,0.8071135430916554,0.04709141274238227,0.1721233312142403
JT-1,20.8,7.8,8.9,2.5,169.0,2.455,2.445,1.419,0.261,0.465,0.034,0.018,5.7,12.507,8.43,1.77,생활하수/처리수 영향,5.279569892473118,2.3217922606924644,5.094501018329939,4.762711864406779,0.1839323467230444,0.11345646437994723
JT-2,21.4,9.0,8.2,2.8,183.0,0.606,0.566,0.311,0.055,0.038,0.035,0.022,4.3,11.516,7.7,6.03,내생부하(정체수역 유기물 축적),15.947368421052632,7.095709570957095,19.003300330033003,1.2769485903814262,0.17684887459807075,0.0270059048280653
JT-3,21.3,7.5,6.5,4.7,238.0,2.462,2.393,0.789,0.355,0.139,0.099,0.081,8.8,20.43,7.75,1.79,토양-질소 기원,17.712230215827336,3.5743298131600323,8.298131600324938,4.329608938547486,0.4499366286438529,0.03861967694566814
JT-4,18.9,7.7,8.6,1.6,315.0,9.758,9.685,8.189,0.046,0.194,0.185,0.17,4.9,19.817,26.13,12.84,탈질작용(기원변형),50.298969072164944,0.5021520803443329,2.030846484935438,2.0350467289719627,0.005617291488582244,0.41323106423777567
JT-5,21.6,7.3,7.4,2.5,273.0,1.028,0.953,0.657,0.095,0.07,0.07,0.068,5.2,21.325,10.09,4.6,생활하수/처리수 영향,14.685714285714285,5.058365758754864,20.744163424124512,2.1934782608695653,0.1445966514459665,0.030808909730363425
JT-6,20.5,7.6,6.7,7.1,252.0,4.202,3.897,0.668,1.509,0.16,0.122,0.107,11.0,19.16,7.04,0.95,토양-질소 기원,26.2625,2.6178010471204187,4.5597334602570205,7.410526315789474,2.2589820359281436,0.0348643006263048
JT-7,21.3,7.6,7.0,6.8,244.0,2.186,2.181,0.686,0.391,0.197,0.176,0.15,10.6,21.189,7.88,5.28,토양-질소 기원,11.096446700507613,4.84903934126258,9.693046660567246,1.4924242424242424,0.5699708454810496,0.03237528906508094
JT-8,22.9,7.8,8.3,2.5,200.0,1.146,1.144,0.633,0.043,0.073,0.057,0.056,4.6,11.377,8.7,4.09,생활하수/처리수 영향,15.698630136986301,4.013961605584642,9.92757417102967,2.1271393643031784,0.06793048973143759,0.05563856904280566
JT-9,23.4,8.1,8.0,4.9,272.0,2.476,2.399,1.277,0.144,0.197,0.18,0.164,8.1,17.977,5.89,10.49,토양-질소 기원,12.568527918781726,3.27140549273021,7.260500807754442,0.561487130600572,0.11276429130775255,0.07103521165934248
JT-10,20.7,7.4,6.5,3.1,126.0,1.536,1.508,0.777,0.233,0.253,0.247,0.242,4.7,7.867,11.02,3.08,생활하수/처리수 영향,6.071146245059289,3.0598958333333335,5.121744791666667,3.5779220779220777,0.2998712998712999,0.09876700139824585
JT-11,21.4,7.6,7.5,5.9,217.0,1.889,1.78,0.751,0.209,0.196,0.163,0.132,9.1,15.366,8.18,2.06,생활하수/처리수 영향,9.637755102040815,4.817363684489147,8.13446267866596,3.9708737864077666,0.2782956058588548,0.04887413770662502
JT-12,21.9,7.5,7.2,3.1,157.0,1.365,1.281,0.676,0.074,0.156,0.142,0.126,5.9,10.383,11.12,2.95,생활하수/처리수 영향,8.75,4.322344322344323,7.606593406593406,3.7694915254237285,0.10946745562130177,0.06510642396224599
JT-13,23.6,7.8,11.4,3.6,183.0,1.793,1.711,0.905,0.085,0.15,0.144,0.127,6.8,12.247,10.04,2.88,생활하수/처리수 영향,11.953333333333333,3.792526491912995,6.830451756832125,3.486111111111111,0.09392265193370167,0.0738956479137748
JT-14,21.9,7.8,8.8,6.9,233.0,2.303,2.263,0.997,0.352,0.133,0.096,0.072,10.8,15.164,4.99,2.2,토양-질소 기원,17.31578947368421,4.689535388623535,6.584455058619192,2.268181818181818,0.3530591775325978,0.06574782379319441
JT-15,24.3,7.5,10.7,3.2,328.0,3.546,3.499,2.452,0.239,0.072,0.064,0.051,4.2,23.522,9.01,4.17,생활하수/처리수 영향,49.25,1.1844331641285957,6.633389734912577,2.160671462829736,0.09747145187601958,0.10424283649349546
JT-16,21.8,7.8,10.1,3.3,206.0,2.019,1.973,1.201,0.1,0.087,0.061,0.047,6.3,14.283,6.25,4.19,토양-질소 기원,23.206896551724142,3.120356612184249,7.074294205052005,1.4916467780429592,0.08326394671107411,0.08408597633550376
JT-17,23.8,7.5,10.9,4.5,224.0,1.556,1.494,0.664,0.201,0.053,0.042,0.025,6.2,15.236,7.26,3.18,토양-질소 기원,29.358490566037737,3.9845758354755785,9.791773778920309,2.283018867924528,0.30271084337349397,0.04358099238645314
JT-18,20.3,7.3,10.5,2.5,225.0,1.524,1.507,0.812,0.22,0.024,0.023,0.011,3.7,17.993,9.54,2.02,생활하수/처리수 영향,63.5,2.4278215223097113,11.806430446194225,4.7227722772277225,0.270935960591133,0.04512866114600123
JT-19,20.8,7.3,8.0,1.1,180.0,1.331,1.313,0.981,0.022,0.032,0.028,0.027,1.8,11.101,15.82,7.01,생활하수/처리수 영향,41.59375,1.3523666416228401,8.340345604808416,2.256776034236805,0.022426095820591234,0.08837041707954238
JT-20,17.5,7.6,11.7,1.6,323.0,2.571,2.56,1.813,0.04,0.028,0.023,0.014,4.5,19.279,12.17,3.64,생활하수/처리수 영향,91.82142857142857,1.7502917152858808,7.498638661999221,3.343406593406593,0.02206287920573635,0.09404014731054515
JT-21,22.0,7.4,9.2,4.0,258.0,1.821,1.806,0.986,0.099,0.118,0.11,0.093,5.9,19.576,9.49,6.16,생활하수/처리수 영향,15.432203389830509,3.239978034047227,10.750137287204833,1.5405844155844155,0.10040567951318459,0.050367797302819775
JT-22,16.4,7.3,8.8,1.6,423.0,3.381,3.369,2.479,0.119,0.155,0.154,0.149,2.0,8.853,7.2,-0.57,토양-질소 기원,21.81290322580645,0.5915409642117717,2.6184560780834074,-12.631578947368423,0.048003227107704716,0.28001807296961484
JT-23,23.3,7.0,9.5,3.1,386.0,3.134,3.073,0.935,1.373,0.068,0.035,0.024,4.6,50.956,14.72,-0.48,생활하수/처리수 영향,46.088235294117645,1.4677728142948308,16.259093809827696,-30.666666666666668,1.4684491978609624,0.018349163984614177
JT-24,20.7,7.0,5.9,5.3,313.0,3.213,3.149,1.723,0.291,0.072,0.06,0.039,8.5,28.301,9.47,2.74,생활하수/처리수 영향,44.62500000000001,2.6455026455026456,8.808278867102397,3.4562043795620436,0.1688914683691236,0.060881240945549635
JT-25,21.8,7.4,11.5,2.5,332.0,2.64,2.619,1.632,0.091,0.06,0.053,0.037,6.2,37.286,11.64,0.11,생활하수/처리수 영향,44.00000000000001,2.3484848484848486,14.123484848484848,105.81818181818183,0.05575980392156863,0.04376977954191921
JT-26,23.7,7.6,9.7,3.3,335.0,5.537,5.33,1.71,1.309,0.152,0.15,0.124,8.8,36.399,5.28,-3.71,토양-질소 기원,36.42763157894737,1.5893082896875566,6.5737764132201555,-1.423180592991914,0.7654970760233918,0.04697931261847853
JT-27,24.7,8.4,13.4,3.1,241.0,1.002,0.921,0.309,0.028,0.083,0.051,0.023,7.5,19.122,7.37,3.73,내생부하(정체수역 유기물 축적),12.072289156626505,7.485029940119761,19.08383233532934,1.9758713136729222,0.09061488673139159,0.016159397552557263
JT-28,23.1,7.6,9.8,4.9,295.0,3.463,3.425,2.045,0.096,0.343,0.34,0.314,8.1,23.636,13.51,2.35,생활하수/처리수 영향,10.096209912536443,2.3390124169794975,6.825295986139185,5.748936170212765,0.0469437652811736,0.08652056185479777
JT-29,23.8,7.9,9.5,3.3,289.0,2.609,2.501,1.529,0.052,0.18,0.18,0.156,6.7,20.83,9.41,5.79,생활하수/처리수 영향,14.494444444444445,2.568033729398237,7.983901878114219,1.625215889464594,0.034009156311314584,0.07340374459913586
JT-30,22.9,7.9,7.7,3.8,256.0,2.822,2.774,1.33,0.312,0.255,0.255,0.23,8.5,22.315,8.41,6.34,생활하수/처리수 영향,11.066666666666666,3.0120481927710845,7.907512402551382,1.3264984227129337,0.2345864661654135,0.05960116513555904
JT-1,23.4,7.8,9.2,1.0,120.0,0.705,0.671,0.463,0.029,0.019,0.013,0.001,3.5,5.601,3.72,5.14,토양-질소 기원,37.10526315789473,4.964539007092199,7.94468085106383,0.7237354085603114,0.06263498920086392,0.08266381003392252
JT-2,23.4,7.6,9.0,4.8,282.0,2.491,2.314,0.546,0.321,0.299,0.219,0.177,15.2,22.974,8.2,2.9,조류증식(현장발생),8.331103678929766,6.101967081493376,9.222802087515054,2.8275862068965516,0.5879120879120879,0.02376599634369287
JT-3,23.9,7.5,8.4,2.4,187.0,0.774,0.657,0.23,0.037,0.054,0.031,0.005,8.2,16.067,5.52,0.95,내생부하(정체수역 유기물 축적),14.333333333333334,10.594315245478034,20.758397932816536,5.810526315789473,0.1608695652173913,0.014315055704238501
JT-4,22.9,7.5,8.9,2.8,213.0,1.308,1.179,0.402,0.172,0.089,0.055,0.031,8.5,17.675,7.08,-0.29,내생부하(정체수역 유기물 축적),14.696629213483147,6.4984709480122325,13.512996941896024,-24.413793103448278,0.4278606965174129,0.022743988684582744
JT-5,22.9,7.5,9.1,2.1,317.0,2.994,2.923,0.981,0.666,0.081,0.052,0.029,8.3,27.053,8.69,1.0,생활하수/처리수 영향,36.96296296296296,2.7722110888443554,9.035738142952571,8.69,0.6788990825688074,0.03626215207185894
JT-6,22.1,7.5,8.3,2.5,322.0,2.144,2.073,0.6,0.323,0.133,0.107,0.085,13.4,25.136,7.23,0.9,내생부하(정체수역 유기물 축적),16.1203007518797,6.25,11.723880597014924,8.033333333333333,0.5383333333333333,0.023870146403564607
JT-7,23.8,7.6,9.1,3.2,242.0,1.98,1.904,0.672,0.186,0.174,0.109,0.087,10.5,19.7,7.2,1.5,내생부하(정체수역 유기물 축적),11.379310344827587,5.303030303030303,9.94949494949495,4.8,0.27678571428571425,0.03411167512690356
JT-8,21.9,7.7,8.3,1.2,266.0,1.944,1.933,1.115,0.08,0.101,0.079,0.075,4.3,15.196,8.36,2.71,생활하수/처리수 영향,19.247524752475247,2.2119341563786006,7.816872427983539,3.084870848708487,0.07174887892376682,0.07337457225585681
JT-9,25.1,7.7,10.0,9.0,306.0,1.778,1.527,0.527,0.052,0.206,0.124,0.074,12.6,19.929,7.14,11.32,내생부하(정체수역 유기물 축적),8.63106796116505,7.086614173228346,11.208661417322833,0.6307420494699646,0.09867172675521821,0.026443875758944257
JT-10,23.0,8.1,12.8,18.0,140.0,2.79,2.169,1.261,0.116,0.469,0.343,0.34,28.0,8.304,12.16,2.77,조류증식(현장발생),5.948827292110875,10.03584229390681,2.9763440860215056,4.389891696750903,0.09199048374306107,0.15185452793834295
JT-11,22.9,7.7,9.4,4.0,130.0,3.311,3.207,1.044,0.717,0.156,0.102,0.086,10.7,18.582,10.91,-2.87,생활하수/처리수 영향,21.224358974358974,3.2316520688613712,5.612201751736635,-3.8013937282229966,0.6867816091954022,0.05618340329350985
JT-12,23.7,7.5,8.1,2.0,178.0,1.605,1.542,0.628,0.153,0.142,0.095,0.084,7.1,11.946,10.93,-0.01,생활하수/처리수 영향,11.302816901408452,4.423676012461059,7.442990654205607,-1093.0,0.24363057324840764,0.05256989787376528
JT-13,22.8,7.6,11.7,1.9,236.0,1.839,1.797,0.987,0.038,0.112,0.076,0.062,7.1,16.62,10.37,2.56,생활하수/처리수 영향,16.419642857142858,3.860793909733551,9.037520391517129,4.05078125,0.038500506585612965,0.05938628158844765
JT-14,21.8,7.8,8.5,3.0,224.0,1.657,1.638,0.779,0.092,0.112,0.075,0.059,9.3,14.362,7.33,0.67,내생부하(정체수역 유기물 축적),14.794642857142858,5.612552806276404,8.667471333735667,10.940298507462686,0.11810012836970474,0.054240356496309705
JT-15,21.5,7.5,10.4,1.4,353.0,2.349,2.343,1.609,0.07,0.126,0.101,0.1,5.2,25.551,10.09,3.36,생활하수/처리수 영향,18.642857142857146,2.2137079608343977,10.877394636015325,3.0029761904761907,0.0435052827843381,0.06297209502563501
JT-16,21.8,7.7,9.5,2.1,210.0,1.756,1.749,1.009,0.064,0.096,0.071,0.057,6.8,15.889,6.87,2.88,토양-질소 기원,18.291666666666668,3.872437357630979,9.048405466970387,2.385416666666667,0.06342913776015859,0.06350305242620681
JT-17,22.3,7.6,9.5,2.1,211.0,1.294,1.263,0.663,0.063,0.07,0.043,0.03,6.9,13.711,8.65,3.65,생활하수/처리수 영향,18.485714285714284,5.332302936630603,10.59582689335394,2.3698630136986303,0.09502262443438914,0.048355335132375464
JT-18,20.4,7.3,9.0,1.6,183.0,0.966,0.915,0.465,0.133,0.085,0.044,0.03,4.7,11.173,8.29,2.42,생활하수/처리수 영향,11.36470588235294,4.865424430641823,11.566252587991718,3.4256198347107434,0.2860215053763441,0.04161818670008055
JT-19,21.4,7.4,9.3,0.8,180.0,0.738,0.736,0.503,0.029,0.043,0.03,0.026,2.6,11.148,20.6,12.24,탈질작용(기원변형),17.16279069767442,3.5230352303523036,15.105691056910569,1.6830065359477124,0.05765407554671968,0.04512020093290276
JT-20,20.5,7.6,10.6,1.3,310.0,4.723,4.614,3.56,0.074,0.031,0.019,0.01,4.6,17.578,13.4,5.52,생활하수/처리수 영향,152.3548387096774,0.9739572305737878,3.72178699978827,2.427536231884058,0.020786516853932582,0.20252588462851293
JT-21,23.4,7.5,9.1,3.0,142.0,1.487,1.402,0.704,0.028,0.133,0.083,0.069,7.8,20.558,11.74,7.73,생활하수/처리수 영향,11.180451127819548,5.245460659045056,13.825151311365163,1.51875808538163,0.03977272727272728,0.03424457632065376
JT-22,19.0,7.6,8.9,1.9,270.0,2.912,2.894,2.127,0.045,0.134,0.115,0.113,3.6,8.558,9.14,5.08,생활하수/처리수 영향,21.73134328358209,1.2362637362637363,2.9388736263736264,1.799212598425197,0.021156558533145277,0.24853937835942974
JT-23,23.6,7.3,8.8,1.6,374.0,2.012,1.978,1.153,0.218,0.091,0.066,0.064,4.8,47.512,15.37,1.66,생활하수/처리수 영향,22.10989010989011,2.3856858846918487,23.61431411530815,9.259036144578314,0.18907198612315698,0.024267553460178483
JT-24,22.5,7.0,5.1,2.3,340.0,1.878,1.863,0.878,0.138,0.088,0.054,0.038,8.4,28.628,12.32,6.76,생활하수/처리수 영향,21.34090909090909,4.472843450479234,15.24387646432375,1.822485207100592,0.1571753986332574,0.030669274835825065
JT-25,22.6,7.2,9.7,2.0,343.0,2.074,2.05,1.197,0.059,0.062,0.03,0.017,6.1,38.333,11.39,3.79,생활하수/처리수 영향,33.4516129032258,2.9411764705882355,18.48264223722276,3.0052770448548816,0.04928989139515455,0.03122635849007383
JT-26,24.6,7.7,9.4,2.9,329.0,1.851,1.812,0.748,0.127,0.093,0.056,0.039,10.3,33.009,9.73,4.38,생활하수/처리수 영향,19.903225806451612,5.564559697460832,17.833063209076176,2.221461187214612,0.1697860962566845,0.022660486533975583
JT-27,23.5,9.2,17.2,5.3,210.0,0.927,0.757,0.204,0.034,0.105,0.045,0.016,10.6,17.062,8.11,16.69,생활하수/처리수 영향,8.82857142857143,11.434735706580366,18.405609492988134,0.48591971240263626,0.16666666666666669,0.011956394326573671
JT-28,23.4,7.5,8.1,3.5,392.0,13.611,13.512,8.467,2.458,1.546,1.519,1.513,9.8,25.379,18.62,5.32,생활하수/처리수 영향,8.804010349288486,0.7200058775990008,1.8645948130188819,3.5,0.2903035313570332,0.333622286142086
JT-29,23.8,7.9,9.7,4.2,317.0,2.687,2.678,1.372,0.188,0.264,0.221,0.195,10.0,24.993,8.82,10.71,생활하수/처리수 영향,10.178030303030303,3.721622627465575,9.301451432824711,0.8235294117647058,0.13702623906705538,0.05489537070379707
JT-30,23.6,7.8,9.8,3.8,131.0,2.764,2.65,1.259,0.22,0.259,0.212,0.195,10.2,25.249,8.49,10.9,생활하수/처리수 영향,10.671814671814671,3.6903039073806077,9.134949348769899,0.7788990825688074,0.17474185861795077,0.04986336092518515
JT-1,19.8,7.6,7.4,1.9,190.0,1.459,1.447,0.67,0.08,0.058,0.051,0.023,7.1,15.473,8.46,4.1,생활하수/처리수 영향,25.155172413793103,4.866346812885538,10.605209047292666,2.063414634146342,0.11940298507462686,0.04330123440832418
JT-2,20.5,7.3,7.1,3.5,255.0,1.92,1.839,0.608,0.266,0.132,0.113,0.086,9.8,20.013,8.24,3.54,생활하수/처리수 영향,14.545454545454545,5.104166666666667,10.423437500000002,2.327683615819209,0.43750000000000006,0.03038025283565682
JT-3,21.8,7.1,5.9,1.7,184.0,1.37,1.339,0.724,0.125,0.042,0.03,0.013,5.7,15.353,9.6,1.56,생활하수/처리수 영향,32.61904761904762,4.160583941605839,11.206569343065693,6.153846153846153,0.17265193370165746,0.047156907444799064
JT-4,21.3,7.2,6.7,2.8,218.0,1.677,1.649,0.75,0.179,0.122,0.097,0.078,7.0,17.273,10.07,4.66,생활하수/처리수 영향,13.745901639344263,4.174120453190221,10.29994036970781,2.1609442060085837,0.23866666666666667,0.043420367046836106
JT-5,21.6,7.1,5.0,4.1,304.0,3.005,2.889,0.921,0.856,0.093,0.077,0.047,9.0,27.676,8.36,2.24,생활하수/처리수 영향,32.31182795698925,2.995008319467554,9.209983361064891,3.7321428571428563,0.9294245385450597,0.03327793033675387
JT-6,20.6,7.1,6.2,3.2,293.0,2.193,2.159,0.81,0.271,0.114,0.092,0.068,11.4,21.429,6.14,3.04,내생부하(정체수역 유기물 축적),19.236842105263158,5.198358413132695,9.771545827633378,2.019736842105263,0.3345679012345679,0.0377992440151197
JT-7,21.5,7.3,6.9,2.8,262.0,1.94,1.938,0.685,0.232,0.118,0.093,0.066,8.8,20.304,6.65,1.86,토양-질소 기원,16.440677966101696,4.536082474226805,10.465979381443299,3.575268817204301,0.3386861313868613,0.03373719464144997
JT-8,20.0,7.3,6.0,3.3,203.0,2.364,2.316,1.265,0.296,0.189,0.167,0.164,5.4,11.643,6.01,3.06,토양-질소 기원,12.507936507936508,2.2842639593908634,4.9251269035533,1.9640522875816993,0.2339920948616601,0.10864897363222535
JT-9,21.7,7.4,6.7,2.2,295.0,2.667,2.644,1.333,0.211,0.189,0.164,0.152,9.1,17.418,5.37,12.31,토양-질소 기원,14.11111111111111,3.4120734908136483,6.530933633295838,0.43623070674248576,0.15828957239309827,0.07653002640946148
JT-10,20.8,7.3,6.0,3.3,140.0,2.5,2.452,1.044,0.692,0.486,0.458,0.457,6.7,8.597,12.46,2.74,생활하수/처리수 영향,5.1440329218107,2.68,3.4387999999999996,4.547445255474453,0.6628352490421455,0.12143771082935909
JT-11,21.4,7.5,7.0,3.9,237.0,2.532,2.438,0.967,0.414,0.092,0.069,0.049,10.2,16.884,9.79,-1.74,생활하수/처리수 영향,27.521739130434785,4.028436018957346,6.668246445497631,-5.626436781609195,0.4281282316442606,0.05727315801942667
JT-12,22.0,7.0,6.2,1.7,182.0,1.763,1.758,0.73,0.227,0.127,0.104,0.091,7.4,12.272,10.71,-0.01,생활하수/처리수 영향,13.881889763779526,4.197390811117414,6.960862166761203,-1071.0,0.31095890410958904,0.05948500651890482
JT-13,21.3,7.5,6.7,4.0,211.0,1.954,1.949,0.846,0.205,0.147,0.118,0.103,10.8,14.521,9.04,2.02,생활하수/처리수 영향,13.292517006802722,5.527123848515865,7.431422722620266,4.475247524752475,0.24231678486997635,0.05826045038220508
JT-14,20.7,7.7,9.0,6.3,196.0,2.582,2.536,1.242,0.265,0.264,0.214,0.204,12.0,12.587,5.04,2.23,토양-질소 기원,9.78030303030303,4.647560030983734,4.874903175832688,2.2600896860986546,0.21336553945249598,0.09867323428934616
JT-15,20.3,7.5,9.0,3.8,326.0,2.767,2.761,1.549,0.179,0.183,0.165,0.143,10.8,25.695,9.36,3.16,생활하수/처리수 영향,15.120218579234972,3.9031441994940375,9.286230574629563,2.962025316455696,0.11555842479018721,0.06028410196536291
JT-16,20.7,7.6,8.6,9.4,291.0,3.936,3.922,1.444,0.648,0.58,0.541,0.514,15.9,27.063,7.46,1.8,토양-질소 기원,6.786206896551724,4.039634146341464,6.875762195121951,4.144444444444444,0.44875346260387816,0.053356981857148135
JT-17,21.4,7.5,8.2,3.1,193.0,1.717,1.711,0.844,0.215,0.098,0.096,0.071,7.9,13.297,7.65,3.1,토양-질소 기원,17.520408163265305,4.601048340128131,7.744321490972626,2.467741935483871,0.254739336492891,0.063472963826427
JT-18,19.5,7.6,9.6,1.8,156.0,1.011,1.009,0.578,0.069,0.075,0.066,0.053,6.5,9.971,5.87,4.11,내생부하(정체수역 유기물 축적),13.479999999999999,6.429277942631059,9.862512363996045,1.4282238442822384,0.11937716262975781,0.05796810751178417
JT-19,20.9,7.6,8.6,1.4,175.0,2.14,2.129,1.354,0.146,0.044,0.036,0.025,4.2,11.821,11.16,3.67,생활하수/처리수 영향,48.63636363636364,1.9626168224299065,5.523831775700934,3.0408719346049047,0.10782865583456425,0.11454191692750192
JT-20,19.8,7.7,9.8,3.1,274.0,2.046,1.995,1.252,0.023,0.099,0.078,0.064,8.3,19.154,5.93,4.64,토양-질소 기원,20.666666666666664,4.056695992179864,9.361681329423266,1.2780172413793103,0.018370607028753993,0.06536493682781665
JT-21,21.4,7.4,8.6,3.5,123.0,2.127,1.996,1.111,0.272,0.528,0.498,0.493,7.7,7.331,8.89,6.2,생활하수/처리수 영향,4.02840909090909,3.6201222378937477,3.4466384579219564,1.4338709677419355,0.24482448244824484,0.1515482198881462
JT-22,20.3,7.8,8.1,4.3,162.0,3.013,2.981,1.818,0.377,0.197,0.195,0.187,5.7,5.534,4.92,1.2,토양-질소 기원,15.29441624365482,1.8918021905077997,1.836707600398274,4.1000000000000005,0.20737073707370737,0.3285146367907481
JT-23,21.2,7.4,6.9,6.7,177.0,2.418,2.2,0.643,1.041,0.119,0.1,0.073,9.7,16.61,4.76,10.34,토양-질소 기원,20.31932773109244,4.01157981803143,6.8693134822167075,0.46034816247582205,1.618973561430793,0.038711619506321494
JT-24,21.6,7.3,7.5,3.1,264.0,1.673,1.663,0.81,0.099,0.122,0.101,0.084,8.8,21.36,7.36,3.3,내생부하(정체수역 유기물 축적),13.713114754098362,5.260011954572624,12.767483562462642,2.2303030303030305,0.12222222222222222,0.037921348314606744
JT-25,21.8,7.5,8.8,4.8,274.0,2.159,2.117,0.947,0.447,0.097,0.08,0.059,7.9,28.828,9.2,2.54,생활하수/처리수 영향,22.257731958762886,3.659101435849931,13.352477999073646,3.622047244094488,0.47201689545934533,0.03285000693769946
JT-26,22.6,7.4,8.5,5.7,302.0,2.777,2.69,1.318,0.276,0.125,0.088,0.068,12.7,30.748,9.57,5.43,생활하수/처리수 영향,22.216,4.573280518545192,11.072380266474612,1.7624309392265194,0.20940819423368742,0.0428645765578249
JT-27,21.0,8.1,9.1,4.4,144.0,1.896,1.597,1.055,0.06,0.478,0.16,0.151,7.0,7.168,8.65,6.09,생활하수/처리수 영향,3.9665271966527196,3.691983122362869,3.7805907172995785,1.420361247947455,0.05687203791469195,0.14718191964285712
JT-28,21.9,7.5,8.2,4.7,249.0,2.696,2.637,1.26,0.285,0.239,0.209,0.199,10.0,21.027,9.37,4.53,생활하수/처리수 영향,11.280334728033473,3.7091988130563798,7.799332344213649,2.0684326710816774,0.22619047619047616,0.05992295619917249
JT-29,22.3,7.4,5.3,3.2,284.0,2.46,2.424,1.306,0.138,0.161,0.145,0.133,7.8,21.863,9.73,7.53,생활하수/처리수 영향,15.279503105590061,3.1707317073170733,8.88739837398374,1.2921646746347941,0.10566615620214395,0.059735626400768425
JT-30,22.0,7.7,7.0,4.2,271.0,2.319,2.284,0.923,0.31,0.232,0.207,0.188,9.2,21.071,7.8,6.89,토양-질소 기원,9.995689655172413,3.9672272531263473,9.086244070720138,1.1320754716981132,0.3358613217768147,0.04380428076503251
JT-1,23.6,7.8,7.5,0.9,127.0,0.972,0.97,0.643,0.023,0.034,0.018,0.003,3.7,6.679,6.5,2.19,토양-질소 기원,28.588235294117645,3.806584362139918,6.871399176954733,2.9680365296803655,0.03576982892690513,0.09627189699056744
JT-2,23.6,7.7,6.9,3.2,267.0,2.537,2.4,0.813,0.34,0.218,0.139,0.118,12.4,18.521,8.69,-0.03,생활하수/처리수 영향,11.637614678899082,4.887662593614506,7.3003547497043755,-289.6666666666667,0.41820418204182047,0.043896117920198686
JT-3,20.3,7.1,5.7,0.3,296.0,7.012,7.004,5.713,0.068,0.052,0.032,0.024,3.7,25.846,12.03,1.23,생활하수/처리수 영향,134.84615384615384,0.5276668568168854,3.685966913861951,9.780487804878048,0.01190267810257308,0.22104000619051303
JT-4,22.7,7.5,7.1,1.1,255.0,4.756,4.719,3.398,0.123,0.129,0.097,0.089,8.0,17.657,13.6,4.02,생활하수/처리수 영향,36.86821705426357,1.682085786375105,3.712573591253154,3.383084577114428,0.036197763390229544,0.19244492269354932
JT-5,23.5,7.6,6.6,1.1,265.0,2.967,2.962,1.772,0.168,0.08,0.06,0.042,8.1,19.343,11.63,1.73,생활하수/처리수 영향,37.0875,2.7300303336703737,6.51937984496124,6.722543352601156,0.09480812641083522,0.09160936772992814
JT-6,22.7,7.5,5.8,1.8,286.0,2.35,2.324,1.132,0.237,0.108,0.072,0.058,8.9,18.594,9.3,0.48,생활하수/처리수 영향,21.75925925925926,3.7872340425531914,7.912340425531915,19.375000000000004,0.20936395759717316,0.06087985371625255
JT-7,23.9,7.6,6.7,2.7,201.0,2.064,2.062,0.897,0.213,0.135,0.101,0.085,8.8,13.614,8.85,-0.12,생활하수/처리수 영향,15.288888888888888,4.263565891472869,6.59593023255814,-73.75,0.2374581939799331,0.06588805641251652
JT-8,23.0,7.8,6.8,0.6,277.0,2.26,2.143,1.599,0.044,0.106,0.083,0.08,3.0,13.83,10.48,2.53,생활하수/처리수 영향,21.32075471698113,1.3274336283185841,6.119469026548673,4.142292490118577,0.027517198248905566,0.1156182212581345
JT-9,25.9,7.5,6.0,1.6,234.0,2.437,2.401,1.484,0.118,0.202,0.127,0.127,6.4,12.12,7.95,5.08,토양-질소 기원,12.064356435643562,2.626179729175216,4.973327862125564,1.56496062992126,0.07951482479784366,0.12244224422442244
JT-10,24.6,7.3,5.0,1.8,135.0,1.663,1.658,0.757,0.317,0.334,0.285,0.282,5.5,7.358,11.6,0.25,생활하수/처리수 영향,4.979041916167665,3.307276007215875,4.424533974744437,46.4,0.4187582562747688,0.10288121772220712
JT-11,24.9,7.7,7.1,1.9,201.0,2.358,2.341,1.002,0.322,0.166,0.112,0.106,7.4,12.045,8.97,-1.52,생활하수/처리수 영향,14.204819277108433,3.138252756573367,5.108142493638677,-5.901315789473685,0.3213572854291417,0.08318804483188044
JT-12,25.6,7.7,6.8,1.0,170.0,1.683,1.657,0.85,0.074,0.16,0.111,0.108,6.1,10.104,11.03,0.3,생활하수/처리수 영향,10.51875,3.6244800950683302,6.003565062388591,36.766666666666666,0.08705882352941176,0.08412509897070468
JT-13,27.9,7.8,9.1,1.2,199.0,1.779,1.774,1.034,0.033,0.128,0.094,0.089,6.0,11.817,10.63,0.98,생활하수/처리수 영향,13.898437499999998,3.3726812816188874,6.642495784148398,10.846938775510205,0.031914893617021274,0.0875010577980875
JT-14,25.0,8.3,8.2,1.6,156.0,2.157,2.154,1.259,0.087,0.075,0.04,0.026,6.1,9.132,5.87,3.41,토양-질소 기원,28.76,2.8280018544274452,4.2336578581363,1.721407624633431,0.06910246227164417,0.13786684187472623
JT-15,23.8,7.9,9.9,0.8,319.0,4.195,4.181,3.108,0.05,0.119,0.084,0.083,4.5,19.833,8.49,1.42,생활하수/처리수 영향,35.25210084033614,1.072705601907032,4.727771156138259,5.97887323943662,0.016087516087516088,0.15670851610951447
JT-16,24.2,7.9,9.3,1.2,252.0,3.047,3.032,2.065,0.057,0.12,0.085,0.081,5.3,16.037,8.49,2.59,생활하수/처리수 영향,25.39166666666667,1.7394158188382014,5.263209714473252,3.2779922779922783,0.027602905569007265,0.1287647315582715
JT-17,25.3,7.6,8.7,1.0,268.0,2.843,2.824,1.854,0.049,0.09,0.066,0.056,5.1,15.884,9.51,2.36,생활하수/처리수 영향,31.58888888888889,1.7938797045374604,5.587055926837848,4.029661016949152,0.026429341963322545,0.11672122890959456
JT-18,21.6,7.5,10.2,0.7,183.0,2.101,2.058,1.378,0.076,0.056,0.034,0.024,3.3,11.973,8.14,1.27,생활하수/처리수 영향,37.51785714285714,1.5706806282722512,5.698714897667777,6.409448818897638,0.055152394775036286,0.11509229098805644
JT-19,21.5,7.6,9.9,0.5,189.0,4.378,4.301,3.232,0.03,0.051,0.027,0.021,2.9,11.101,9.4,1.16,생활하수/처리수 영향,85.84313725490198,0.6624029237094563,2.535632708999543,8.10344827586207,0.009282178217821782,0.29114494189712636
JT-20,20.8,7.8,10.3,0.6,197.0,3.29,3.287,2.367,0.031,0.06,0.033,0.029,3.6,12.612,9.01,2.7,생활하수/처리수 영향,54.833333333333336,1.094224924012158,3.833434650455927,3.3370370370370366,0.01309674693705112,0.18767840152235965
JT-21,25.6,7.5,7.7,1.4,193.0,2.123,2.119,1.221,0.059,0.162,0.114,0.111,5.8,12.163,8.83,1.54,생활하수/처리수 영향,13.10493827160494,2.7319830428638716,5.729156853509185,5.733766233766234,0.04832104832104832,0.10038641782454986
JT-22,19.5,7.4,9.9,0.8,163.0,2.399,2.333,1.632,0.076,0.088,0.066,0.056,2.3,6.438,5.49,-0.53,토양-질소 기원,27.261363636363637,0.9587328053355564,2.683618174239266,-10.358490566037736,0.04656862745098039,0.2534948741845294
JT-23,24.6,7.3,8.7,1.3,379.0,3.307,3.261,1.361,1.009,0.106,0.075,0.074,3.8,46.651,13.21,-0.79,생활하수/처리수 영향,31.19811320754717,1.149077713940127,14.106743271847597,-16.721518987341774,0.7413666421748714,0.02917407986967053
JT-24,23.8,7.1,5.6,2.8,281.0,3.76,3.653,1.415,0.568,0.128,0.099,0.089,7.3,19.693,6.83,1.16,토양-질소 기원,29.374999999999996,1.9414893617021278,5.237500000000001,5.887931034482759,0.4014134275618374,0.07185294266998425
JT-25,24.9,7.3,8.7,2.5,293.0,2.748,2.717,1.209,0.322,0.113,0.085,0.076,6.6,26.856,7.83,-0.26,토양-질소 기원,24.31858407079646,2.4017467248908293,9.77292576419214,-30.115384615384613,0.2663358147229115,0.04501787310098302
JT-26,26.3,7.6,8.2,3.2,265.0,2.792,2.651,1.216,0.305,0.14,0.099,0.09,8.4,21.811,9.37,1.68,생활하수/처리수 영향,19.94285714285714,3.008595988538682,7.811962750716333,5.5773809523809526,0.25082236842105265,0.055751684929622666
JT-27,29.3,10.3,15.9,4.1,210.0,1.257,1.225,0.485,0.023,0.126,0.071,0.051,8.0,11.71,10.02,4.44,생활하수/처리수 영향,9.976190476190474,6.364359586316628,9.315831344470965,2.2567567567567566,0.04742268041237113,0.041417591801878734
JT-28,26.5,7.7,8.5,2.2,260.0,4.54,4.454,2.706,0.132,0.646,0.562,0.561,6.8,14.316,14.0,3.42,생활하수/처리수 영향,7.027863777089783,1.4977973568281937,3.1533039647577095,4.093567251461988,0.04878048780487805,0.1890192791282481
JT-29,26.0,7.8,7.7,1.6,199.0,2.402,2.269,1.481,0.052,0.164,0.137,0.129,5.9,12.844,8.83,2.42,생활하수/처리수 영향,14.646341463414634,2.456286427976686,5.347210657785179,3.6487603305785123,0.035111411208642807,0.11530675801930863
JT-30,25.7,7.9,7.2,2.5,198.0,2.534,2.509,1.274,0.144,0.209,0.163,0.159,7.2,12.569,8.04,1.49,생활하수/처리수 영향,12.124401913875598,2.8413575374901345,4.960142067876875,5.395973154362416,0.11302982731554159,0.10136049009467737
JT_1,22.9,7.9,8.6,0.7,145.0,0.968,0.961,0.67,0.029,0.052,0.04,0.033,3.7,7.972,9.93,5.0,생활하수/처리수 영향,18.615384615384617,3.8223140495867773,8.235537190082646,1.986,0.04328358208955224,0.08404415454089313
JT_2,23.8,7.8,8.3,1.6,202.0,1.488,1.486,0.673,0.187,0.254,0.197,0.194,6.6,11.195,9.41,4.39,생활하수/처리수 영향,5.858267716535433,4.435483870967742,7.523521505376344,2.143507972665148,0.2778603268945022,0.06011612326931666
JT_3,23.6,7.5,8.8,1.1,174.0,2.031,2.026,1.43,0.044,0.049,0.034,0.019,5.8,10.713,10.3,4.17,생활하수/처리수 영향,41.44897959183674,2.8557360905957654,5.274741506646971,2.470023980815348,0.030769230769230767,0.13348268458881732
JT_4,23.5,7.6,7.6,1.6,226.0,5.634,5.625,4.632,0.172,0.204,0.152,0.148,7.1,12.4,18.54,9.89,탈질작용(기원변형),27.617647058823533,1.260205892793752,2.2009229676961306,1.8746208291203235,0.037132987910189985,0.3735483870967742
JT_5,24.1,7.6,7.8,1.2,230.0,1.72,1.718,1.018,0.066,0.094,0.064,0.052,7.2,15.544,10.76,5.19,생활하수/처리수 영향,18.29787234042553,4.186046511627907,9.037209302325582,2.073217726396917,0.06483300589390963,0.0654915079773546
JT_6,23.5,7.7,7.2,1.6,246.0,2.474,2.443,0.744,0.808,0.212,0.154,0.152,8.9,12.019,9.33,4.15,생활하수/처리수 영향,11.669811320754718,3.597413096200485,4.8581244947453515,2.2481927710843372,1.0860215053763442,0.061901988518179546
JT_7,24.1,7.7,8.3,1.0,229.0,1.267,1.264,0.6,0.065,0.076,0.051,0.04,6.8,14.491,10.82,5.62,생활하수/처리수 영향,16.671052631578945,5.367008681925809,11.437253354380427,1.9252669039145907,0.10833333333333334,0.04140501000621075
JT_8,23.0,7.8,7.5,1.3,174.0,1.124,1.099,0.624,0.057,0.068,0.04,0.031,5.5,8.814,8.47,6.23,생활하수/처리수 영향,16.529411764705884,4.893238434163701,7.8416370106761555,1.3595505617977528,0.09134615384615385,0.07079646017699115
JT_9,24.3,7.9,8.0,1.8,178.0,1.396,1.384,0.717,0.12,0.162,0.12,0.115,5.9,9.002,7.6,6.13,토양-질소 기원,8.617283950617283,4.226361031518625,6.448424068767909,1.2398042414355628,0.16736401673640167,0.07964896689624527
JT_10,25.0,7.5,7.1,1.8,141.0,2.062,2.038,0.864,0.551,0.472,0.424,0.418,4.9,7.517,12.87,4.98,생활하수/처리수 영향,4.36864406779661,2.3763336566440354,3.6454898157129008,2.58433734939759,0.6377314814814815,0.11493947053345749
JT_11,24.7,7.8,8.5,1.4,191.0,1.539,1.538,0.886,0.076,0.127,0.096,0.09,6.2,9.924,9.27,2.99,생활하수/처리수 영향,12.118110236220472,4.028589993502274,6.448343079922028,3.1003344481605346,0.08577878103837472,0.08927851672712617
JT_12,24.8,7.6,7.7,1.3,161.0,1.36,1.356,0.738,0.117,0.187,0.148,0.146,5.5,8.532,12.1,2.71,생활하수/처리수 영향,7.272727272727273,4.044117647058823,6.273529411764706,4.464944649446495,0.15853658536585366,0.08649789029535865
JT_13,24.0,7.9,8.1,1.3,260.0,1.496,1.464,0.84,0.091,0.172,0.134,0.132,5.8,9.068,10.65,5.39,생활하수/처리수 영향,8.697674418604652,3.877005347593583,6.061497326203209,1.9758812615955474,0.10833333333333334,0.09263343625937362
JT_14,22.8,7.9,8.1,1.6,269.0,2.394,2.385,1.668,0.111,0.104,0.069,0.06,5.6,11.978,10.83,5.71,생활하수/처리수 영향,23.01923076923077,2.3391812865497075,5.003341687552213,1.8966725043782837,0.06654676258992806,0.1392553013858741
JT_15,23.2,7.1,9.1,0.8,335.0,5.012,4.992,4.32,0.052,0.15,0.117,0.116,4.3,17.31,8.38,2.78,생활하수/처리수 영향,33.413333333333334,0.8579409417398245,3.453711093375898,3.0143884892086334,0.012037037037037035,0.2495667244367418
JT_16,21.9,7.9,9.1,0.8,328.0,3.906,3.9,3.181,0.058,0.135,0.1,0.099,4.7,18.459,9.62,3.21,생활하수/처리수 영향,28.933333333333334,1.2032770097286227,4.725806451612903,2.996884735202492,0.018233259981138006,0.17232786174765696
JT_17,23.0,8.0,8.0,0.8,267.0,3.006,3.003,2.343,0.053,0.083,0.06,0.055,4.1,13.07,8.58,4.52,생활하수/처리수 영향,36.21686746987951,1.3639387890884898,4.347970725216235,1.8982300884955754,0.022620571916346564,0.179265493496557
JT_18,21.7,7.9,9.0,0.8,218.0,1.417,1.388,1.035,0.051,0.049,0.027,0.021,3.5,12.738,9.28,4.37,생활하수/처리수 영향,28.918367346938776,2.4700070571630204,8.9894142554693,2.123569794050343,0.04927536231884058,0.08125294394724446
JT_19,23.3,7.3,9.0,0.7,202.0,2.677,2.657,2.063,0.064,0.05,0.025,0.021,3.4,10.543,9.63,2.52,생활하수/처리수 영향,53.54,1.270078446021666,3.9383638401195364,3.8214285714285716,0.031022782355792533,0.19567485535426352
JT_20,22.4,7.4,8.5,0.7,251.0,3.36,3.347,2.687,0.042,0.084,0.055,0.054,4.0,14.197,10.13,4.81,생활하수/처리수 영향,39.99999999999999,1.1904761904761905,4.225297619047619,2.1060291060291063,0.015630815035355416,0.18926533774741142
JT_21,24.3,7.3,7.1,1.5,240.0,2.607,2.488,1.603,0.212,0.221,0.174,0.171,5.3,15.553,10.55,5.09,생활하수/처리수 영향,11.796380090497738,2.032988108937476,5.965861143076332,2.0726915520628686,0.132252027448534,0.10306693242461261
JT_22,21.5,7.6,8.5,1.3,101.0,3.631,3.54,2.616,0.324,0.139,0.108,0.105,3.1,8.557,6.12,2.84,토양-질소 기원,26.122302158273378,0.8537592949600662,2.3566510603139634,2.154929577464789,0.1238532110091743,0.3057146196096763
JT_23,24.9,7.1,7.2,1.4,341.0,2.778,2.745,1.735,0.31,0.221,0.189,0.188,3.8,43.783,11.28,-0.29,생활하수/처리수 영향,12.570135746606335,1.3678905687544995,15.760619150467964,-38.89655172413793,0.1786743515850144,0.03962725258662038
JT_24,24.2,7.1,7.3,1.7,242.0,1.439,1.392,0.77,0.095,0.124,0.098,0.09,5.4,16.861,10.1,5.9,생활하수/처리수 영향,11.60483870967742,3.752605976372481,11.71716469770674,1.711864406779661,0.12337662337662338,0.04566751675464089
JT_25,24.6,7.4,7.8,2.2,279.0,1.937,1.872,1.001,0.241,0.139,0.106,0.104,5.7,28.504,9.57,2.78,생활하수/처리수 영향,13.93525179856115,2.9426948890036138,14.715539494062984,3.442446043165468,0.24075924075924077,0.035117878192534376
JT_26,25.0,7.8,8.4,3.5,254.0,2.447,2.354,0.991,0.493,0.143,0.112,0.106,6.8,21.988,8.73,3.55,생활하수/처리수 영향,17.111888111888113,2.7789129546383324,8.985696771557008,2.459154929577465,0.49747729566094856,0.045070038202655996
JT_27,23.5,7.7,9.5,2.5,270.0,1.911,1.878,0.973,0.225,0.096,0.048,0.03,5.0,12.812,10.65,6.92,생활하수/처리수 영향,19.90625,2.6164311878597593,6.704343275771847,1.5390173410404624,0.2312435765673176,0.07594442709959413
JT_28,24.9,7.7,8.0,2.0,224.0,2.219,2.186,1.264,0.136,0.206,0.161,0.159,5.8,13.928,11.23,4.34,생활하수/처리수 영향,10.771844660194175,2.6137899954934656,6.276701216764309,2.587557603686636,0.10759493670886076,0.09075244112578977
JT_29,25.4,8.0,8.4,1.6,230.0,2.121,2.044,1.364,0.076,0.166,0.136,0.133,5.3,13.734,9.98,6.69,생활하수/처리수 영향,12.77710843373494,2.498821310702499,6.475247524752476,1.491778774289985,0.055718475073313775,0.09931556720547546
JT_30,24.8,8.1,8.9,4.7,172.0,1.848,1.764,0.911,0.256,0.204,0.164,0.159,7.6,9.568,6.4,10.32,토양-질소 기원,9.058823529411766,4.112554112554112,5.177489177489177,0.6201550387596899,0.2810098792535675,0.09521321070234115
JT_23B ,25.7,7.1,8.4,0.099,389.0,4.138,4.131,2.597,0.742,0.291,0.29,0.283,3.7,52.849,11.83,0.92,생활하수/처리수 영향,14.219931271477664,0.8941517641372645,12.771628806186563,12.858695652173912,0.2857142857142857,0.04914000264905675
JT_1,27.4,7.8,7.8,1.2,110.0,0.968,0.959,0.782,0.023,0.046,0.023,0.014,2.4,6.977,8.12,2.58,생활하수/처리수 영향,21.043478260869566,2.479338842975207,7.207644628099174,3.147286821705426,0.029411764705882353,0.11208255697291099
JT_2,27.8,7.6,7.1,1.8,185.0,1.286,1.194,0.682,0.147,0.19,0.099,0.099,4.8,10.912,8.51,1.58,생활하수/처리수 영향,6.768421052631579,3.7325038880248833,8.485225505443236,5.386075949367088,0.21554252199413487,0.0625
JT_3,26.6,7.4,7.4,1.4,198.0,4.242,4.063,3.85,0.054,0.07,0.036,0.023,4.0,12.38,11.4,3.08,생활하수/처리수 영향,60.599999999999994,0.9429514380009429,2.9184347006129188,3.7012987012987013,0.014025974025974025,0.3109854604200323
JT_4,26.6,7.7,7.7,2.0,150.0,2.46,1.762,1.381,0.105,0.124,0.073,0.062,5.1,9.282,14.1,5.13,생활하수/처리수 영향,19.838709677419356,2.073170731707317,3.7731707317073173,2.7485380116959064,0.07603186097031137,0.14878258995906055
JT_5,27.9,7.5,7.1,1.8,182.0,2.46,2.321,2.0,0.057,0.112,0.064,0.052,4.1,15.938,10.97,2.02,생활하수/처리수 영향,21.96428571428571,1.6666666666666665,6.478861788617887,5.430693069306931,0.0285,0.12548625925461163
JT_6,27.4,7.6,7.4,2.3,194.0,1.391,1.305,0.848,0.116,0.13,0.077,0.064,5.3,9.334,10.22,2.62,생활하수/처리수 영향,10.7,3.8102084831056793,6.710280373831775,3.900763358778626,0.13679245283018868,0.09085065352474823
JT_7,27.5,7.6,7.3,1.9,151.0,1.241,1.132,0.878,0.059,0.109,0.046,0.037,3.6,9.509,10.01,4.11,생활하수/처리수 영향,11.385321100917432,2.9008863819500403,7.662369057211926,2.435523114355231,0.06719817767653759,0.09233357871490167
JT_8,28.2,7.8,7.7,1.9,164.0,1.711,1.58,1.335,0.049,0.104,0.054,0.044,3.6,9.183,8.14,2.84,생활하수/처리수 영향,16.451923076923077,2.104032729398013,5.367036820572764,2.866197183098592,0.03670411985018727,0.14537732767069586
JT_9,30.0,7.8,9.3,2.3,198.0,1.658,1.489,1.22,0.063,0.128,0.047,0.037,3.7,11.185,8.5,6.6,생활하수/처리수 영향,12.953124999999998,2.2316043425814236,6.746079613992763,1.2878787878787878,0.051639344262295085,0.10907465355386678
JT_10,26.0,7.7,7.9,1.5,111.0,2.002,1.824,1.368,0.244,0.303,0.228,0.228,3.5,7.216,8.77,1.21,생활하수/처리수 영향,6.607260726072607,1.7482517482517483,3.604395604395605,7.24793388429752,0.1783625730994152,0.18957871396895787
JT_11,27.4,7.5,8.6,1.7,194.0,1.488,1.326,1.115,0.033,0.124,0.061,0.048,4.5,10.451,10.33,2.45,생활하수/처리수 영향,12.0,3.024193548387097,7.023521505376345,4.216326530612244,0.029596412556053813,0.10668835518132236
JT_12,27.7,7.9,8.6,2.3,135.0,1.319,1.169,0.934,0.022,0.151,0.082,0.07,4.8,8.115,10.39,2.55,생활하수/처리수 영향,8.735099337748345,3.639120545868082,6.152388172858227,4.074509803921569,0.02355460385438972,0.11509550215650032
JT_13,28.3,8.0,9.4,3.9,173.0,1.371,1.257,1.007,0.02,0.133,0.067,0.055,4.3,9.677,10.4,4.68,생활하수/처리수 영향,10.308270676691729,3.136396790663749,7.058351568198395,2.2222222222222223,0.0198609731876862,0.10406117598429264
JT_14,26.2,7.4,9.6,4.1,329.0,2.264,2.063,1.798,0.063,0.101,0.039,0.026,5.1,12.034,6.91,3.44,토양-질소 기원,22.41584158415841,2.2526501766784452,5.315371024734983,2.0087209302325584,0.03503893214682981,0.14941000498587334
JT_15,24.1,7.5,10.5,2.9,295.0,4.548,4.192,4.104,0.056,0.189,0.096,0.087,3.7,14.944,9.0,1.06,생활하수/처리수 영향,24.063492063492063,0.8135444151275286,3.285839929639402,8.49056603773585,0.01364522417153996,0.27462526766595285
JT_16,25.4,7.6,10.0,4.3,254.0,2.915,2.723,2.55,0.052,0.132,0.071,0.063,4.7,16.212,8.6,3.58,생활하수/처리수 영향,22.083333333333332,1.6123499142367068,5.561578044596913,2.4022346368715084,0.0203921568627451,0.15729089563286452
JT_17,26.6,7.5,8.9,3.0,249.0,2.775,2.521,2.457,0.03,0.093,0.043,0.031,3.6,13.281,9.1,3.73,생활하수/처리수 영향,29.838709677419356,1.2972972972972974,4.785945945945946,2.4396782841823055,0.01221001221001221,0.1850011294330246
JT_18,29.4,7.1,9.8,2.9,224.0,1.346,1.221,1.012,0.082,0.064,0.023,0.012,3.3,15.078,13.51,5.25,생활하수/처리수 영향,21.03125,2.451708766716196,11.202080237741455,2.5733333333333333,0.08102766798418973,0.06711765486138746
JT_19,24.2,7.1,8.4,1.7,213.0,2.519,2.298,2.227,0.015,0.072,0.032,0.024,2.3,12.508,13.92,6.32,생활하수/처리수 영향,34.986111111111114,0.9130607383882492,4.9654624851131395,2.20253164556962,0.0067355186349348905,0.1780460505276623
JT_20,25.9,8.0,10.0,3.1,184.0,1.742,1.59,1.423,0.022,0.071,0.032,0.021,3.6,12.221,11.42,5.31,생활하수/처리수 영향,24.535211267605636,2.066590126291619,7.015499425947187,2.1506591337099814,0.015460295151089246,0.11643891661893463
JT_21,28.5,7.7,8.6,3.2,185.0,2.356,2.077,1.906,0.027,0.173,0.093,0.081,4.2,11.901,9.9,3.97,생활하수/처리수 영향,13.61849710982659,1.7826825127334467,5.051358234295416,2.4937027707808563,0.01416579223504722,0.16015460885639862
JT_22,24.1,7.8,9.4,1.9,127.0,1.8,1.594,1.382,0.147,0.148,0.101,0.09,2.5,8.42,5.54,0.58,토양-질소 기원,12.162162162162163,1.3888888888888888,4.677777777777778,9.551724137931036,0.10636758321273516,0.16413301662707838
JT_23,28.3,7.8,9.0,3.1,390.0,2.825,2.575,2.083,0.236,0.075,0.037,0.024,3.7,55.61,16.44,2.05,생활하수/처리수 영향,37.66666666666667,1.3097345132743363,19.68495575221239,8.019512195121953,0.11329812770043206,0.0374572918539831
JT_24,28.5,7.7,9.1,4.6,230.0,1.986,1.707,1.484,0.015,0.122,0.057,0.041,5.4,17.491,9.52,4.9,생활하수/처리수 영향,16.278688524590166,2.719033232628399,8.807150050352467,1.9428571428571426,0.010107816711590296,0.08484363386884683
JT_25,28.6,7.8,10.7,3.0,290.0,1.915,1.651,1.401,0.016,0.088,0.031,0.017,4.0,27.504,10.83,4.2,생활하수/처리수 영향,21.761363636363637,2.0887728459530024,14.362402088772846,2.5785714285714283,0.011420413990007138,0.05093804537521815
JT_26,29.8,8.8,10.1,4.5,251.0,2.142,1.737,1.397,0.019,0.116,0.036,0.017,5.4,21.869,10.9,3.74,생활하수/처리수 영향,18.46551724137931,2.521008403361345,10.209617180205417,2.914438502673797,0.013600572655690766,0.06388037861813527
JT_27,26.7,7.9,7.4,2.9,157.0,0.745,0.603,0.328,0.061,0.077,0.027,0.017,4.9,7.997,9.62,4.82,생활하수/처리수 영향,9.675324675324676,6.577181208053692,10.734228187919463,1.9958506224066388,0.18597560975609756,0.04101538076778792
JT_28,28.4,8.1,8.7,2.7,185.0,1.557,1.328,1.005,0.04,0.172,0.106,0.09,4.5,11.158,10.89,3.7,생활하수/처리수 영향,9.05232558139535,2.8901734104046244,7.166345536287733,2.943243243243243,0.03980099502487563,0.09006990500089622
JT_29,28.5,7.8,10.2,2.8,168.0,2.169,1.969,1.706,0.021,0.12,0.069,0.051,3.4,10.475,9.49,5.62,생활하수/처리수 영향,18.075,1.5675426463808206,4.829414476717381,1.688612099644128,0.012309495896834702,0.1628639618138425
JT_30,28.1,7.8,9.9,2.7,156.0,2.426,2.168,1.678,0.111,0.281,0.214,0.209,3.8,10.001,7.11,8.87,토양-질소 기원,8.633451957295373,1.56636438582028,4.122423742786479,0.8015783540022549,0.06615017878426699,0.16778322167783222
JT_4B ,27.2,7.6,7.2,0.099,145.0,1.264,1.13,0.687,0.109,0.089,0.06,0.042,5.1,8.278,8.42,1.95,생활하수/처리수 영향,14.202247191011237,4.034810126582278,6.549050632911393,4.317948717948718,0.1586608442503639,0.08299106064266731
JT_1,24.3,8.0,8.0,0.9,113.0,0.779,0.773,0.726,0.02,0.037,0.036,0.025,1.9,7.213,8.46,2.59,생활하수/처리수 영향,21.054054054054056,2.4390243902439024,9.25930680359435,3.266409266409267,0.027548209366391185,0.10065160127547483
JT_2,24.7,7.1,6.7,0.8,290.0,2.307,2.295,1.989,0.077,0.049,0.04,0.028,3.1,21.114,11.85,3.67,생활하수/처리수 영향,47.08163265306122,1.3437364542696142,9.152145643693109,3.2288828337874658,0.03871292106586224,0.09420289855072464
JT_3,24.9,7.4,6.4,1.0,131.0,1.118,1.109,0.865,0.052,0.05,0.05,0.025,4.9,8.43,10.68,3.05,생활하수/처리수 영향,22.36,4.382826475849732,7.540250447227191,3.501639344262295,0.06011560693641618,0.10260972716488731
JT_4,24.8,7.5,7.2,1.0,166.0,4.023,3.768,3.472,0.054,0.118,0.113,0.104,4.0,10.342,11.47,3.8,생활하수/처리수 영향,34.09322033898305,0.9942828734775044,2.5707183693760878,3.018421052631579,0.01555299539170507,0.3357184297041191
JT_5,25.4,7.4,6.3,1.0,184.0,1.468,1.461,1.322,0.056,0.087,0.075,0.062,4.4,11.295,10.35,2.35,생활하수/처리수 영향,16.873563218390807,2.9972752043596733,7.694141689373297,4.404255319148936,0.04236006051437216,0.11704293935369633
JT_6,24.2,7.8,7.2,1.2,143.0,1.853,1.775,1.408,0.047,0.071,0.063,0.039,4.8,8.094,7.35,0.98,토양-질소 기원,26.098591549295776,2.5903939557474365,4.368051807879115,7.5,0.03338068181818182,0.1739560168025698
JT_7,25.3,7.6,7.4,1.1,165.0,1.488,1.466,1.157,0.036,0.099,0.076,0.067,3.9,9.988,10.28,2.92,생활하수/처리수 영향,15.03030303030303,2.620967741935484,6.712365591397849,3.5205479452054793,0.03111495246326707,0.11583900680816982
JT_8,25.7,7.9,7.4,1.2,154.0,2.324,2.224,1.874,0.036,0.08,0.056,0.036,4.0,7.771,7.79,1.31,토양-질소 기원,29.049999999999997,1.721170395869191,3.3438037865748713,5.946564885496183,0.019210245464247596,0.241153004761292
JT_9,26.5,7.7,8.2,1.4,172.0,1.811,1.722,1.396,0.082,0.173,0.13,0.13,4.0,9.297,9.23,3.66,생활하수/처리수 영향,10.468208092485549,2.2087244616234125,5.1336278299282165,2.521857923497268,0.058739255014326655,0.15015596428955574
JT_10,25.2,7.8,7.5,1.1,111.0,0.798,0.798,0.623,0.034,0.078,0.072,0.063,3.1,7.343,10.02,1.97,생활하수/처리수 영향,10.230769230769232,3.8847117794486214,9.201754385964911,5.086294416243654,0.05457463884430177,0.08484270734032412
JT_11,26.1,7.6,7.5,1.2,170.0,1.155,1.155,0.88,0.061,0.087,0.087,0.086,3.4,9.129,10.18,1.88,생활하수/처리수 영향,13.275862068965518,2.9437229437229435,7.903896103896104,5.414893617021277,0.06931818181818182,0.09639610033957717
JT_12,25.5,7.6,6.8,1.4,139.0,0.957,0.957,0.715,0.058,0.102,0.102,0.099,3.4,8.073,10.24,1.43,생활하수/처리수 영향,9.382352941176471,3.5527690700104495,8.435736677115989,7.160839160839162,0.08111888111888113,0.08856682769726247
JT_13,26.8,7.9,7.9,1.3,159.0,1.07,1.07,0.795,0.022,0.095,0.095,0.089,3.3,8.977,10.66,1.73,생활하수/처리수 영향,11.263157894736842,3.08411214953271,8.389719626168224,6.1618497109826595,0.027672955974842765,0.08855965244513757
JT_14,25.2,7.3,8.0,1.7,255.0,3.528,3.528,2.986,0.088,0.075,0.075,0.068,3.7,13.465,8.68,3.32,생활하수/처리수 영향,47.04,1.0487528344671202,3.816609977324263,2.6144578313253013,0.02947086403215003,0.22176011882658747
JT_15,22.2,7.5,9.2,1.7,286.0,3.955,3.955,3.38,0.056,0.122,0.122,0.121,3.7,14.941,8.19,1.21,생활하수/처리수 영향,32.41803278688525,0.9355246523388117,3.7777496839443745,6.768595041322314,0.016568047337278107,0.22622314436784685
JT_16,23.4,7.5,8.7,1.6,289.0,3.656,3.656,3.104,0.052,0.113,0.113,0.11,3.6,17.977,8.94,2.36,생활하수/처리수 영향,32.35398230088496,0.9846827133479212,4.917122538293216,3.788135593220339,0.01675257731958763,0.17266507203649106
JT_17,24.6,7.4,7.6,1.7,251.0,3.356,3.356,2.882,0.024,0.073,0.073,0.065,2.6,13.077,8.87,3.03,생활하수/처리수 영향,45.97260273972603,0.7747318235995233,3.8966030989272946,2.927392739273927,0.008327550312283136,0.22038693890035943
JT_18,24.8,7.8,8.4,1.5,138.0,1.587,1.587,1.323,0.02,0.047,0.047,0.037,2.3,8.312,6.38,1.22,토양-질소 기원,33.76595744680851,1.4492753623188406,5.23755513547574,5.229508196721311,0.015117157974300832,0.15916746871992302
JT_19,24.7,7.9,7.9,1.1,135.0,2.248,2.248,1.869,0.021,0.065,0.065,0.055,2.3,8.09,8.19,0.9,생활하수/처리수 영향,34.58461538461539,1.0231316725978645,3.598754448398576,9.1,0.011235955056179777,0.23102595797280592
JT_20,24.5,7.3,7.8,1.3,126.0,1.568,1.568,1.265,0.016,0.038,0.038,0.031,2.3,8.227,6.91,1.96,토양-질소 기원,41.26315789473684,1.4668367346938773,5.246811224489796,3.5255102040816326,0.01264822134387352,0.15376200316032573
JT_21,25.5,7.0,7.2,2.0,292.0,5.816,5.392,4.969,0.088,0.184,0.121,0.117,5.0,17.142,9.67,2.32,생활하수/처리수 영향,31.608695652173914,0.859697386519945,2.9473865199449794,4.168103448275862,0.017709800764741393,0.2898728269746821
JT_22,22.3,7.2,8.4,1.4,90.0,1.024,0.921,0.861,0.046,0.085,0.073,0.049,2.0,5.748,5.36,1.89,토양-질소 기원,12.047058823529412,1.953125,5.61328125,2.8359788359788363,0.053426248548199766,0.14979123173277661
JT_23,25.3,7.2,7.2,2.4,317.0,3.198,2.896,2.442,0.298,0.089,0.076,0.073,3.1,32.41,9.73,1.1,생활하수/처리수 영향,35.932584269662925,0.9693558474046279,10.134459036898061,8.845454545454546,0.12203112203112201,0.07534711508793583
JT_24,25.7,7.3,7.9,2.3,164.0,1.909,1.697,1.474,0.017,0.09,0.046,0.032,4.2,10.258,8.14,4.76,생활하수/처리수 영향,21.211111111111112,2.2001047668936615,5.373493975903614,1.7100840336134455,0.01153324287652646,0.1436927276272178
JT_25,26.4,7.3,8.2,2.2,221.0,2.653,2.398,2.053,0.105,0.11,0.065,0.059,4.2,18.055,9.65,2.69,생활하수/처리수 영향,24.118181818181817,1.58311345646438,6.8055032039200904,3.5873605947955394,0.05114466634193863,0.11370811409581832
JT_26,27.2,7.5,7.9,2.3,226.0,2.489,2.225,1.877,0.105,0.122,0.072,0.07,4.2,18.212,8.59,1.25,생활하수/처리수 영향,20.401639344262296,1.687424668541583,7.316994777018883,6.872,0.05594033031433138,0.10306391390292115
JT_27,26.2,7.2,7.1,2.8,152.0,0.765,0.697,0.416,0.035,0.076,0.058,0.044,5.9,10.19,9.69,5.48,생활하수/처리수 영향,10.06578947368421,7.712418300653595,13.320261437908496,1.7682481751824815,0.08413461538461539,0.0408243375858685
JT_28,27.2,7.3,7.2,3.7,289.0,8.502,8.343,6.479,0.486,1.201,1.179,1.169,5.9,17.98,17.32,1.39,생활하수/처리수 영향,7.07910074937552,0.6939543636791343,2.114796518466243,12.46043165467626,0.07501157586047229,0.3603448275862069
JT_29,26.9,7.6,8.2,1.3,174.0,2.202,2.201,2.025,0.062,0.143,0.102,0.095,3.0,10.813,8.32,4.11,생활하수/처리수 영향,15.3986013986014,1.3623978201634879,4.910535876475931,2.0243309002433088,0.030617283950617285,0.1872745768981781
JT_30,26.2,7.8,8.0,1.7,158.0,2.16,2.025,1.667,0.131,0.162,0.122,0.11,3.6,10.08,7.4,2.81,토양-질소 기원,13.333333333333334,1.6666666666666665,4.666666666666666,2.6334519572953736,0.07858428314337133,0.16537698412698412
JT_1,21.1,7.8,8.1,1.4,80.0,1.768,1.698,1.478,0.028,0.085,0.022,0.018,5.6,7.927,2.0,-0.26,토양-질소 기원,20.799999999999997,3.167420814479638,4.483597285067873,-7.692307692307692,0.018944519621109608,0.18645136873975024
JT_2,20.8,7.7,8.2,1.9,100.0,2.984,2.959,2.513,0.055,0.228,0.165,0.162,7.8,5.515,2.48,-1.38,토양-질소 기원,13.087719298245613,2.6139410187667558,1.8481903485254692,-1.7971014492753625,0.021886191802626343,0.45566636446056213
JT_3,21.3,7.7,8.2,2.1,96.0,2.723,2.647,2.223,0.052,0.111,0.053,0.043,6.8,5.571,1.62,-1.25,토양-질소 기원,24.53153153153153,2.4972456849063533,2.0459052515607787,-1.296,0.023391812865497075,0.3990306946688207
JT_4,20.7,7.4,7.8,1.2,135.0,9.146,9.075,8.927,0.117,0.119,0.099,0.097,4.3,6.078,3.04,-0.8,토양-질소 기원,76.85714285714286,0.47015088563306356,0.6645528099715723,-3.8,0.013106306709980958,1.468739717012175
JT_5,21.4,7.2,7.9,2.4,106.0,3.63,3.566,3.047,0.099,0.223,0.135,0.127,8.5,5.401,2.28,-0.83,토양-질소 기원,16.278026905829595,2.3415977961432506,1.4878787878787878,-2.746987951807229,0.032490974729241874,0.5641547861507129
JT_6,21.3,7.6,8.0,2.4,92.0,2.83,2.775,2.227,0.058,0.159,0.088,0.076,8.1,5.173,1.06,-0.45,토양-질소 기원,17.79874213836478,2.862190812720848,1.8279151943462897,-2.3555555555555556,0.02604400538841491,0.43050454281848055
JT_7,21.1,7.5,7.9,2.9,101.0,3.216,3.1,2.514,0.1,0.257,0.156,0.149,8.5,5.418,2.58,-0.4,토양-질소 기원,12.513618677042802,2.6430348258706466,1.6847014925373134,-6.45,0.039777247414478925,0.46400885935769653
JT_8,21.8,7.9,8.1,2.1,102.0,2.447,2.394,2.003,0.043,0.083,0.045,0.036,5.7,5.451,0.98,-1.0,토양-질소 기원,29.481927710843372,2.3293829178586023,2.227625664078463,-0.98,0.02146779830254618,0.3674555127499542
JT_9,21.9,7.9,8.2,2.2,114.0,2.712,2.633,2.14,0.061,0.197,0.127,0.118,7.5,6.248,2.8,-0.07,토양-질소 기원,13.766497461928934,2.765486725663717,2.303834808259587,-39.99999999999999,0.02850467289719626,0.34250960307298334
JT_10,21.9,7.7,8.0,2.1,162.0,1.435,1.356,0.83,0.065,0.52,0.496,0.49,6.8,11.13,5.2,1.12,토양-질소 기원,2.7596153846153846,4.738675958188153,7.75609756097561,4.642857142857142,0.0783132530120482,0.07457322551662174
JT_11,21.1,7.8,8.2,2.3,103.0,3.457,3.264,2.746,0.076,0.297,0.182,0.163,9.6,5.434,3.23,-0.94,토양-질소 기원,11.63973063973064,2.7769742551345096,1.5718831356667633,-3.4361702127659575,0.027676620538965767,0.5053367684946632
JT_12,20.9,7.7,8.1,2.8,108.0,3.331,3.155,2.526,0.103,0.407,0.255,0.235,9.7,5.857,4.11,-0.88,토양-질소 기원,8.184275184275185,2.912038426898829,1.7583308315821076,-4.670454545454546,0.04077593032462391,0.4312788116783336
JT_13,23.0,7.5,7.9,2.6,65.0,3.143,2.905,2.357,0.09,0.438,0.274,0.254,8.8,6.367,4.94,-0.17,토양-질소 기원,7.175799086757991,2.7998727330575885,2.025771555838371,-29.058823529411764,0.03818413237165889,0.37019004240615677
JT_14,23.4,7.6,7.6,2.4,139.0,4.595,4.562,4.081,0.072,0.249,0.177,0.162,6.8,7.88,3.4,0.02,토양-질소 기원,18.453815261044177,1.4798694232861807,1.7149075081610448,170.0,0.017642734623866695,0.5178934010152285
JT_15,23.1,7.4,7.8,1.9,181.0,3.184,3.102,2.765,0.041,0.162,0.126,0.124,5.7,8.926,1.38,0.67,토양-질소 기원,19.654320987654323,1.7902010050251256,2.803391959798995,2.059701492537313,0.014828209764918625,0.3097692135334977
JT_16,22.8,7.4,7.8,2.0,160.0,4.335,4.201,3.833,0.052,0.222,0.164,0.155,6.4,8.896,2.43,0.04,토양-질소 기원,19.527027027027028,1.4763552479815456,2.0521337946943485,60.75,0.013566397078006782,0.4308678057553957
JT_17,22.9,7.7,7.6,2.2,131.0,3.699,3.491,3.051,0.092,0.377,0.247,0.242,7.8,6.419,2.31,0.7,토양-질소 기원,9.811671087533156,2.10867802108678,1.7353338740200053,3.3000000000000003,0.030154047853162894,0.4753076803240381
JT_18,22.7,7.4,7.8,1.8,92.0,2.243,2.137,1.894,0.021,0.08,0.029,0.016,4.8,5.199,0.68,-0.98,토양-질소 기원,28.037499999999998,2.139991083370486,2.317877842175658,-0.6938775510204083,0.01108764519535375,0.3643008270821312
JT_19,23.3,8.2,7.5,1.8,143.0,2.283,2.208,1.848,0.036,0.126,0.075,0.066,6.4,4.853,1.41,0.14,토양-질소 기원,18.119047619047617,2.803328953131844,2.1257117827420062,10.07142857142857,0.019480519480519477,0.3807953842983722
JT_20,23.2,7.5,7.5,1.2,79.0,2.306,2.212,1.943,0.024,0.071,0.043,0.036,5.6,4.477,-0.79,-0.12,토양-질소 기원,32.47887323943662,2.4284475281873372,1.9414570685169126,6.583333333333334,0.012352032938754504,0.43399597945052487
JT_21,21.0,7.3,7.3,2.9,122.0,2.267,2.166,1.643,0.125,0.385,0.303,0.3,7.0,5.781,7.07,2.43,토양-질소 기원,5.8883116883116875,3.0877812086457874,2.5500661667401854,2.9094650205761314,0.07608034083992696,0.28420688462203775
JT_22,19.9,7.2,7.3,1.2,100.0,2.282,2.253,1.965,0.071,0.111,0.087,0.051,3.9,4.545,3.02,-1.77,토양-질소 기원,20.55855855855856,1.7090271691498684,1.9916739702015775,-1.7062146892655368,0.036132315521628496,0.43234323432343236
JT_23,21.7,7.6,7.4,4.0,196.0,2.579,2.433,1.339,0.659,0.213,0.146,0.145,6.3,15.627,6.81,1.8,토양-질소 기원,12.107981220657278,2.44280728964715,6.059325319891431,3.783333333333333,0.49215832710978347,0.08568503231586357
JT_24,21.0,7.6,8.1,3.0,136.0,1.876,1.658,1.203,0.054,0.318,0.201,0.193,7.2,8.075,5.96,2.07,토양-질소 기원,5.899371069182389,3.8379530916844353,4.304371002132196,2.879227053140097,0.04488778054862842,0.14897832817337464
JT_25,21.4,7.7,8.1,3.8,129.0,1.696,1.511,1.026,0.116,0.294,0.175,0.165,6.8,9.503,6.29,2.63,토양-질소 기원,5.7687074829931975,4.009433962264151,5.6031839622641515,2.3916349809885933,0.11306042884990254,0.10796590550352521
JT_26,21.2,7.5,8.1,4.5,127.0,1.817,1.509,0.99,0.204,0.349,0.164,0.154,6.5,11.191,6.63,4.65,토양-질소 기원,5.206303724928367,3.577325261419923,6.159053384700056,1.4258064516129032,0.20606060606060606,0.08846394424090787
JT_27,22.9,7.5,7.1,3.8,180.0,1.154,0.936,0.425,0.152,0.237,0.112,0.082,7.2,9.151,7.31,3.71,내생부하(정체수역 유기물 축적),4.8691983122362865,6.239168110918545,7.929809358752167,1.9703504043126683,0.35764705882352943,0.04644301169271118
JT_28,21.1,7.5,7.8,3.6,113.0,1.71,1.483,0.937,0.097,0.471,0.277,0.264,8.4,7.352,6.25,4.12,토양-질소 기원,3.6305732484076434,4.912280701754386,4.299415204678363,1.5169902912621358,0.10352187833511206,0.12744831338411317
JT_29,22.8,7.5,8.0,2.4,154.0,2.586,2.385,1.897,0.123,0.271,0.189,0.187,5.2,9.111,7.45,3.62,토양-질소 기원,9.542435424354242,2.0108275328692966,3.5232018561484924,2.0580110497237567,0.06483921982076964,0.20820985621775875
JT_30,22.8,7.5,7.8,1.9,99.0,3.801,3.663,3.378,0.042,0.301,0.268,0.265,5.2,4.866,0.82,7.86,토양-질소 기원,12.627906976744187,1.3680610365693238,1.2801894238358325,0.10432569974554706,0.012433392539964476,0.6942046855733662
