spot,flow,temp,pH,DO,BOD,COD,SS,EC,TN,DTN,NO3N,NH3N,TP,DTP,PO4P,Chla,TOC,Tcoli,Fcoli,Cl,d15N,d18O,source
우치,5.56E-05,10.3,7.1,11.1,6,7.5,21,421,2.628,2.543,1.707,0.33,0.147,0.078,0.075,48.1,6.2,41000,4600,78.773,6.81,2.41,내생부하(정체수역 유기물 축적)
광산,41.454,11.4,6.9,6.3,10.7,14,28.2,412,9.069,8.582,1.16,7.048,0.403,0.249,0.232,40,11.9,210000,96000,65.965,1.07,-1.27,화학비료(농경지)
함평,0.000355852,10.2,7.5,10.4,6.1,9,15.8,431,8.412,8.243,2.979,5.094,0.136,0.091,0.064,23.1,8,54.79882099,0,61.419,8.6,2.66,생활하수/처리수 영향
무안2,0.84447,6.9,7.8,11.2,2.6,7.9,6,6045,3.527,3.511,2.467,0.63,0.042,0.023,0.005,9.3,5,78,1,1333.496,11.25,3.53,생활하수/처리수 영향
고막원천4,0.000287412,8.6,7.3,10.8,7.4,14.1,82.5,244,5.931,5.506,3.569,0.777,0.4,0.266,0.256,30.7,11.7,0.03969083,0,58.679,5.03,0.93,내생부하(정체수역 유기물 축적)
요천3,3.601,11.6,7.1,11.5,2,5.8,8.3,295,3.363,3.347,2.556,0.09,0.049,0.03,0.014,12.2,4.7,3500,140,44.079,7.69,0.19,토양-질소 기원
오수천2,3.583,10.3,7.2,11.6,2.3,6.3,5.4,251,3.171,0.23067,0.10296,0.003751532,0.081,0.00495,0,0.608138437,5.3,1.433417724,0,28.376,8.22,2.3,생활하수/처리수 영향
죽산,0.043210151,10.1,7.4,10.7,12.5,10.4,21,430,9.313,9.157,2.592,6.067,0.12,0.071,0.048,37.1,8.7,20000,1600,60.011,8.6,1.58,생활하수/처리수 영향
황룡강5,14.295,10.6,7.9,11.5,10.6,9,39.9,322,1.976,1.82,1.137,0.218,0.086,0.022,0.005,36.4,8.3,28000,2500,46.987,6.54,4.12,내생부하(정체수역 유기물 축적)
지석천4,5.78E-05,11.2,8,12.2,10.1,12.5,28.4,251,3.346,3.094,2.39,0.098,0.186,0.115,0.111,95.8,9.2,27000,3700,25.743,9.1,2.52,생활하수/처리수 영향
나주,0.006824789,11.7,7.4,10.5,9.5,12.7,16.1,368,6.788,6.294,1.994,4.013,0.224,0.127,0.115,50.4,10.1,35000,3400,52.391,7.69,2.41,내생부하(정체수역 유기물 축적)
삼포천2,3.77E-05,11.6,7.7,10.6,5.8,14,42.4,640,8.358,8.329,5.037,2.419,0.403,0.292,0.285,28.4,11.3,57.27848773,0,117.684,8.01,1.29,생활하수/처리수 영향
우치,2.95E-05,8.8,6.3,11.7,3.5,6.9,12.9,354,2.773,2.647,1.846,0.15,0.089,0.038,0.029,39.4,5.7,4100,160,53.288,7.16,3.9,내생부하(정체수역 유기물 축적)
광산,15.251,10.4,7.2,10.8,9.1,11.4,15.4,417,7.712,7.393,1.608,4.997,0.251,0.108,0.091,93.7,9.7,2800,770,62.006,6.62,1.93,내생부하(정체수역 유기물 축적)
함평,22.37,9.9,7.5,8.4,3.9,9.5,11.5,396,7.358,7.325,2.532,4.507,0.173,0.116,0.102,12.9,7.9,410,14,57.103,8.01,3.01,생활하수/처리수 영향
무안2,81.903,7.2,8,11.7,2.6,9.5,5.8,4180,3.715,3.714,2.633,0.788,0.045,0.024,0.004,19.8,5.2,85,0,1050.809,10.97,3.63,생활하수/처리수 영향
고막원천4,1.843,7.2,6.3,12.5,3.7,7.9,15.9,247,3.84,3.57,3.228,0.051,0.152,0.066,0.063,36.9,6.7,600,16,26.947,7.31,2.66,내생부하(정체수역 유기물 축적)
요천3,2.929,10.8,8.5,14.3,1.6,5,4.5,282,3.651,3.633,3.272,0.056,0.035,0.017,0.007,10.2,4.1,350,0,39.37,6.6,2.32,토양-질소 기원
오수천2,2.705,8.3,8.1,13.1,1.5,4.6,3.8,263,2.574,2.52,2.183,0.054,0.046,0.033,0.028,5,4.1,1200,3,28.374,9.81,5.01,생활하수/처리수 영향
죽산,4.94E-05,10.2,7.8,12.8,6.1,11.3,18.9,337,6.749,6.529,2.111,3.154,0.18,0.081,0.056,118.3,9.8,1700,5300,47.616,6.93,3.97,내생부하(정체수역 유기물 축적)
황룡강5,8.44,8,6.9,11.2,5.5,7.3,17.4,302,2.907,2.773,1.517,0.573,0.096,0.043,0.021,36.2,6.8,25000,140,40.383,6.81,3.18,내생부하(정체수역 유기물 축적)
지석천4,6.721,7.3,7.2,12.2,4.3,7.7,23.9,264,6.326,6.2,4.925,0.135,0.585,0.439,0.422,22.6,7.3,43000,420,23.116,13.25,1.74,생활하수/처리수 영향
나주,0.84447,8.8,7.8,12.4,9.3,10.9,23.4,317,5.704,4.579,2.372,1.734,0.29,0.075,0.06,120.1,9.2,5500,2,44.08,5.13,1.25,내생부하(정체수역 유기물 축적)
삼포천2,5.35E-06,8.1,7.8,12,4.9,13.4,39.6,578,8.533,8.357,4.837,2.4,0.355,0.222,0.222,34.2,11.1,0.00467361,0,99.349,7.87,1.16,내생부하(정체수역 유기물 축적)
우치,0.014849582,11.1,8.9,13.3,4.5,7.3,14.3,348,2.152,1.891,1.511,0.032,0.091,0.02,0.006,79.7,5.9,2800,58,48.177,10.09,7.54,생활하수/처리수 영향
광산,8.522,11.5,7.2,12.3,9,9.4,12.1,443,8.319,8.057,1.51,6.316,0.078,0.04,0.006,82,8.4,4100,10,65.507,5.8,1.24,내생부하(정체수역 유기물 축적)
함평,15.45,10.2,7.3,9.1,3.6,8.3,9.4,342,5.704,5.639,2.327,2.834,0.118,0.088,0.067,14.2,6.9,10.73312358,0,47.325,7.24,4.15,토양-질소 기원
무안2,51.578,8,8,11.4,2.1,8.7,6,5600,3.744,3.687,2.592,0.82,0.042,0.021,0.003,11.3,5.3,310,0,1275.992,10.68,4.8,생활하수/처리수 영향
고막원천4,1.102,10.7,9.1,15.7,9.5,11.2,33.3,246,2.693,2.394,2.019,0.031,0.152,0.02,0.007,110.4,9.2,40.84427341,0,30.64,10.47,7.43,생활하수/처리수 영향
요천3,3.077,11.9,7.6,11.9,2,5.3,9.8,294,3.67,3.633,2.954,0.04,0.03,0.012,0.003,14.8,4.1,1300,0,37.112,9.28,0.85,생활하수/처리수 영향
오수천2,1.877,11.6,7.8,11.2,1.8,4.7,7,257,2.246,0.23067,0.10296,0.002543317,0.034,0.004352181,0,0.026223243,4,4.207260405,0,24.411,10.41,5.66,생활하수/처리수 영향
죽산,0.001127274,10.3,7.5,10.8,5.1,8.5,12.4,321,4.401,4.289,2.258,1.458,0.118,0.075,0.05,25.8,7.4,920,6,45.4,7.72,4.48,내생부하(정체수역 유기물 축적)
황룡강5,83.117,10.7,8.1,11.2,5.4,7.2,13.7,318,1.891,1.821,1.28,0.294,0.062,0.025,0.005,33.5,6.6,22000,62,45.085,5.27,3.53,내생부하(정체수역 유기물 축적)
지석천4,3.022,10.2,9.3,14.4,4.7,8.2,13.2,240,3.361,3.177,2.687,0.119,0.158,0.063,0.054,69.5,6.8,2700,0,23.628,9.09,4.03,생활하수/처리수 영향
나주,0.029550569,11.1,8,12.6,7.4,9,11.7,380,5.966,5.844,1.94,3.447,0.104,0.041,0.014,67.3,8.5,4600,7,54.208,7.49,2.28,내생부하(정체수역 유기물 축적)
삼포천2,0.011678381,10.9,7.8,11.5,6.6,14.4,45.3,1050,7.683,7.601,4.236,2.125,0.193,0.098,0.08,64.8,11.5,0.000219436,0,160.748,8.21,2.65,생활하수/처리수 영향
우치,677.852,13.1,8.5,14.3,5.5,9.3,16.8,355,1.62,1.428,0.959,0.053,0.108,0.017,0.004,86,7.8,4300,14,50.403,12.39,11.85,조류증식(현장발생)
광산,7.563,13.7,7.1,8,8.6,11.4,7.9,432,7.358,7.115,1.3,5.733,0.128,0.056,0.025,46.5,8.7,3600,67,65.077,9.4,5.31,생활하수/처리수 영향
함평,15.015,12,7.6,10.1,5.5,9.7,11.2,341,4.591,4.517,2.323,1.375,0.128,0.06,0.029,34.9,8.1,77.22,0,47.663,8.39,5.6,생활하수/처리수 영향
무안2,48.364,8.6,8,10.4,1.8,9.2,5.4,6754,4.228,4.165,2.651,1.079,0.045,0.02,0.003,10.4,6,580,1,1302.451,10.2,5.64,생활하수/처리수 영향
고막원천4,1.284,12.3,9.2,12.9,9,9.8,44.8,294,2.456,2.145,1.644,0.037,0.138,0.02,0.006,128.5,9.3,16.13825954,0,54.242,11.84,8.6,생활하수/처리수 영향
요천3,2.131,15.5,8.9,12.8,4.1,5.6,10.3,299,3.075,2.992,2.5,0.024,0.047,0.015,0.003,24.4,4.6,1300,0,38.745,8.39,1.62,생활하수/처리수 영향
오수천2,1.878,14,8.4,11.5,3.6,4.9,3.7,255,1.695,0.23067,0.10296,0.003075025,0.036,0.00495,0,0.020218405,4.1,10.62437245,0,26.59,10.92,7.12,생활하수/처리수 영향
죽산,1.00E-06,12,7.4,9.8,5.4,9.5,10.5,380,6.079,5.855,2.106,3.055,0.145,0.065,0.03,34.7,7.8,580,16,53.379,9.24,5.11,생활하수/처리수 영향
황룡강5,81.83,13.2,8.3,10.4,7.2,8,10.1,315,2.251,2.02,1.14,0.429,0.078,0.024,0.005,23.6,6,55000,1100,43.453,6.26,5.48,내생부하(정체수역 유기물 축적)
지석천4,3.525,11,7.1,12.7,5.8,9,19.6,262,3.12,2.96,2.234,0.042,0.171,0.074,0.059,59.1,7.4,2200,140,24.672,10.3,6.12,생활하수/처리수 영향
나주,0.041167746,13.9,7.3,9.8,8.1,8.5,9.4,404,7.291,7.107,1.614,5.34,0.108,0.07,0.036,31.4,7.3,4100,62,55.761,8.39,4.1,생활하수/처리수 영향
삼포천2,0.000707281,14.9,8.2,10.9,6.5,13.5,89.8,693,7.102,6.482,4.618,0.904,0.163,0.07,0.045,45.1,10.5,1.609166377,0,136.303,11.82,2.2,생활하수/처리수 영향
우치,678.881,16.5,7.6,11.9,7.5,9.9,16.3,360,1.334,1.027,0.685,0.029,0.088,0.022,0.006,88.1,7,2300,5,54.8,14.1,12.2,조류증식(현장발생)
광산,11.452,16.5,7,8.2,9,12.1,6.7,469,9.182,8.697,1.033,7.658,0.108,0.046,0.01,55.7,9.2,2000,44,69.7,8.5,2.8,생활하수/처리수 영향
오수천2,0.828179816,15.3,7.5,10.8,2.9,5.9,15.8,202,1.857,0.23067,0.10296,0.004346768,0.065,0.00495,0,0.336936321,4.7,0.703620888,0,18.4,9.6,5.2,생활하수/처리수 영향
죽산,0.011805831,14.9,7.9,11.7,6.4,11.6,8.7,394,6.39,5.835,1.915,3.567,0.133,0.053,0.013,76,8.7,880,2,55.8,10.4,4,생활하수/처리수 영향
황룡강5,78.01,16.5,7.8,9.4,4.4,7,10.8,294,1.552,1.432,0.861,0.217,0.072,0.036,0.022,14.3,5.3,30000,200,39.6,6.1,3.9,토양-질소 기원
지석천4,2.659,15.8,8,10.8,6.3,9.5,18.3,279,2.532,2.306,1.809,0.062,0.194,0.086,0.085,74.9,7.1,12000,3400,26.5,11.7,5,생활하수/처리수 영향
나주,0.023212817,15.8,7.4,9.7,5.3,9.8,10.7,417,7.265,6.998,1.388,5.298,0.14,0.063,0.032,48.1,8.2,2600,57,59.4,7.6,2.7,내생부하(정체수역 유기물 축적)
우치,0.214875731,16.2,6.9,8.9,2.3,8.4,15.9,185,2.617,2.537,1.732,0.302,0.164,0.108,0.102,14.3,6.1,25000,410,24.7,6.6,1.7,토양-질소 기원
광산,32.792,15.9,6.7,8,5.6,8.9,19.4,237,3.659,3.302,1.582,1.423,0.189,0.08,0.075,25.7,7,250000,8100,30.8,5.1,-2.3,내생부하(정체수역 유기물 축적)
함평,1.52E-06,15.2,7.7,10.7,5.7,12.3,14.3,366,6.205,5.721,1.933,3.175,0.218,0.089,0.048,122.1,10.5,77.22,0,50.3,7.6,1.9,내생부하(정체수역 유기물 축적)
무안2,0.350552422,11.5,8.2,9.8,1.8,7.9,7.9,5220,5.047,4.561,2.737,1.443,0.071,0.029,0.004,17.5,6.3,650,9,625.8,10.1,4.9,생활하수/처리수 영향
고막원천4,0.014211501,13.8,7.2,8.9,3.9,11.7,68.8,221,5.185,4.983,2.854,0.905,0.379,0.24,0.234,27,9.3,70.88646073,0,34.8,5.3,0.1,내생부하(정체수역 유기물 축적)
요천3,3.797,16,7.8,11,1.3,5.7,6,238,2.422,2.39,1.823,0.064,0.053,0.025,0.017,16.6,4.7,5600,45,28.5,6.7,2,내생부하(정체수역 유기물 축적)
오수천2,6.292,12.8,7.3,11.6,1.1,4.9,5.4,178,3.025,3.019,2.45,0.024,0.06,0.044,0.03,4,4.2,1800,27,42.9,6.5,4.1,토양-질소 기원
죽산,1.00E-06,15.7,6.6,6.9,4.5,8.2,18.5,200,3.487,3.256,1.498,1.533,0.163,0.079,0.075,24.8,6,47000,960,22.6,3.2,-0.1,내생부하(정체수역 유기물 축적)
황룡강5,13.6,15.5,7,9.5,2.6,7.4,13.6,179,3.067,3.023,2.469,0.108,0.161,0.118,0.114,16.1,5.4,54000,2700,10.3,4.6,1.9,내생부하(정체수역 유기물 축적)
지석천4,3.31E-05,15.2,6.8,8.9,1.7,6.8,22,159,2.441,2.313,1.743,0.268,0.111,0.051,0.049,10.4,4.8,11000,800,23,4.6,1.8,토양-질소 기원
나주,0.001460746,15.5,7.2,9.2,3.8,7.7,21.5,178,3.276,3.047,2.051,0.749,0.195,0.114,0.114,20.2,5.9,59000,3200,18,5.7,1.1,내생부하(정체수역 유기물 축적)
삼포천2,7.37E-05,14.1,7.1,8.2,4.5,16.9,108.1,389,6.801,6.372,3.995,1.169,0.609,0.335,0.321,38.7,12.5,1.259578199,0,58.7,10.3,2.1,생활하수/처리수 영향
우치,0.007122403,16.4,5.9,9,1.6,6.6,17,210,2.457,2.453,1.803,0.108,0.129,0.082,0.068,11.8,4.7,9500,380,23.9,6.4,3.7,토양-질소 기원
광산,19.321,17,6.8,6.7,4,7.6,11.4,263,5.304,5.009,1.616,3.155,0.229,0.108,0.091,23.6,6.9,110000,6800,32.6,3.9,2,내생부하(정체수역 유기물 축적)
함평,68.361,15.8,6.9,7.4,4.5,8.4,20.3,255,4.636,4.517,1.667,2.646,0.156,0.098,0.093,18.6,7.2,7100,360,31.9,3.8,-0.9,내생부하(정체수역 유기물 축적)
무안2,247.733,13.3,7.9,10,3.8,8.8,8.9,2560,4.464,4.391,2.506,1.206,0.069,0.025,0.006,33.4,7.1,6200,12,698,9.5,4.6,생활하수/처리수 영향
고막원천4,4.895,12.9,7,9.6,2.9,8.3,32.3,198,3.965,3.794,2.929,0.272,0.206,0.124,0.12,17,6.5,9700,320,26.9,5.4,2.1,내생부하(정체수역 유기물 축적)
요천3,5.028,14,6.9,10.4,1,4.6,6.7,193,2.729,2.672,2.225,0.022,0.048,0.021,0.009,9.9,4,3200,23,21.2,6.8,2.7,토양-질소 기원
오수천2,5.319,17,8.2,11,1.2,4.3,5.7,190,2.127,0.23067,0.10296,0.004714682,0.052,0.00495,0,2.871,3.5,3.263064017,0,15.8,8.3,3.6,생활하수/처리수 영향
죽산,0.002938167,15,6.9,8.9,2.4,7,9.5,164,3.455,3.274,2.041,0.769,0.161,0.089,0.075,23.1,5.4,6700,120,15.9,3.5,1.1,내생부하(정체수역 유기물 축적)
황룡강5,8.18,16.5,6.3,9.7,1.6,5.4,16.9,191,2.475,2.373,1.862,0.107,0.075,0.031,0.02,9.9,4,13000,110,21.7,5.1,2.3,토양-질소 기원
지석천4,20.306,16,6.6,9.4,1.8,5.9,25.4,175,3.147,3.027,2.584,0.152,0.159,0.112,0.107,4.8,4.2,37000,6600,13,6.9,2.5,토양-질소 기원
나주,0.031694458,17.6,7.2,9.1,3.4,6.8,11.4,208,3.809,3.67,2.009,1.356,0.172,0.093,0.077,22,5.7,40000,980,23.5,3.5,0.7,내생부하(정체수역 유기물 축적)
삼포천2,0.03441587,17.3,7.3,8.7,5.3,10.9,38.8,279,4.28,4.045,2.408,0.784,0.312,0.195,0.169,38.2,7.9,0.000694988,0,34.1,6.8,2.5,내생부하(정체수역 유기물 축적)
우치,0.085895437,20.1,7.3,8.4,2.4,5.2,7.4,243,1.875,1.688,1.316,0.046,0.099,0.039,0.032,20.6,4.2,20000,310,25.4,7.1,6.1,내생부하(정체수역 유기물 축적)
광산,15.897,19.6,6.9,7,7.2,8.8,14,268,4.406,4.022,1.138,2.678,0.219,0.047,0.024,80.5,7.8,110000,5000,33.7,3.1,2.7,내생부하(정체수역 유기물 축적)
함평,53.363,15.5,6.9,7.2,2.7,7.8,13.6,178,3.704,3.664,2.139,0.882,0.186,0.118,0.101,16.3,6.3,17.515653,0,18.9,4.9,4.1,내생부하(정체수역 유기물 축적)
무안2,161.715,13.9,7.3,7.9,1.6,6.8,5.9,2969,4.757,4.63,2.284,1.828,0.086,0.055,0.037,7.2,6,9400,10,502.8,6.7,3.4,토양-질소 기원
고막원천4,2.522,16.3,6.5,8.9,2.1,6.9,32.9,191,3.557,3.48,2.921,0.058,0.185,0.092,0.081,19.8,5.4,41.73224657,0,32.5,5.8,2.8,내생부하(정체수역 유기물 축적)
요천3,4.601,19.1,8.2,10,1.4,4.5,8.7,173,2.572,2.488,2.056,0.035,0.062,0.033,0.024,9.1,3.5,1500,11,19.9,7.4,2.3,토양-질소 기원
오수천2,2.585,16.2,7.1,10.1,1.2,4.3,3.7,189,1.825,0.23067,0.10296,0.003956927,0.06,0.00495,0,2.722468113,3.2,2.018317856,0,16.4,8.7,4.2,생활하수/처리수 영향
죽산,0.265772601,19.3,8.1,12.6,5.9,8.3,9.8,238,4.065,3.531,1.91,1.255,0.114,0.032,0.008,46.3,5.7,3300,40,28,7.3,2.9,내생부하(정체수역 유기물 축적)
황룡강5,5.6,19.3,8.3,10.4,4.3,7.1,19.7,204,1.827,1.519,1.105,0.025,0.099,0.017,0.005,50.7,5.2,23000,210,21.2,5.8,4.4,내생부하(정체수역 유기물 축적)
지석천4,8.298,19.3,7.2,9.8,2,5,9.8,198,2.818,2.693,2.157,0.061,0.168,0.11,0.107,18.1,3.8,13000,550,14.2,8.5,5,생활하수/처리수 영향
나주,1.00E-06,19.7,7.8,10.7,7,8.7,16.9,265,4.946,4.515,1.44,2.869,0.209,0.065,0.045,67.4,6.8,54000,2500,32.5,5.7,3.3,내생부하(정체수역 유기물 축적)
삼포천2,0.428963113,18.2,6.4,8.2,5.3,11.7,56.9,315,4.111,3.777,2.435,0.534,0.22,0.071,0.055,28.2,8,20.8597746,0,44.4,9.2,3.3,생활하수/처리수 영향
우치,1.00E-06,20.7,7,12.1,4.1,6.1,12,276,1.428,1.121,0.861,0.023,0.091,0.022,0.007,51.5,6,13000,20,36.4,11.7,9.9,조류증식(현장발생)
광산,9.121,20.1,7.3,8.6,8.7,13.8,15.6,369,7.132,6.319,1.224,5.007,0.161,0.046,0.009,81.2,9.1,13000,57,51,10.5,3.5,생활하수/처리수 영향
함평,34.896,17.3,7.2,8.4,3.2,6.1,11.1,203,3.29,3.148,2.056,0.559,0.09,0.048,0.035,12.5,4.8,38.71253205,0,22.6,5.5,2.9,토양-질소 기원
무안2,133.65,14.8,7,6.9,2.3,7.3,6.5,4382,4.257,4.135,2.16,1.435,0.082,0.05,0.037,12.6,5.6,4200,0,483.2,5.4,2.8,토양-질소 기원
고막원천4,2.047,15.5,7.7,10.3,5.2,6.9,29.2,217,2.813,2.433,1.932,0.032,0.15,0.042,0.026,54.7,5.8,0.592649852,0,21.5,5.4,2.7,내생부하(정체수역 유기물 축적)
요천3,3.664,16.5,7.1,10.3,1.5,4.6,6.5,195,2.212,2.06,1.645,0.051,0.063,0.028,0.019,9.6,3.8,6000,50,21,7.9,0.5,토양-질소 기원
오수천2,2.232,19.5,7.8,10,1.4,5,7.7,210,1.329,0.23067,0.10296,0.003537426,0.061,0.00495,0,0.204426467,4.2,56.02352534,0,19.3,9.8,4.9,생활하수/처리수 영향
죽산,0.011304604,19,7.8,9.2,5.8,9.6,7.4,269,4.284,3.853,1.574,1.883,0.109,0.046,0.001,49.9,7,11000,15,33.5,8.1,3.5,생활하수/처리수 영향
황룡강5,0.853,20.2,7.7,10.3,5.1,5.9,13.9,228,1.381,1.136,0.606,0.198,0.087,0.031,0.008,27.7,5.3,31000,460,27.2,8.8,6.6,생활하수/처리수 영향
지석천4,4.414,20.7,8.6,12.2,3.4,5.8,14.2,195,2.788,2.556,1.977,0.036,0.207,0.142,0.133,39.1,5,13000,10,17.5,11.5,4.6,생활하수/처리수 영향
나주,0.000272139,19.4,7,6.2,4.9,6.9,7.2,294,5.308,4.865,1.267,1.95,0.129,0.065,0.043,18.7,6.4,31000,200,39.8,9.7,4.1,생활하수/처리수 영향
삼포천2,0.053933028,20,7.8,9.3,5.7,12,50.7,329,3.151,2.663,2.005,0.034,0.183,0.038,0.016,66.6,8.1,77.22,0,53,8.5,5.3,생활하수/처리수 영향
함평,19.575,18.6,7.8,9.8,5.6,6.8,9.9,259,3.725,3.633,1.844,1.196,0.065,0.028,0.004,35.9,6.7,0.000558956,0,32.6,8.4,3.2,생활하수/처리수 영향
무안2,71.85,15.5,7.3,5.9,3.8,7.2,7.9,4189,3.699,3.598,2.288,0.73,0.061,0.038,0.027,12.2,5.9,7400,2,763.1,10.5,2.2,생활하수/처리수 영향
고막원천4,1.082,19.2,8.9,11.4,6.1,7.3,25.8,245,1.982,1.643,1.178,0.007,0.108,0.029,0.008,69.1,6.4,0.000842021,0,35.4,11.3,7.4,생활하수/처리수 영향
요천3,3.263,19.2,7.8,9.7,2.1,5.9,10.1,224,1.986,1.749,1.461,0.043,0.069,0.024,0.013,13,4.6,5300,65,25.1,9.7,1.7,생활하수/처리수 영향
우치,688.751,19.9,8.9,11,4.1,6.9,13.4,303,1.098,0.784,0.619,0.025,0.115,0.029,0.008,34.1,6,23000,75,35.8,9.7,11.5,생활하수/처리수 영향
광산,10.091,18.7,6.7,5.4,7.4,11.3,10.1,354,6.179,5.629,0.859,4.755,0.254,0.143,0.099,37.6,9,54000,1200,45.7,7.1,3,내생부하(정체수역 유기물 축적)
함평,20.288,19.8,7.3,7.3,4,7.8,13.8,295,3.643,3.343,1.54,1.351,0.104,0.044,0.026,14.9,7.8,1.131159306,0,33.8,9.5,2.7,생활하수/처리수 영향
무안2,88.652,15.8,7.5,5.6,3.2,8,5.8,4364,3.578,3.487,2.579,0.277,0.042,0.023,0.01,8.2,5.6,7800,58,705.9,9.7,2,생활하수/처리수 영향
고막원천4,1.052,20.6,8.5,11.3,4.7,6.8,16.6,266,1.735,1.437,1.073,0.055,0.11,0.031,0.014,25.8,6.2,77.22,0,25.8,11.4,6.6,생활하수/처리수 영향
요천3,2.081,20.2,7.8,10.2,3.2,6,8,232,2.164,2.048,1.598,0.048,0.06,0.026,0.015,18.7,5.1,48000,1,24.6,7.9,-0.4,내생부하(정체수역 유기물 축적)
오수천2,2.637,21.9,8.1,10.1,2,5.5,5.9,227,0.907,0.887,0.493,0.063,0.066,0.042,0.028,4,4.3,7100,11,22.1,8.7,4.2,생활하수/처리수 영향
죽산,0.000180118,18.7,7,6.6,6.7,9,15.3,338,4.763,4.449,1.471,2.483,0.138,0.061,0.039,14.7,7.5,6500,12,40.8,10.5,2.7,생활하수/처리수 영향
황룡강5,2.51,20.5,8.1,10.2,6,7.2,22.6,250,1.055,0.652,0.511,0.046,0.14,0.031,0.007,24,6.9,22000,350,27.5,3,3.3,토양-질소 기원
지석천4,3.506,18.6,8.4,11.5,4.7,7.1,16.3,237,3.19,2.951,2.397,0.052,0.367,0.28,0.265,27.6,6.6,22000,2500,20.2,10.4,3.2,생활하수/처리수 영향
나주,0.000188258,19.3,7.4,10.2,7.8,11.8,12.5,388,7.02,6.546,1.253,5.039,0.19,0.054,0.016,48.5,9,46000,780,49.4,6,-0.9,내생부하(정체수역 유기물 축적)
삼포천2,1.00E-06,20.7,7,8.3,4.2,8.5,62.9,414,3.408,3.04,2.096,0.453,0.195,0.06,0.043,13.9,7.1,77.22,0,65.5,9.9,2.1,생활하수/처리수 영향
우치,0.009110978,21.9,8.9,11.3,4.2,8.4,13.2,308,0.928,0.904,0.413,0.023,0.145,0.034,0.007,79.4,6.8,21000,56,38.6,9,11.6,조류증식(현장발생)
광산,8.496,21.4,7.1,9.8,8.4,13.2,13.4,453,8.363,7.558,1.094,6.335,0.162,0.053,0.01,70.1,9.6,220000,68,63.3,8.8,0.9,생활하수/처리수 영향
함평,0.032446842,23.9,7.9,9.8,3.2,8.3,11.1,342,4.042,3.814,1.458,1.82,0.084,0.034,0.008,27,7,32000,27,41.5,10.5,2.6,생활하수/처리수 영향
무안2,0.010594069,16.6,7.5,5.7,2,7.2,3.9,4697,3.94,3.41,2.375,0.366,0.04,0.026,0.015,2.9,4.9,13000,2,993.5,9.5,2.9,생활하수/처리수 영향
고막원천4,0.134135489,19.6,8,7.5,4.8,8.5,32.1,262,1.783,1.513,0.941,0.155,0.174,0.087,0.067,34.8,6.8,16000,420,27.1,9,5.6,생활하수/처리수 영향
요천3,2.639,23.9,7.5,9.3,2.7,7.3,10.5,257,2.297,2.135,1.599,0.051,0.087,0.034,0.018,24.1,5.9,11000,37,29.4,8.8,0,생활하수/처리수 영향
오수천2,4.874,23.3,7,7.5,1.9,8,10.4,203,1.771,0.23067,0.10296,0.001403888,0.132,0.00495,0,0.022286628,6.8,0.151741993,0,17.6,8.6,0.7,생활하수/처리수 영향
죽산,0.000454527,20.5,7.6,9.5,4.9,14,13,379,6.709,5.564,1.356,4.008,0.103,0.04,0.008,44.7,8.2,45000,12,46.8,10.9,2.6,생활하수/처리수 영향
황룡강5,1.459,21.9,8.4,10.8,4.3,7.1,14.5,264,0.912,0.599,0.394,0.064,0.126,0.032,0.014,36.1,6.1,72000,1300,31.3,4.1,5.5,내생부하(정체수역 유기물 축적)
지석천4,2.642,20.7,8.7,11.1,5.8,8.9,11.8,241,1.688,1.374,0.816,0.037,0.187,0.094,0.075,70.3,7.1,26000,12,20.2,14.2,7.8,조류증식(현장발생)
나주,0.001234379,21.7,8.1,10.3,5.9,11.7,13.8,347,4.89,4.342,1.139,3.014,0.171,0.062,0.028,60,8.4,600000,16,43.9,8.5,2.8,생활하수/처리수 영향
삼포천2,0.010825587,21,7.4,8.8,3.9,8.1,32.7,411,3.176,2.753,1.982,0.306,0.173,0.041,0.022,27.5,7.3,0.000999929,0,66.5,10.3,4.3,생활하수/처리수 영향
우치,0.012065125,23.9,6.9,7.6,3.6,8.4,17.7,227,1.908,1.646,1.002,0.213,0.17,0.062,0.042,38.8,6.4,49000,63,23.2,6.2,1.6,내생부하(정체수역 유기물 축적)
광산,20.545,23.9,7.1,7.7,8.6,9.2,16.9,327,4.561,4.046,0.709,3.092,0.232,0.06,0.023,115.7,8.7,100000,89,36.7,7,-0.2,내생부하(정체수역 유기물 축적)
죽산,0.000916482,22.7,6.9,6.6,4.3,8.1,10.2,283,3.867,3.682,0.924,2.47,0.19,0.089,0.066,37.9,7.6,65000,32,30.9,6.8,3.2,내생부하(정체수역 유기물 축적)
황룡강5,6.705,24.1,7.7,9.3,4.4,8.5,20.4,220,1.475,1.194,0.687,0.13,0.138,0.028,0.008,59.7,7.5,46000,440,22.1,5.6,0.5,조류증식(현장발생)
지석천4,5.352,23.4,7.4,8.2,4,8.4,25,223,2.025,1.833,1.109,0.081,0.219,0.115,0.101,35.4,7.4,36000,720,16.4,8.2,2.7,생활하수/처리수 영향
나주,0.000250493,23.9,7.2,7.9,8.2,11.3,17.3,315,3.916,3.66,0.723,2.54,0.236,0.057,0.03,102.4,8.8,210000,330,25.8,5.4,0.2,내생부하(정체수역 유기물 축적)
JS-1,0.000264758,11.2,7.3,11.8,1.2,1.9,0.280468258,101,1.144,1.121,0.96,0.019,0.022,0.009,0.004,0.899856911,1.3,0.770105863,0,9.589666667,3.87,1.59,토양-질소 기원
JS-2,0.027885798,12.2,7.1,11.9,1.3,2.3,0.030822626,72,0.997,0.962,0.824333333,0.018,0.025,0.011,0.005,0.47485275,1.5,6.373216727,0,5.084666667,4.2,3.13,토양-질소 기원
JS-3,0.000410466,11.9,7.2,12.2,1.2,2.2,0.024522411,85,1.054,1.018,0.880333333,0.02,0.022,0.01,0.003,2.871,1.4,77.22,0,6.730333333,4.48,2.11,토양-질소 기원
JS-4,0.02120243,11.6,7.2,11.8,1,2,0.357647691,62,0.882,0.863,0.736,0.019,0.017,0.007,0,0.086255963,1.2,0.616891678,0,4.584,2.32,2.49,토양-질소 기원
JS-5,0.022691524,13.3,7,11.4,1.5,2.3,1.507398502,83,1.08,1.032,0.861,0.04,0.024,0.011,0.004,2.609584629,1.5,36.31162985,0,6.534333333,4.56,2.34,토양-질소 기원
JS-6,0.000612039,12.2,7.2,11.9,1.3,1.8,0.984786701,85,1.193,1.163,1.027333333,0.026,0.027,0.014,0.008,0.995435607,1.3,0.015570179,0,6.076333333,5.29,1.96,토양-질소 기원
JS-7,5.46E-05,13.2,7,11.4,1,2.2,2.258495254,83,1.13,1.102,0.941666667,0.033,0.027,0.013,0.006,1.437318598,1.4,77.22,0,6.537333333,5.16,1.99,토양-질소 기원
JS-8,0.136098437,14,9.4,11.9,0.5,1.6,0.693200655,85,2.235,2.125,2.054333333,0.025,0.138,0.115,0.112,0.598369088,1,77.22,0,6.385,12.37,1.23,생활하수/처리수 영향
JS-9,0.016399266,15.4,9,10.5,0.7,2.3,0.256509473,89,1.686,1.643,1.468,0.038,0.077,0.051,0.047,0.068503053,1.7,0.133111842,0,6.741666667,8.4,4.9,생활하수/처리수 영향
JS-10,0.009409571,14.2,10.5,13.4,1.4,2,0.222016442,100,1.195,1.149,0.997333333,0.029,0.051,0.037,0.033,0.679594032,1.5,13.56683333,0,11.29766667,6.75,1.97,토양-질소 기원
JS-11,0.008542782,15.6,8.2,10.6,1.3,2.9,3.663,104,2.233,2.082,1.843666667,0.068,0.167,0.11,0.108,0.194991725,1.7,0.098766541,0,7.500666667,8.77,6.38,생활하수/처리수 영향
JS-12,0.000172263,12.5,7.6,11.1,0.5,1.8,1.88108587,103,1.694,1.64,1.509,0.015,0.019,0.006,0.001,1.404808233,1.3,0.384056582,0,5.906666667,6.9,1.1,토양-질소 기원
JS-13,0.000472064,14.5,8.5,10.7,1.1,2.6,0.346094553,103,1.977,1.924,1.709333333,0.037,0.115,0.083,0.08,0.77220328,1.8,77.22,0,7.277333333,9.17,3.61,생활하수/처리수 영향
JS-14,2.87E-06,13.7,9.1,11.3,1.4,3,0.17989549,125,1.876,1.82,1.574333333,0.04,0.052,0.03,0.024,1.663154586,2.4,0.431152122,0,9.060666667,6.52,2.88,토양-질소 기원
JS-15,0.001365967,14.3,7.2,10.1,1.3,2.9,3.663,104,1.74,1.671,1.445666667,0.024,0.079,0.052,0.048,0.174718769,1.9,19.21069472,0,7.499,8.77,3.77,생활하수/처리수 영향
JS-16,0.437137229,15,7.4,10.8,1.4,5.5,1.033576298,163,2.316,2.231,1.875333333,0.033,0.078,0.028,0.02,0.958094871,3.8,5.991335412,0,11.91633333,8.74,2.49,생활하수/처리수 영향
JS-17,0.001668865,14.5,7.3,9.9,1.1,3.1,3.428669292,107,1.786,1.676,1.477,0.018,0.07,0.047,0.044,2.871,2,66.9864279,0,7.682,8.71,4.45,생활하수/처리수 영향
JS-18,0.84447,14.3,7.3,10.4,0.6,2.7,0.389394465,192,1.279,1.191,1.038333333,0.024,0.019,0.007,0.002,0.089495801,1.8,0.008563476,0,7.108333333,5.41,2.25,토양-질소 기원
JS-19,0.005755041,15.8,7.5,10.3,1.3,3.3,3.663,120,1.694,1.615,1.434666667,0.016,0.069,0.043,0.039,0.355802352,2.2,13.15822626,0,7.887,8.2,3.53,생활하수/처리수 영향
JS-20,0.003235972,16,7.8,10.7,1.4,3,0.187527133,181,1.929,1.866,1.626,0.018,0.036,0.02,0.013,0.491826888,2,0.469383017,0,11.57133333,8.59,3.51,생활하수/처리수 영향
JS-21,0.000152647,16.6,7.9,11.1,1.8,3.8,0.209293542,152,2.075,1.976,1.697333333,0.078,0.071,0.041,0.038,0.390068843,2.6,53.60354205,0,10.875,8.75,4.05,생활하수/처리수 영향
JS-22,0.006134763,15.4,8.9,13,1,2.7,0.43975401,156,2.227,2.165,1.967666667,0.015,0.026,0.014,0.01,1.477272717,1.8,5.516191659,0,14.71966667,7.48,1.74,토양-질소 기원
JS-23,4.91E-06,16,8.2,10.7,2,4.4,0.741764989,182,3.57,3.514,3.103666667,0.116,0.204,0.158,0.155,2.871,2.9,55.40744358,0,12.046,6.54,12.27,토양-질소 기원
JS-24,0.00017485,15.2,8.9,13.8,1.8,4.9,0.486764809,162,2.334,2.242,1.923,0.036,0.097,0.059,0.054,1.780725681,3.5,77.22,0,10.375,7.52,3.73,토양-질소 기원
JS-25,5.04E-05,15.8,8.4,12,1.7,4.1,0.087811692,158,2.278,2.232,1.914666667,0.061,0.089,0.055,0.049,2.871,2.8,15.81158997,0,10.67166667,7.69,4.36,토양-질소 기원
JS-26,7.64E-06,14.1,7.3,11.7,1.1,4.2,3.663,155,1.492,1.427,1.167,0.013,0.04,0.019,0.012,2.871,3,28.48520583,0,10.69366667,8.29,2.86,생활하수/처리수 영향
JS-27,0.002695844,18.2,9.3,12.3,1.8,4.1,3.663,155,2.415,2.341,2.040333333,0.045,0.185,0.15,0.148,2.377211077,2.6,0.351465432,0,10.392,6.91,5.44,토양-질소 기원
JS-28,0.84447,15.3,8.6,14.7,1,3.3,0.071705721,235,4.085,4.026,3.882,0.025,0.048,0.033,0.026,0.604870198,2.3,77.22,0,15.652,8.3,3.67,생활하수/처리수 영향
JS-29,1.31E-06,14.7,7.8,10.9,1.9,4.5,1.738676393,145,2.162,2.141,1.821666667,0.029,0.08,0.044,0.036,0.270484656,3,9.893219475,0,10.05566667,7.02,4.09,토양-질소 기원
JS-30,0.000597312,12.3,7.3,10.4,0.6,2.4,0.239878042,152,2.887,2.881,2.768333333,0.012,0.025,0.014,0.009,0.27471473,1.5,3.668259237,0,10.09466667,9.19,2.41,생활하수/처리수 영향
JS-31,0.000148032,15.3,7.4,10,1.2,3.5,3.498531325,156,2.207,2.164,1.898333333,0.031,0.075,0.049,0.045,0.323114474,2.4,0.29733001,0,10.34766667,7.59,5.01,토양-질소 기원
JS-32,1.42E-05,13.7,7.3,8.2,1.5,4.2,0.026714981,196,2.498,2.445,2.124666667,0.051,0.074,0.047,0.042,2.871,2.9,13.29302703,0,15.446,9.95,3.7,생활하수/처리수 영향
JS-33,3.69E-05,15.6,7.2,9.6,3.3,5.2,1.589020717,271,3.05,2.997,2.149333333,0.447,0.117,0.052,0.047,1.029091688,3.6,0.014337685,0,28.462,10.21,2.8,생활하수/처리수 영향
JS-34,0.011934739,14.5,7.8,9.7,1.5,3.6,0.330975793,154,2.23,2.155,1.889666667,0.035,0.068,0.041,0.035,1.038881038,2.6,0.194599163,0,10.69966667,7.58,4.32,토양-질소 기원
JS-35,3.53E-05,14.2,7.6,7.4,2,6,0.305269961,333,4.36,4.301,3.714333333,0.088,0.146,0.095,0.09,0.024283444,4.9,0.100835791,0,26.26333333,12.01,5.67,생활하수/처리수 영향
JS-36,0.003601329,15.1,8.5,10.8,1.6,4.2,0.510196671,240,2.437,2.364,2.045,0.034,0.094,0.053,0.044,1.157305051,3,0.021869714,0,12.32533333,8.58,4.87,생활하수/처리수 영향
JS-1,0.000927185,16,6.6,10.4,1.3,2.4,0.464018252,105,0.941,0.883,0.711,0.023,0.022,0.015,0.004,2.098984192,1.5,4.62293986,0,9.155,3.78,2.01,토양-질소 기원
JS-2,0.000268428,16.7,6.7,10.1,1.3,2.6,3.137649314,72,0.946,0.915,0.752,0.022,0.023,0.012,0.003,0.278972266,1.6,2.04099985,0,4.715,4.27,2.37,토양-질소 기원
JS-3,0.000139135,16.4,6.2,10.6,1.3,2.5,0.457323553,87,0.99,0.923,0.761,0.028,0.024,0.013,0.003,0.243641001,1.6,4.720424504,0,6.377,4.5,2.29,토양-질소 기원
JS-4,0.000874771,16.4,6.5,10.4,1.1,2.8,2.521812319,63,0.673,0.638,0.497,0.029,0.02,0.012,0,2.871,1.8,5.02467731,0,4.254,2.41,2.35,토양-질소 기원
JS-5,0.032830432,16.9,6.3,9.8,1.3,3.1,0.028808616,83,0.982,0.909,0.722,0.052,0.031,0.019,0.005,2.871,2,77.22,0,6.103,4.56,2.99,토양-질소 기원
JS-6,0.009823531,17,6.5,10.5,1.7,2.9,0.246484233,90,1.052,1.001,0.815,0.03,0.038,0.025,0.012,0.807724061,1.7,0.094717208,0,5.926,5.95,2.46,토양-질소 기원
JS-7,0.002784366,16.9,6.2,9.5,1.3,3.3,1.194104589,85,1.059,0.98,0.782,0.045,0.036,0.022,0.007,1.51137662,2.2,0.907443001,0,6.095,5.22,3.37,토양-질소 기원
JS-8,0.000466155,16.2,6.8,8.8,1.3,2.6,2.063639461,95,2.226,2.126,1.769,0.076,0.201,0.183,0.178,0.206330491,1.6,0.088861651,0,6.859,9.08,4.62,생활하수/처리수 영향
JS-9,7.92E-06,16.9,7.4,9.6,1.7,3.5,3.168225641,95,1.511,1.414,1.148,0.061,0.101,0.076,0.066,2.871,2.1,77.22,0,6.86,9.08,4.05,생활하수/처리수 영향
JS-10,0.102514114,16.9,7.6,11.4,1.4,3,0.522179018,96,0.945,0.872,0.676,0.035,0.094,0.079,0.073,1.366708005,2,6.179438415,0,8.802,7.47,1.41,토양-질소 기원
JS-11,0.017723684,17.9,7.7,9.9,2.1,3.7,0.664124728,109,2.297,2.206,1.713,0.147,0.266,0.236,0.23,0.231620012,2.4,2.157857751,0,7.77,12.43,3.41,생활하수/처리수 영향
JS-12,0.84447,16.9,8.1,9.7,0.9,2,0.217219832,116,1.514,1.511,1.323,0.012,0.016,0.009,0.002,1.37929935,1.2,0.184749302,0,5.648,6.71,1.62,토양-질소 기원
JS-13,0.004363587,17.6,7.9,9.7,1.2,3,0.614102568,119,2.221,2.208,1.794,0.103,0.177,0.153,0.148,2.871,2,1.274590239,0,8.168,10.07,4.31,생활하수/처리수 영향
JS-14,0.002610032,18,7.5,10.1,1.6,4.2,0.527022922,128,1.649,1.631,1.247,0.05,0.063,0.043,0.028,0.676065322,3.1,15.33420542,0,8.932,6.86,2.61,토양-질소 기원
JS-15,0.003563053,17.2,6.7,9,1.2,2.9,0.949593097,126,2.016,1.989,1.618,0.058,0.138,0.112,0.108,0.981294731,2.1,2.357331625,0,8.207,9.47,5.39,생활하수/처리수 영향
JS-16,0.010943319,17.4,7,9.9,1.5,4.6,0.18906206,198,2.346,2.275,1.791,0.096,0.083,0.051,0.039,0.439273733,3.5,77.22,0,13.677,11.14,1.94,생활하수/처리수 영향
JS-17,1.38E-05,17.6,7,8.9,1.2,3.2,0.385349237,131,2.002,2,1.596,0.059,0.129,0.104,0.099,0.104177878,2.3,0.022649154,0,8.671,10.29,4.78,생활하수/처리수 영향
JS-18,0.000604636,15.7,7.1,9,0.7,2.6,1.128995833,180,1.328,1.31,1.124,0.022,0.024,0.015,0.008,0.291912198,1.9,23.86100325,0,6.813,5.64,1.22,토양-질소 기원
JS-19,0.008917371,17.9,7.2,9.4,1.4,3.6,2.046183937,136,1.739,1.695,1.352,0.042,0.095,0.061,0.056,0.39762631,2.2,0.274962105,0,9.034,10.58,3.54,생활하수/처리수 영향
JS-20,0.000415766,17.6,7.4,9.5,1.9,3.9,1.041923536,238,1.822,1.79,1.333,0.109,0.049,0.034,0.021,1.924235959,2.8,12.89275275,0,13.341,8.69,2.75,생활하수/처리수 영향
JS-21,0.000107649,17.9,7.2,9.5,2.4,4,0.103667366,189,2.207,2.137,1.596,0.195,0.1,0.055,0.046,0.690258545,3.1,0.989519211,0,13.156,9.78,3.68,생활하수/처리수 영향
JS-22,0.445508487,17,7.6,10.3,0.9,3.7,0.420466351,232,1.834,1.758,1.272,0.142,0.03,0.02,0.008,0.339266992,2.5,0.372941022,0,23.107,13.1,1.02,생활하수/처리수 영향
JS-23,7.50E-05,17.5,7.6,9.7,2.1,4.1,3.262501946,209,2.811,2.8,2.038,0.267,0.194,0.157,0.155,0.572828716,3,20.01762925,0,13.291,9.05,7.36,생활하수/처리수 영향
JS-24,0.007433247,17.8,7.7,10.4,2.4,5.6,1.459459782,207,3.351,3.326,2.571,0.183,0.268,0.215,0.213,2.871,4,11.40937229,0,11.592,8.14,7.11,생활하수/처리수 영향
JS-25,0.011552372,17.6,7.6,9.7,0.6,4.4,1.634997463,202,2.496,2.485,1.857,0.198,0.13,0.095,0.089,2.871,3,0.038584361,0,12.569,9.05,5.2,생활하수/처리수 영향
JS-26,0.00016718,17.1,7.9,9.2,0.9,4.5,1.232970294,156,1.383,1.318,0.999,0.022,0.057,0.035,0.024,2.871,3,15.17836727,0,9.825,8.6,4.27,생활하수/처리수 영향
JS-27,0.00083477,16.3,7.5,12.4,0.9,7.1,3.663,225,4.922,4.81,4.231,0.057,2.13,2.08,2.051,2.871,4.8,1.929816486,0,10.353,8.96,8.98,생활하수/처리수 영향
JS-28,0.045925189,16.8,8.4,10.4,1,3.9,0.316172452,268,3.502,3.497,3.082,0.036,0.052,0.03,0.019,1.151923139,2.7,27.03429203,0,16.773,10.22,3.58,생활하수/처리수 영향
JS-29,0.000715777,18.1,8.7,11.9,3.7,6.1,1.495255381,164,1.662,1.54,1.163,0.04,0.074,0.024,0.01,2.312070493,4,77.22,0,10.894,10.5,7.16,생활하수/처리수 영향
JS-30,7.10E-05,13.9,5.6,6.4,0.4,2.2,3.534232742,179,2.088,2.084,1.855,0.018,0.031,0.017,0.015,0.477657031,1.5,10.84298496,0,10.669,14.01,3.85,생활하수/처리수 영향
JS-31,0.024019346,17.9,6.5,8.6,1.2,3.7,1.111040598,200,2.216,2.194,1.799,0.029,0.087,0.056,0.052,0.878228945,2.5,0.130591908,0,12.52,10.41,4.92,생활하수/처리수 영향
JS-32,0.001101858,17.4,5.9,6.2,4.1,8.7,1.760304549,234,4.217,4.212,2.723,0.639,0.305,0.221,0.206,0.426011457,7.4,20.64584628,0,17.34,9.1,6.2,생활하수/처리수 영향
JS-33,2.56E-05,17.7,6.4,8.5,2.6,5.4,2.590848945,298,3.259,3.257,2.084,0.481,0.148,0.092,0.084,1.821755887,4,2.746795871,0,32.604,11.43,0.84,생활하수/처리수 영향
JS-34,0.012330402,18.4,6.7,8.9,1,3.8,0.181416188,199,2.184,2.178,1.747,0.026,0.083,0.049,0.038,2.871,2.6,1.743151241,0,12.784,10.5,5.06,생활하수/처리수 영향
JS-35,0.00039491,19.9,6.9,9.4,2.4,8,0.259882872,340,4.735,4.723,3.686,0.152,0.236,0.141,0.127,0.601613765,6.1,0.143541833,0,25.895,12.62,5.42,생활하수/처리수 영향
JS-36,0.000134847,20.1,7.7,10.3,1.6,4.2,0.163342332,210,2.422,2.41,1.969,0.027,0.094,0.055,0.045,1.655598638,3,6.919067207,0,14.714,10.89,4.53,생활하수/처리수 영향
JS-20B,0.004049922,18,7,8.2,13.3,13.9,0.833337481,350,8.271,7.645,4.11,2.179,0.289,0.099,0.068,2.871,11.6,0.146238655,0,43.034,9.77,-1.17,생활하수/처리수 영향
JS-27(N),0.047064627,19.5,7.4,11.1,1.9,4.5,0.972925737,210,2.429,2.413,1.917,0.089,0.112,0.103,0.092,2.871,3.3,29.39516059,0,14.104,9,5.53,생활하수/처리수 영향
JS-1,0.284340901,14.8,7.7,10.1,1.6,3.4,3.663,96,1.215,1.169,1.0335,0.0195,0.045,0.0265,0.017,0.247698768,2.05,77.22,0,8.07,3.3,2.48,토양-질소 기원
JS-2,0.326539664,16.1,7.3,9.7,1.7,3.6,0.776697531,67,1.272,1.2105,1.054,0.026,0.041,0.0165,0.0065,2.871,2.5,0.069515994,0,4.319,3.52,3.04,토양-질소 기원
JS-3,0.000360548,15.5,6.9,10,1.5,3.3,0.819709324,75,1.277,1.1815,1.0505,0.033,0.044,0.016,0.008,0.296282137,2.4,77.22,0,5.5035,3.61,2.16,토양-질소 기원
JS-4,0.27486362,14.3,7,10.2,1.5,3.1,1.857716192,56,0.902,0.8845,0.7505,0.028,0.035,0.0145,0.008,2.871,2,7.587367783,0,3.9415,1.81,2.22,토양-질소 기원
JS-5,0.026628097,15,6.8,10,1.6,3.9,0.763843878,72,1.238,1.151,1.013,0.0265,0.056,0.017,0.008,0.72297159,2.4,0.197967226,0,5.265,3.85,2.26,토양-질소 기원
JS-6,0.005515125,15.3,6.9,10,1.9,3.7,0.244826968,82,1.538,1.4595,1.2095,0.0785,0.072,0.0355,0.024,0.452767761,2.6,1.11760857,0,5.506,4.38,2.24,토양-질소 기원
JS-7,0.001028702,14.9,6.7,10,1.3,3.3,0.393462245,75,1.295,1.2185,1.0905,0.0265,0.046,0.0205,0.011,2.871,2.2,0.546483479,0,5.4945,3.64,1.17,토양-질소 기원
JS-8,0.058155597,15.2,7.7,10.2,1.1,2.2,3.663,82,1.923,1.8735,1.7475,0.0275,0.0965,0.081,0.079,0.551075061,1.3,77.22,0,6.0545,8.39,1.86,생활하수/처리수 영향
JS-9,0.599364253,15.7,7.4,10.2,1.5,2.9,3.663,81,1.62,1.495,1.3585,0.033,0.069,0.0415,0.036,0.575981189,2.1,3.949910861,0,5.779,5.99,1.63,토양-질소 기원
JS-10,4.65E-05,15.9,7.3,10.1,1.7,3.8,2.020336723,84,1.322,1.258,1.054,0.042,0.1325,0.1145,0.1075,2.871,2.4,63.32400403,0,7.6265,6.11,1.21,토양-질소 기원
JS-11,0.00066612,16.1,7.3,10,1.9,3.3,1.710313068,87,1.8785,1.723,1.5515,0.0505,0.1365,0.1035,0.1015,0.41039577,2.3,2.930919959,0,6.1515,8.26,1.58,생활하수/처리수 영향
JS-12,0.03830389,16.8,7.3,9.6,1.2,2.8,0.539262335,94,2.0415,1.975,1.8055,0.019,0.0365,0.011,0.005,0.241621716,1.8,9.026053855,0,5.444,6.84,2.23,토양-질소 기원
JS-13,1.00E-06,16.3,7.4,10,0.8,3,0.897091541,88,1.7505,1.673,1.5135,0.0375,0.071,0.0435,0.038,2.871,2.15,64.03829356,0,5.9805,6.5,1.95,토양-질소 기원
JS-14,0.005574145,17,7.4,10,0.9,4.4,0.334725456,114,2.333,2.1585,1.9815,0.0365,0.0795,0.056,0.047,1.748578641,3,1.951612063,0,7.519,5.18,2.31,토양-질소 기원
JS-15,0.055300489,16.1,7.1,9.9,1,3.2,0.395504654,99,1.878,1.7485,1.58,0.0485,0.074,0.047,0.0425,1.38563557,2.3,75.04209353,0,6.135,6,1.41,토양-질소 기원
JS-16,1.00E-06,16.7,7,9,1.3,6.4,1.189333369,107,2.9265,2.699,2.454,0.037,0.0975,0.062,0.0495,2.301406184,4.55,47.00638665,0,9.322,7.27,1.99,토양-질소 기원
JS-17,0.356896127,16,7.2,9.9,1,3.9,1.532009715,119,1.941,1.831,1.6695,0.0425,0.0765,0.0505,0.0445,0.015773312,2.6,8.665160435,0,6.4095,6.14,1.89,토양-질소 기원
JS-18,0.025725629,18,6.9,9,1,3.3,0.976864799,190,1.225,1.129,0.9885,0.033,0.0325,0.013,0.0035,1.184548033,2.45,0.123236735,0,6.4025,5.11,2.8,토양-질소 기원
JS-19,0.000307498,16.1,7.1,9.8,0.9,3.8,1.544480584,109,1.8375,1.705,1.545,0.0395,0.0715,0.0425,0.038,0.37028912,2.5,19.6098629,0,6.2245,5.9,1.97,토양-질소 기원
JS-20,0.172711192,16.3,7.1,10,1.2,4.1,0.019713091,156,2.3075,2.148,1.894,0.066,0.091,0.0585,0.0515,2.871,2.95,15.65079813,0,9.0535,6.79,2.69,토양-질소 기원
JS-21,7.36E-06,16.5,7.2,9.7,1.5,4.3,0.850642648,131,2.1985,1.9995,1.75,0.1,0.0965,0.053,0.046,2.871,2.95,0.001168633,0,7.925,6.79,2.49,토양-질소 기원
JS-22,0.090648742,15.9,7.2,10.3,1.6,3.7,0.379323248,145,2.4955,2.36,2.2445,0.0135,0.0455,0.0295,0.0245,2.089380152,2.4,9.118567797,0,12.603,5.7,-0.68,토양-질소 기원
JS-23,0.002754552,16.4,7.5,9.8,1.9,4,3.183670301,118,2.092,1.916,1.715,0.0635,0.088,0.0515,0.045,2.871,3,26.47598878,0,7.513,6.38,2.35,토양-질소 기원
JS-24,6.56E-06,17.1,7.3,9.8,2.3,5.4,0.783190372,150,2.3765,2.1875,1.848,0.0995,0.119,0.085,0.0805,2.871,4.15,0.000320795,0,8.8695,6.94,3.07,토양-질소 기원
JS-25,3.38E-05,16.3,7.2,9.7,1.8,4.1,1.724427755,123,2.2115,2.0405,1.774,0.0755,0.1015,0.062,0.0535,0.469273542,3.3,6.307982585,0,7.851,6.37,2.46,토양-질소 기원
JS-26,0.040187319,17,7.3,9.4,2.5,6.4,3.663,148,2.2235,1.9855,1.7365,0.0275,0.0895,0.049,0.0355,1.95077763,4.55,0.191273764,0,9.4835,7.54,2.41,토양-질소 기원
JS-27,0.198517898,18.6,7.9,10.7,1.8,6.4,1.413162839,147,3.867,3.7225,3.3975,0.044,0.312,0.303,0.295,0.102536632,5.25,0.584743593,0,9.4085,6.09,2.36,토양-질소 기원
JS-28,0.552473775,16.5,6.9,10.1,1.4,4.3,0.564310774,207,3.8155,3.649,3.4835,0.0275,0.0925,0.066,0.058,0.861224287,3.3,14.57097892,0,12.5825,6.6,2.39,토양-질소 기원
JS-29,0.002242996,17.1,7,9,1.8,4.1,0.448487846,111,2.14,1.9655,1.728,0.0825,0.0855,0.054,0.046,1.068723072,3.1,0.021106637,0,7.319,5.52,2.68,토양-질소 기원
JS-30,0.005816642,16.1,7.3,9.4,1.9,4.2,0.102229934,133,2.9225,2.705,2.6195,0.02,0.0665,0.044,0.0385,0.638092635,3.05,38.30078282,0,7.9255,7.38,1.66,토양-질소 기원
JS-31,7.64E-05,16.7,6.7,9.3,2,4.3,2.144487702,126,2.24,2.022,1.8505,0.0795,0.091,0.0515,0.0465,1.546238548,3.05,6.505642198,0,7.5585,6.05,2.9,토양-질소 기원
JS-32,0.00697198,15.8,6.5,8.7,2.4,4.9,0.336607736,153,2.6805,2.4795,2.1645,0.114,0.16,0.116,0.1145,0.196867404,3.9,16.8124894,0,10.244,7.74,3.22,토양-질소 기원
JS-33,0.00284493,17.4,6.5,9.4,2.7,6.1,2.011809266,215,2.974,2.633,2.0625,0.2495,0.1675,0.0685,0.059,2.871,4.7,0.090784771,0,19.0315,8.07,2.42,생활하수/처리수 영향
JS-34,0.016218869,17,6.5,9.5,1.7,4.4,1.368428597,126,2.2425,2.036,1.847,0.065,0.0925,0.056,0.047,1.830077117,3.25,77.22,0,7.6335,6.09,2.94,토양-질소 기원
JS-35,0.175369669,19.9,7.9,9.7,2.9,7.5,2.181674836,163,2.262,1.985,1.6175,0.07,0.191,0.1055,0.094,2.871,5.2,77.22,0,10.0415,7.3,3.37,토양-질소 기원
JS-36,0.033612783,17.5,7.1,9.4,1.9,4.6,3.663,131,2.3185,2.0855,1.8785,0.0805,0.1035,0.0575,0.052,0.655163332,3.3,1.367944868,0,8.1045,6.22,2.95,토양-질소 기원
JS-20B,0.000534796,17.6,6.9,8.5,12.1,16.4,3.663,313,9.9175,8.0695,3.928,3.587,0.8,0.2855,0.272,0.5634389,14.36666667,0.53175791,0,33.9405,11.48,0.36,생활하수/처리수 영향
JS-1,0.84447,19,8.1,9.3,1.8,5.3,0.218815249,167,1.321,1.199,0.744,0.089,0.072,0.039,0.022,0.844478826,3.7,3.991754103,0,14.886,7.07,-0.39,토양-질소 기원
JS-2,0.84447,19.5,7.7,8.3,1.8,4.6,1.213381324,92,1.074,0.947,0.646,0.064,0.071,0.023,0.01,0.013310163,3.3,11.29377606,0,5.449,6.27,2.06,토양-질소 기원
JS-3,0.008272498,19.8,7,9.4,2.3,6.4,0.29099078,114,1.394,1.18,0.715,0.088,0.122,0.042,0.025,0.882521193,4.2,77.22,0,7.913,7.17,1.43,토양-질소 기원
JS-4,0.146442625,18.8,7.1,9.3,2.2,5,0.016979167,109,2.811,2.741,0.716,1.015,0.07,0.037,0.027,1.430760202,3.5,77.22,0,7.22,-1.51,-4.58,토양-질소 기원
JS-5,0.001179717,19.9,6.8,7.9,2.6,6.2,3.663,122,1.637,1.494,0.775,0.246,0.127,0.052,0.04,0.028116463,4.3,77.22,0,8.826,5.73,1.85,토양-질소 기원
JS-6,0.000575802,19.8,7.1,9,2.8,6.4,1.004850379,105,1.174,1.009,0.562,0.095,0.086,0.029,0.017,0.541917432,4.3,77.22,0,6.492,5.15,1.12,토양-질소 기원
JS-7,0.003964463,19.7,7.1,8.1,2.2,6.5,0.032770984,126,1.532,1.367,0.73,0.172,0.089,0.038,0.024,0.10582195,4.5,45.00900432,0,8.982,5.49,0.44,토양-질소 기원
JS-8,0.003450595,18.8,7.2,9.1,1.8,5.1,2.200569344,132,2.538,2.461,1.764,0.114,0.225,0.179,0.176,0.134283285,3.7,27.89519034,0,9.257,9.11,7.68,생활하수/처리수 영향
JS-9,0.075226769,20.5,7.5,8.8,2.4,5.8,0.105104534,125,1.64,1.508,0.949,0.127,0.114,0.061,0.051,2.36621493,4.2,33.71114532,0,9.453,8.7,4.07,생활하수/처리수 영향
JS-10,0.001614394,22.3,7.2,11.5,1.7,5.8,0.129592703,197,2.169,2.051,1.521,0.093,0.136,0.089,0.081,2.032729678,4.4,5.459397459,0,17.413,10.93,1.68,생활하수/처리수 영향
JS-11,0.000116818,21.5,7.5,8.4,2.4,7.1,1.582571408,155,2.629,2.474,1.498,0.288,0.217,0.145,0.143,0.360598694,5.2,1.001739995,0,11.307,8.42,4.56,생활하수/처리수 영향
JS-12,0.665385662,21.6,7.6,9,2,4.8,0.606041631,120,1.687,1.495,1.019,0.201,0.084,0.023,0.016,2.871,3.2,0.34109591,0,6.702,5.75,1.47,토양-질소 기원
JS-13,2.50E-05,21.7,8.1,10.2,1.4,5.8,0.340387312,141,2.039,1.932,1.354,0.086,0.128,0.087,0.086,2.549182255,4.1,1.501596234,0,9.469,8.01,4,생활하수/처리수 영향
JS-14,0.009013638,21.9,7.6,8.5,2,7.1,0.915537965,193,1.016,0.918,0.298,0.135,0.141,0.102,0.096,1.114858249,4.9,3.908477377,0,12.946,8.84,2.7,생활하수/처리수 영향
JS-15,0.034825387,21.1,7.2,7.7,1.4,6.1,0.090705343,161,1.871,1.79,1.24,0.068,0.13,0.09,0.088,2.871,4.5,4.163306561,0,10.392,8.58,6.7,생활하수/처리수 영향
JS-16,0.84447,21.5,7.1,6.9,5.7,38.1,0.48216162,215,5.901,2.296,0.787,0.616,3.635,0.365,0.324,0.27684005,36.7,1.665437361,0,18.959,7.21,4.17,토양-질소 기원
JS-17,8.49E-05,21.3,7.1,7.6,1.7,7.1,1.689388248,171,2.054,1.905,1.276,0.135,0.191,0.11,0.107,2.871,4.9,0.067914565,0,11.357,9.04,6.43,생활하수/처리수 영향
JS-18,0.000240214,18.2,7.2,7.9,1,2.2,2.976600154,237,0.954,0.911,0.754,0.027,0.032,0.012,0.011,1.043805087,1.6,7.357910472,0,7.422,8.87,1.45,생활하수/처리수 영향
JS-19,3.94E-05,22.8,7.9,10.1,3.3,6.9,1.119983306,184,1.624,1.403,0.978,0.026,0.122,0.058,0.055,2.157610364,4.4,6.990400033,0,11.257,10.48,6.58,생활하수/처리수 영향
JS-20,0.000236865,23.1,7.8,9.4,4.4,8.7,3.278597776,274,2.407,2.05,0.922,0.342,0.159,0.055,0.038,2.871,6.1,58.56456825,0,19.378,8.19,3.22,생활하수/처리수 영향
JS-21,0.001276887,22.7,7.5,9.5,3.1,7.5,0.652756959,238,2.5,2.288,1.442,0.239,0.139,0.074,0.063,0.172907511,5.3,0.219095297,0,17.664,9.77,3.74,생활하수/처리수 영향
JS-22,0.01048025,22,7.3,7.4,2.4,4.8,3.663,293,2.439,2.373,1.303,0.426,0.04,0.022,0.014,1.84683668,3,77.22,0,31.676,20.17,-2.1,생활하수/처리수 영향
JS-23,8.79E-05,23.7,7.6,9.4,4.9,8.9,2.907150751,235,2.744,2.46,1.367,0.351,0.247,0.146,0.143,1.240748716,6.4,0.105064978,0,16.898,8.17,6.16,생활하수/처리수 영향
JS-24,0.016766519,23.5,7.3,11.1,3.9,13,0.24317353,299,3.026,2.823,1.01,0.585,0.411,0.309,0.304,0.210155884,9.8,0.449944919,0,21.699,7.7,4.89,토양-질소 기원
JS-25,5.90E-05,21.9,7.4,8.9,3.4,8.6,0.161852478,236,2.424,2.202,1.243,0.254,0.196,0.127,0.121,0.433941288,6.1,6.70927482,0,17.049,8.69,5.16,생활하수/처리수 영향
JS-26,0.004006968,19.4,7.3,8.9,2.6,8.3,1.628338887,201,2.21,2.008,1.009,0.393,0.275,0.209,0.207,2.774432696,6.2,18.81992684,0,13.187,8.49,2.58,생활하수/처리수 영향
JS-27,0.000634725,23.1,7.5,9.8,2.8,8.2,3.663,245,2.401,2.239,1.518,0.142,0.188,0.12,0.115,2.399373759,5.9,0.226498752,0,18.26,9.24,6.7,생활하수/처리수 영향
JS-28,8.21E-06,20.1,7.4,10.3,1.2,6.1,0.192140748,227,1.838,1.714,1.262,0.04,0.065,0.03,0.021,0.249737314,4.4,29.08846302,0,15.658,9.46,3.75,생활하수/처리수 영향
JS-29,3.16E-05,22.7,8.4,10.2,4.1,8.5,0.655585109,228,2.28,1.86,1.264,0.079,0.185,0.097,0.091,1.212357534,5.7,0.15454924,0,16.598,10.51,9.89,생활하수/처리수 영향
JS-30,0.00021448,18.1,7.3,7.4,0.5,2.8,1.373937494,179,0.537,0.459,0.308,0.023,0.037,0.015,0.013,2.871,1.9,77.22,0,9.873,15.24,5.65,생활하수/처리수 영향
JS-31,0.001632364,22.9,8.8,9.6,2.5,6.2,1.602007462,228,1.618,1.39,0.922,0.045,0.117,0.064,0.061,0.107468942,4.8,59.21955435,0,14.955,12.19,9.81,생활하수/처리수 영향
JS-32,0.000220692,20.3,7.6,5.2,2,7.2,0.223622267,248,1.907,1.687,0.971,0.175,0.209,0.105,0.104,2.871,5.6,0.023445138,0,16.131,10.33,3.47,생활하수/처리수 영향
JS-33,0.270271051,22.5,7.8,9.2,5.2,9.6,3.663,348,4.297,4.031,2.319,0.456,0.217,0.087,0.078,2.871,7.6,0.085100157,0,42.347,10.06,1.24,생활하수/처리수 영향
JS-34,0.061180198,23.1,8.9,9.8,3.6,7.3,1.550757953,227,1.523,1.185,0.681,0.062,0.128,0.049,0.038,2.871,4.5,0.650465722,0,15.736,12.27,6.77,생활하수/처리수 영향
JS-35,0.001561584,22.1,7.7,8.2,2.6,11.8,0.106541555,285,2.65,2.415,1.042,0.21,0.236,0.078,0.067,1.64807677,8.9,0.418973125,0,21.312,7.56,1.72,토양-질소 기원
JS-36,0.020268675,22.6,8.3,9.1,3,8.3,0.584915067,252,2.226,1.946,1.245,0.056,0.168,0.068,0.062,0.930848863,6,2.776731192,0,18.326,11.08,3.28,생활하수/처리수 영향
JS-16U,0.000118723,22,7.2,7.6,0.099,1.252724287,1.385025615,262,0.27027,1.178,0.47,0.003312773,0.01188,0.039,0.032,1.229321449,0.99,2.717154628,0,20.737,9.83,-1.54,생활하수/처리수 영향
JS-16S,0.000315854,22.1,6.9,6.9,0.099,1.059742895,0.292759924,211,0.27027,2.499,0.82,0.004533108,0.01188,0.488,0.438,0.037106386,0.99,67.74687193,0,18.175,13.13,3.23,생활하수/처리수 영향
JS-20B,0.002055911,21.4,7.4,7.8,12.8,13.9,2.57917208,352,7.441,6.326,3.641,1.996,0.429,0.115,0.103,1.941888227,8.9,0.301966165,0,40.943,-1.4949,-4.5342,화학비료(농경지)
GW-1,0.004137195,6.831,0.099,3.069,0.099,1.332457748,0.696161021,47.41641985,0.27027,22.006,21.282,0.004154986,0.01188,0.112,0.109,2.871,0.99,0.863167732,0,39.961,6.83,3.8,토양-질소 기원
JS-1,1.00E-06,23.1,7.6,8.5,3.1,7.4,0.041824737,203,2.637,2.628,0.788,1.464,0.39,0.297,0.284,2.871,5.4,8.843793985,0,17.975,3.98,-0.49,토양-질소 기원
JS-2,0.012739872,23.6,7.3,7.2,1.2,4.8,3.663,99,1.027,0.89,0.62,0.038,0.065,0.027,0.014,0.395098544,3.4,6.848440204,0,6.001,7.05,2.16,토양-질소 기원
JS-3,0.0011145,23.4,7.2,9.5,1.8,5.7,1.850002577,124,1.202,1.041,0.638,0.081,0.083,0.039,0.026,2.197672254,4.1,0.002173461,0,9.358,7.81,2.87,토양-질소 기원
JS-4,0.00056184,22.3,7.3,8.3,1.5,5.7,3.663,97,1.146,1.023,0.614,0.077,0.067,0.035,0.022,0.463733195,4,11.88373467,0,6.191,7.62,0.31,토양-질소 기원
JS-5,0.000374951,23.9,7.1,7.2,1.5,5.5,1.483218771,129,1.486,1.385,0.868,0.157,0.088,0.049,0.04,2.871,4,77.22,0,9.617,7.23,4.27,토양-질소 기원
JS-6,0.153100447,24.9,7.3,7.9,3.9,8.8,0.484459804,134,1.85,1.719,0.647,0.42,0.095,0.039,0.02,0.506248093,6.7,0.874063104,0,8.333,5.52,-1.41,토양-질소 기원
JS-7,1.00E-06,24,7.1,6.9,1.5,5.8,1.789628402,128,1.551,1.41,0.892,0.08,0.064,0.031,0.019,1.788855716,4.2,8.233949276,0,9.595,7.76,2.1,토양-질소 기원
JS-8,0.008451693,23.7,6.6,5.7,1.3,6.1,3.663,175,2.595,2.532,1.927,0.104,0.153,0.108,0.104,2.871,4.7,24.61571562,0,12.201,9.16,13.54,생활하수/처리수 영향
JS-9,0.035660774,25.8,8.3,12.5,4.5,7.7,0.988769692,133,1.553,1.177,0.737,0.039,0.106,0.023,0.004,1.32347429,5.8,0.00240684,0,10.811,9.05,7.58,생활하수/처리수 영향
JS-10,0.000120651,25.5,7.5,8.7,2.3,7.6,0.308885436,235,2.036,1.889,1.132,0.156,0.146,0.094,0.087,1.539204468,5.9,7.823798241,0,24.848,11.99,4.31,생활하수/처리수 영향
JS-11,0.003640008,25.5,7.3,8.3,2.6,8.4,1.912789683,174,2.899,2.688,1.961,0.071,0.195,0.114,0.109,2.871,6.5,2.573261658,0,12.449,5.98,9.96,토양-질소 기원
JS-12,0.167538422,23.9,7.5,8.7,1.2,3.4,3.663,109,1.097,0.993,0.773,0.019,0.033,0.008,0.002,0.281111412,2.6,0.306657736,0,5.788,5.91,4.4,토양-질소 기원
JS-13,0.004905788,24.7,7.4,9.5,1.2,5.7,0.678543847,146,1.852,1.757,1.267,0.053,0.114,0.082,0.078,0.30956545,4.2,0.437345816,0,9.723,7.97,6.34,토양-질소 기원
JS-14,0.081429837,25,7.2,7.1,4,18.4,0.248145347,274,2.823,2.59,0.709,0.55,0.422,0.258,0.22,2.871,13.5,3.333510157,0,22.032,8.32,3.18,생활하수/처리수 영향
JS-15,0.000682323,24.8,7.1,7.4,3.3,12.2,0.270100562,235,2.487,2.3,1.272,0.222,0.241,0.15,0.132,2.871,8.4,8.067423088,0,16.137,8.88,7.56,생활하수/처리수 영향
JS-16,7.77E-05,24.7,7.1,7.4,3.5,14.9,3.663,245,1.878,1.723,0.5,0.162,0.175,0.104,0.073,0.662079568,10.5,11.64413186,0,18.211,6.38,1.42,토양-질소 기원
JS-17,9.74E-05,24.7,7.1,6.9,3.3,11.7,0.705100937,215,2.548,2.199,1.209,0.175,0.271,0.164,0.146,1.354223793,8.9,1.336191554,0,16.762,9.25,5.33,생활하수/처리수 영향
JS-18,0.005285247,20,7.2,7.7,0.5,2.3,3.663,237,0.942,0.839,0.691,0.036,0.028,0.01,0.007,2.871,1.8,0.201378373,0,7.748,8.56,2.98,생활하수/처리수 영향
JS-19,0.002124263,27.2,8.1,9.7,4.3,9.7,0.418353721,212,1.772,1.426,0.755,0.036,0.155,0.058,0.039,1.263891001,7.6,0.249841636,0,14.92,10.05,6.47,생활하수/처리수 영향
JS-20,0.065217507,27.4,7.5,8.2,2.2,7.9,3.663,300,2.258,2.05,1.297,0.111,0.15,0.079,0.069,2.871,6.3,77.22,0,20.54,5.16,10.28,토양-질소 기원
JS-21,0.00074181,27.2,7.5,8.6,2.7,8.5,1.021172786,274,2.843,2.594,1.724,0.211,0.152,0.082,0.07,2.871,6.7,3.74676127,0,23.191,9.02,2.76,생활하수/처리수 영향
JS-22,0.201664992,25.1,7.7,8.1,1.1,4.7,3.663,337,1.104,0.965,0.616,0.026,0.045,0.024,0.016,0.402707856,3.3,1.684574411,0,45.976,19.38,3.14,생활하수/처리수 영향
JS-23,0.007593829,27.1,8.5,9.2,4.2,12.4,0.579715751,265,2.631,2.266,1.413,0.055,0.235,0.113,0.099,2.871,8.8,1.450204692,0,21.857,8.26,5.61,생활하수/처리수 영향
JS-24,0.001863106,27.1,7.7,8.8,3.2,16,0.416247085,294,2.604,2.423,1.017,0.112,0.172,0.116,0.09,0.300680819,11.5,77.22,0,23.463,7.89,0.1,토양-질소 기원
JS-25,0.006334009,25.7,7.8,7.8,4.1,13.2,2.003325401,273,2.496,2.125,1.26,0.027,0.232,0.102,0.087,2.871,9.2,77.22,0,22.177,8.49,5.03,생활하수/처리수 영향
JS-26,0.84447,24.6,7.5,7.8,5.8,23.7,0.2632724,295,3.501,3.133,0.759,0.705,0.611,0.315,0.244,2.871,17.1,52.43688231,0,26.889,8.32,2.76,생활하수/처리수 영향
JS-27,0.022182926,26,7.4,8.6,3.2,13.3,2.488195041,286,2.924,2.615,1.688,0.082,0.239,0.155,0.142,0.045623356,9,77.22,0,22.591,7.37,8.71,토양-질소 기원
JS-28,0.003679094,25.5,7,7.9,4.8,13.2,1.447734808,238,3.722,3.465,0.945,0.616,0.149,0.056,0.033,2.871,9.5,77.22,0,18.575,4.73,1.03,토양-질소 기원
JS-29,9.10E-05,27.7,9.1,13.1,4.8,11.8,0.050157901,254,1.964,1.544,0.797,0.026,0.123,0.045,0.024,1.033976604,8,34.80030955,0,20.748,11.11,8.88,생활하수/처리수 영향
JS-30,0.001016946,22.3,7.1,7.1,1.3,3.8,1.595499338,179,0.433,0.238,0.122,0.012,0.05,0.018,0.015,0.745396506,2.6,6.116115378,0,11.715,9.15,5.78,생활하수/처리수 영향
JS-31,0.004181525,28,9.1,13,6.2,12.2,0.754317532,256,1.963,1.454,0.753,0.03,0.149,0.047,0.032,0.791787786,8.4,0.234088515,0,20.995,11.59,8.86,생활하수/처리수 영향
JS-32,1.11E-05,26.4,7.3,3.1,3.2,9.5,0.571977346,285,2.111,1.795,0.342,0.74,0.328,0.132,0.128,2.871,7.7,0.659088415,0,20.811,12.06,4.85,생활하수/처리수 영향
JS-33,1.11E-06,27,8,8.4,4.4,13,0.603371611,315,2.706,2.262,1.378,0.081,0.159,0.055,0.039,1.2350232,9.2,0.750601734,0,37.981,9.63,2.5,생활하수/처리수 영향
JS-34,0.002446202,27.3,9.1,12.9,5.8,12.7,0.512578705,271,2.267,1.658,0.902,0.047,0.161,0.041,0.021,1.141225075,8.8,0.031383967,0,23.801,11.8,8.14,생활하수/처리수 영향
JS-35,0.014056564,25,7.4,6.9,2.6,12.9,0.36349485,281,2.358,2.032,1.18,0.053,0.168,0.086,0.075,1.740634022,9.3,0.003450276,0,25.395,8.84,3.22,생활하수/처리수 영향
JS-36,0.016040588,25.5,7.5,8,2.6,12.5,1.424587572,285,2.617,2.177,1.465,0.03,0.186,0.086,0.08,0.307333303,8.9,4.251649038,0,25.149,10.72,4.22,생활하수/처리수 영향
JS-20B,0.236729618,23.5,7.3,7.3,11.2,13.1,0.748020106,365,6.787,6.013,3.526,1.925,0.423,0.123,0.098,0.187544315,10,77.22,0,44.474,8.12,-0.73,생활하수/처리수 영향
JS-22B,0.225479768,24.2,7.5,8.1,0.1,4.6,0.268387327,473,2.022,1.793,1.336,0.043,0.042,0.014,0.003,2.871,3.5,77.22,0,73.1,21.7,4.57,축산분뇨(직접유출)
JS-26S,0.000128611,26.1,7.8,7.3,0.099,1.485,0.173839914,558,0.27027,6.843,0.442,0.002820468,0.01040899,0.913,0.707,2.871,0.812173351,2.545326518,0,56.443,5.11,4.53,토양-질소 기원
JS-35B,0.117902068,6.831,0.099,3.069,18.1,1.030439208,0.802938045,37.64025857,13.017,11.968,4.731,6.573,0.885,0.494,0.49,2.118334142,17.6,2.134019083,0,70.017,-1.4949,-4.5342,화학비료(농경지)
GW-2,0.013454459,6.831,0.099,3.069,0.099,1.485,1.102166949,42.08999511,0.27027,23.439,23.021,0.001871623,0.01188,0.53,0.526,2.871,0.910330004,0.325988949,0,43.309,-1.4949,-4.5342,토양-질소 기원
GW-3,0.001493667,6.831,0.099,3.069,0.099,1.485,1.436111153,49.36093769,0.27027,19.186,0.10296,0.00223365,0.01188,0.006,0.003,0.455494814,0.976492582,77.22,0,1.332944425,-1.4949,-4.5342,토양-질소 기원
JS-1,0.01316368,22.4,7.5,9.2,1.2,5.1,2.866539974,129,0.88,0.757,0.48,0.054,0.098,0.055,0.044,2.871,3.5,0.953609579,0,10.197,6.12,1.97,토양-질소 기원
JS-2,0.022950562,23.5,7.3,8.5,1.1,4.8,0.367419533,110,1.412,1.298,0.954,0.073,0.05,0.028,0.014,0.37764357,3.5,77.22,0,6.036,6.55,1.17,토양-질소 기원
JS-3,9.58E-05,23.8,7.4,9.4,1,4.6,1.953319756,126,1.192,1.049,0.744,0.066,0.078,0.038,0.028,1.457165306,3.4,64.76154967,0,9.049,7.43,2.73,토양-질소 기원
JS-4,3.02E-05,23.2,7.5,9.1,0.8,4.2,0.321687481,83,0.816,0.706,0.49,0.065,0.043,0.022,0.011,2.871,2.8,77.22,0,4.844,6.53,0.43,토양-질소 기원
JS-5,0.003201488,22.8,7.2,7.8,1.1,5.4,0.779938406,126,1.326,1.18,0.821,0.124,0.102,0.061,0.055,2.871,3.7,0.245830491,0,8.915,7.01,3.91,토양-질소 기원
JS-6,0.001946591,23,7.4,9,1.5,6,0.616806633,103,1.056,0.919,0.537,0.104,0.097,0.054,0.041,0.81174603,4.2,0.08144975,0,5.869,6.21,-0.51,토양-질소 기원
JS-7,0.01937917,23.2,7.1,8.2,1,5.3,0.711110348,116,1.136,1.044,0.712,0.065,0.071,0.043,0.032,0.976618176,3.5,15.4916762,0,7.92,7.7,2.04,토양-질소 기원
JS-8,0.000825029,22,6.7,6.4,0.9,4,1.655158146,148,2.622,2.459,2.182,0.094,0.267,0.221,0.218,0.641481867,2.7,3.298113668,0,9.751,10.48,12.49,생활하수/처리수 영향
JS-9,1.30E-05,24.6,6.9,7.4,1.2,6.1,0.702111117,122,1.584,1.418,0.932,0.179,0.132,0.089,0.08,0.070116494,4.2,77.22,0,8.236,8.81,4.87,생활하수/처리수 영향
JS-10,0.00020543,23.4,7.1,8.7,2.2,8.8,2.288177786,223,2.309,2.129,1.11,0.419,0.182,0.11,0.104,2.147718469,6.6,77.22,0,18.408,10.86,1.1,생활하수/처리수 영향
JS-11,0.000154996,24,7.2,7.5,1.6,7.2,0.073188637,150,2.404,2.198,1.555,0.196,0.236,0.151,0.145,0.185696112,5.1,0.036430846,0,9.449,7.56,5.75,토양-질소 기원
JS-12,0.005011339,24,7.3,8.6,0.7,1.5,1.453584552,201,1.234,1.134,0.921,0.073,0.042,0.022,0.015,0.04895345,2.2,49.64037856,0,7.29,8.78,2.46,생활하수/처리수 영향
JS-13,0.010709176,24.3,7.3,8.8,1,6.4,0.172332661,149,2.008,1.883,1.404,0.088,0.168,0.131,0.128,0.227662933,4.6,0.510270108,0,9.193,9.63,3.12,생활하수/처리수 영향
JS-14,0.741044408,24.2,7.2,6.9,4.9,18.4,0.053363235,263,3.263,2.865,0.491,1.342,0.895,0.598,0.593,0.018057983,12.3,0.389710923,0,16.838,5.39,-2.71,토양-질소 기원
JS-15,0.002101243,24.2,7,6.4,1.4,8.4,0.206146254,164,1.999,1.791,1.088,0.204,0.245,0.167,0.164,0.512088171,6.1,77.22,0,10.6,9.68,3.41,생활하수/처리수 영향
JS-16,3.03E-06,23.5,7.1,6.7,4.9,13.2,0.022202902,213,2.784,2.479,0.761,0.797,0.229,0.131,0.114,0.418163296,9.2,12.5046378,0,12.163,4.48,-3.74,토양-질소 기원
JS-17,0.012601815,23.9,7.1,6,2,9,2.674574006,173,2.239,1.992,1.128,0.295,0.243,0.161,0.159,0.334613429,6.7,3.826823651,0,11.32,9.07,1.86,생활하수/처리수 영향
JS-18,0.017527671,20.6,7.2,7.5,0.3,2.9,0.351847803,228,0.754,0.684,0.567,0.02,0.02,0.01,0.005,0.038837758,2,77.22,0,7.141,8.57,2.31,생활하수/처리수 영향
JS-19,4.75E-05,24.1,7.2,8.4,1.5,7.8,0.289226071,180,1.7,1.502,0.874,0.187,0.148,0.083,0.079,1.518287665,5.7,3.707317122,0,11.026,8.5,4.31,생활하수/처리수 영향
JS-20,1.00E-06,24.9,7.3,7.6,1.6,7.4,0.043535945,281,1.761,1.569,0.858,0.273,0.113,0.06,0.051,0.348668144,5.6,1.572584696,0,15.479,7.82,2.5,토양-질소 기원
JS-21,0.000528215,24.7,7.2,6.9,2.4,7.9,1.058808775,264,3.212,2.957,1.977,0.569,0.184,0.099,0.094,2.871,5.9,0.009021149,0,19.633,8.67,2.59,생활하수/처리수 영향
JS-22,0.000311653,23.8,7.7,7.8,0.7,3.8,0.299881287,312,1.055,0.957,0.724,0.026,0.041,0.023,0.013,0.130878943,2.8,22.19273818,0,35.561,17.45,3.43,생활하수/처리수 영향
JS-23,0.000196693,23.9,7.6,8.8,2.1,8.1,0.441928015,233,2.414,2.152,1.519,0.189,0.18,0.105,0.103,0.904232926,6.1,0.0796655,0,15.664,8.4,4.21,생활하수/처리수 영향
JS-24,0.00106471,24.2,7.8,7.4,2.9,12.8,0.1266994,239,2.307,2.097,0.972,0.247,0.185,0.097,0.082,2.871,9,0.00403908,0,13.983,6.67,-0.71,토양-질소 기원
JS-25,0.000257544,24.5,7.7,7.4,2.1,8.3,0.466262906,239,2.373,2.187,1.504,0.172,0.18,0.117,0.11,0.444643257,6.2,24.87282237,0,15.841,8.73,3.22,생활하수/처리수 영향
JS-26,0.004271597,23.4,7.8,7.3,2.3,9.4,1.054563408,228,2.165,1.959,1.026,0.189,0.19,0.103,0.096,2.871,7.5,0.125654694,0,14.048,8.03,2.42,생활하수/처리수 영향
JS-27,0.000227049,24.7,7.8,8.9,1.9,8.5,0.371365699,243,2.527,2.432,1.663,0.142,0.201,0.142,0.138,0.200635598,6.5,0.000434125,0,15.883,8.59,5.72,생활하수/처리수 영향
JS-28,0.155399865,23.1,7.9,8.2,2.7,9.5,1.218249016,269,2.067,1.85,1.272,0.101,0.14,0.043,0.031,2.871,7.8,22.42339467,0,17.835,9.61,3.81,생활하수/처리수 영향
JS-29,0.006897986,24.9,7.7,7.5,2.6,9,0.184465969,229,2.104,1.885,1.109,0.228,0.16,0.094,0.086,2.322789156,6.8,0.760301995,0,14.838,7.91,4.46,토양-질소 기원
JS-30,0.520337561,21.1,7.3,6.5,0.9,3,0.624970624,183,0.522,0.45,0.295,0.015,0.042,0.025,0.02,0.711945683,2.3,0.489485034,0,11.137,12.22,6.25,생활하수/처리수 영향
JS-31,0.84447,24.8,7.1,7.9,2.1,8.2,1.288509519,227,1.982,1.821,1.083,0.184,0.14,0.091,0.086,0.135991615,6.3,0.633497078,0,14.699,8.25,3.45,생활하수/처리수 영향
JS-32,0.07929849,24.1,6.8,7.1,1.8,8.4,1.335858705,229,1.948,1.785,1.152,0.099,0.181,0.107,0.1,2.871,6.4,7.062445998,0,15.487,8.81,2.65,생활하수/처리수 영향
JS-33,0.45408283,24.9,7,7.5,6.5,12.8,0.13104124,280,3.232,3.028,1.215,0.94,0.192,0.08,0.066,2.871,9.1,0.561536476,0,27.573,7.21,-0.72,토양-질소 기원
JS-34,0.84447,25.1,7.6,7.9,2.8,9.2,1.298879387,246,2.428,2.236,1.201,0.369,0.149,0.083,0.074,1.450520988,7.3,77.22,0,18.877,7.76,2.06,토양-질소 기원
JS-35,0.091884584,25,7.5,6.7,2.5,14.7,0.672747981,323,2.69,2.486,1.351,0.203,0.217,0.115,0.104,2.871,10.8,2.383396967,0,26.072,10.16,1.11,생활하수/처리수 영향
JS-36,0.032068208,25.3,7.6,8.7,2.4,9,3.663,254,2.712,2.401,1.775,0.154,0.149,0.079,0.075,0.23360783,7,77.22,0,18.921,9.77,3.2,생활하수/처리수 영향
JS-20B,0.000141318,23.4,7.1,6.8,10.3,11.7,2.081277409,384,12.655,7.21,4.248,2.962,0.511,0.132,0.111,0.509162974,9.9,77.22,0,46.903,8.98,-0.69,생활하수/처리수 영향
JS-9B,0.000191037,23.6,6.8,5.6,3.2,6.7,0.210872112,246,2.476,2.256,0.363,1.747,0.13,0.065,0.047,2.871,4.9,77.22,0,52.81,2.16,-3.58,토양-질소 기원
JS-1,0.074246984,22,7.8,8.5,0.7,3,0.405802887,128,0.913,0.849,0.772,0.039,0.042,0.028,0.014,0.538886588,2,1.090921896,0,10.545,6.11,2.89,토양-질소 기원
JS-2,0.001904418,22.9,7.1,7.7,1,4.4,3.57046303,66,0.972,0.861,0.77,0.033,0.036,0.013,0.001,2.871,3.2,77.22,0,4.125,3.81,2.95,토양-질소 기원
JS-3,0.471865661,22.7,7,8.2,0.8,4,1.008908122,77,0.985,0.861,0.776,0.03,0.038,0.013,0.001,2.871,2.8,77.22,0,5.074,4.62,2.84,토양-질소 기원
JS-4,0.002368024,23.5,7.1,8,0.7,3.8,3.663,76,0.712,0.586,0.517,0.046,0.042,0.024,0.011,2.871,2.6,0.356741381,0,4.449,6.03,1.99,토양-질소 기원
JS-5,0.000233556,23.1,7,8,0.8,3.7,3.663,81,1.003,0.863,0.773,0.053,0.05,0.019,0.007,1.293369128,2.9,0.476008987,0,5.347,4.99,2.78,토양-질소 기원
JS-6,0.045367162,23.4,7.1,8.1,0.8,3.9,2.879990615,96,1.062,0.914,0.777,0.075,0.063,0.031,0.019,2.259285094,3.1,77.22,0,5.578,6.02,1.75,토양-질소 기원
JS-7,1.15E-05,23.2,6.8,7.5,0.7,3.9,0.489076667,88,1.023,0.907,0.815,0.045,0.051,0.024,0.014,0.052253756,2.5,3.405357285,0,5.783,5.99,2.52,토양-질소 기원
JS-8,0.068668458,23.6,6.8,7.4,0.6,2.8,1.576151222,111,1.812,1.698,1.585,0.073,0.207,0.172,0.169,0.363009031,1.9,77.22,0,7.21,11.9,5.72,생활하수/처리수 영향
JS-9,0.001725048,24.7,6.9,7.6,0.7,3.5,0.056514007,107,1.382,1.215,1.11,0.074,0.105,0.067,0.064,2.871,2.5,19.40921652,0,6.818,8.87,4.33,생활하수/처리수 영향
JS-10,4.85E-05,24.3,7,7.5,1.2,6.6,0.310700148,104,1.171,0.958,0.616,0.203,0.141,0.095,0.086,2.871,4.7,0.576923147,0,6.578,7,0.8,토양-질소 기원
JS-11,0.84447,24.6,7,7.2,0.8,3.8,0.554198791,115,1.551,1.408,1.26,0.093,0.135,0.084,0.081,1.048748852,2.8,74.18960267,0,7.266,9.21,4.83,생활하수/처리수 영향
JS-12,6.31E-06,23.5,7.1,8.2,0.7,3.1,2.724034967,105,1.488,1.367,1.292,0.028,0.036,0.014,0.007,0.41297605,2.3,0.032355659,0,5.164,6.29,2.6,토양-질소 기원
JS-13,0.001444538,24.5,7.1,7.9,0.7,4,0.826499677,117,1.669,1.57,1.415,0.062,0.121,0.08,0.075,2.871,2.7,4.769891984,0,6.978,8.46,3.28,생활하수/처리수 영향
JS-14,0.130309729,25.1,7,7.3,1.4,9.6,0.34800716,199,1.951,1.734,0.977,0.22,0.352,0.246,0.239,1.058695928,7.1,77.22,0,11.157,9.51,-0.05,생활하수/처리수 영향
JS-15,0.000460309,25.3,7.3,6.9,0.7,4.4,2.686826268,126,1.564,1.452,1.23,0.067,0.141,0.091,0.087,2.871,3.1,0.128106305,0,7.511,8.83,2.51,생활하수/처리수 영향
JS-16,0.000104142,25.4,6.9,6.5,1,6.8,1.184581118,155,1.515,1.345,0.936,0.148,0.145,0.076,0.069,0.191257029,5,77.22,0,8.934,8.56,0.56,생활하수/처리수 영향
JS-17,1.99E-05,25.4,7,6.8,0.7,4.4,3.663,126,1.61,1.498,1.28,0.074,0.147,0.097,0.09,2.871,3.2,0.018214442,0,7.522,8.73,2.43,생활하수/처리수 영향
JS-18,0.84447,22.6,6.8,7,0.4,2.8,0.176862323,225,1.995,1.984,1.908,0.023,0.034,0.019,0.018,0.908625937,2,3.786595495,0,8.847,8.97,0.02,생활하수/처리수 영향
JS-19,0.073281917,25.7,7.1,7.8,0.8,4.8,0.54669619,141,1.546,1.42,1.209,0.083,0.127,0.079,0.076,0.98598976,3.2,77.22,0,7.666,8.94,2.55,생활하수/처리수 영향
JS-20,0.004093329,24.9,7.1,7.7,0.9,4.3,0.729380102,179,1.89,1.786,1.491,0.131,0.089,0.047,0.038,0.450050178,3.2,1.104196533,0,10.37,7.36,1.4,토양-질소 기원
JS-21,0.00090589,25.7,7.1,6.8,1.2,5,0.823098598,169,2.128,1.913,1.63,0.161,0.127,0.074,0.07,2.871,3.5,0.266384681,0,10.829,8.72,1.45,생활하수/처리수 영향
JS-22,0.007925722,24,7.4,7.6,0.6,3.4,3.663,257,2.273,2.24,2.08,0.029,0.052,0.031,0.023,0.1241179,2.5,0.054598658,0,24.371,10.63,-0.49,생활하수/처리수 영향
JS-23,0.000208412,26,7.2,7.4,1.1,5,0.377325648,184,2.188,2.036,1.665,0.201,0.148,0.093,0.09,1.525229204,3.8,35.92730391,0,10.77,8.49,0.88,생활하수/처리수 영향
JS-24,0.00165052,25.9,7.2,7.1,1.2,8.3,1.994884806,233,2.107,2.009,1.353,0.119,0.209,0.125,0.12,0.22963839,6.4,2.110416189,0,9.576,8.81,2.57,생활하수/처리수 영향
JS-25,0.123040039,25.9,6.9,7,1.2,5.1,0.37533354,186,2.26,2.111,1.711,0.198,0.159,0.098,0.097,2.871,3.7,6.778511793,0,10.731,8.29,1.21,생활하수/처리수 영향
JS-26,0.000111247,25.5,7,6.3,1,6.8,2.27822916,182,1.401,1.296,0.904,0.091,0.171,0.097,0.093,0.095997899,5,21.07600886,0,10.148,9.08,1.4,생활하수/처리수 영향
JS-27,0.232904994,25.8,7.2,6.4,1.1,4.7,0.120926037,197,2.422,2.284,1.993,0.108,0.144,0.085,0.084,0.803717323,3.7,39.5504384,0,11.439,8.57,2.86,생활하수/처리수 영향
JS-28,1.51E-05,23.9,7.3,6.8,1,5.2,0.767040918,271,3.131,3.036,2.798,0.089,0.084,0.045,0.037,2.871,4,0.517353641,0,15.322,9.38,3.81,생활하수/처리수 영향
JS-29,1.55E-05,26.4,6.5,6.3,1,5.4,0.207718265,192,2.095,1.955,1.624,0.116,0.154,0.098,0.095,0.318568172,4,33.35625017,0,10.857,9.07,2.54,생활하수/처리수 영향
JS-30,0.0016874,22.5,7.6,5.4,0.5,2.6,3.663,204,2.045,2.018,1.893,0.035,0.047,0.029,0.027,0.156832138,1.9,39.12906299,0,11.657,13.35,3.66,생활하수/처리수 영향
JS-31,2.38E-05,26.5,7.1,6.8,1.8,5.2,0.096475089,196,2.014,1.946,1.633,0.087,0.131,0.086,0.084,2.761334929,3.8,0.283748769,0,11.191,9.42,2.26,생활하수/처리수 영향
JS-32,0.003758503,26,6.9,5.4,1.2,6.8,0.861172573,220,1.912,1.723,1.205,0.216,0.286,0.179,0.176,0.726674319,5.2,0.041964259,0,13.019,9.68,2.73,생활하수/처리수 영향
JS-33,0.000126584,25.3,7.4,7.6,2.5,8,3.230643191,210,2.651,2.426,1.54,0.521,0.269,0.083,0.08,2.871,6.3,0.043131652,0,18.045,5.7,4.75,토양-질소 기원
JS-34,0.006005461,27,7.2,6.6,1,5.7,0.276995394,200,2.077,2.031,1.603,0.104,0.144,0.092,0.09,2.871,4.1,77.22,0,11.774,9.36,2.82,생활하수/처리수 영향
JS-35,0.003034354,25.9,7.1,4.6,1,7.5,0.148544353,303,2.839,2.833,2.212,0.107,0.163,0.122,0.101,0.776090699,6.1,0.064786613,0,20.501,10.91,6.07,생활하수/처리수 영향
JS-36,0.001193171,26.4,6.8,7.1,1,5.6,2.990762486,205,2.252,2.248,1.795,0.111,0.149,0.129,0.115,0.428645608,4.3,77.22,0,13.656,9.63,2.47,생활하수/처리수 영향
JS-20B,0.000426541,24.7,6.8,7.1,7.4,12.1,0.56177105,315,8.577,7.943,5.21,2.182,0.451,0.217,0.201,0.848641161,9.3,0.321070318,0,37.715,11.7,0.36,생활하수/처리수 영향
JS-9B,0.108367041,24.6,6.9,7,1.6,6.9,2.839893492,358,1.048,0.967,0.518,0.14,0.103,0.065,0.035,0.787841265,4.7,18.24910527,0,56.935,20.62,0.06,생활하수/처리수 영향
JS-1,0.039232966,22,7.6,8.7,1,3.1,1.050334136,93,1.093,0.965,0.776,0.028,0.032,0.022,0.007,0.327691088,1.9,77.22,0,7.355,4.04,3.23,토양-질소 기원
JS-2,0.003167362,23.2,7.3,8,1.1,3.8,2.162982001,59,0.966,0.795,0.658,0.027,0.033,0.014,0,0.139420864,2.5,18.06282588,0,3.779,4.16,3.24,토양-질소 기원
JS-3,0.002906764,22.8,7.2,8.4,1.1,3.7,0.359591461,68,1.025,0.811,0.691,0.02,0.03,0.014,0,0.14114189,2.3,1.026565068,0,4.556,4.56,3.31,토양-질소 기원
JS-4,0.029896486,23.2,7.2,8.4,0.8,3.6,0.675641182,57,0.894,0.708,0.595,0.026,0.03,0.016,0.002,2.871,2.2,11.52615324,0,3.945,3.74,3.08,토양-질소 기원
JS-5,0.000211428,22.9,7.1,8.4,1.2,3.8,0.536799505,68,0.985,0.822,0.699,0.025,0.031,0.015,0.001,0.169300337,2.5,5.292341956,0,4.619,4.84,3.06,토양-질소 기원
JS-6,0.07233131,22.5,7.2,8.5,1.1,3.1,0.283958325,75,1.052,0.913,0.794,0.028,0.043,0.025,0.01,2.871,2.2,77.22,0,4.891,5.85,3.45,토양-질소 기원
JS-7,0.000162218,22.9,7.1,8.1,1,3.3,0.133942397,71,1.002,0.854,0.752,0.022,0.032,0.018,0.004,0.346306018,2.1,68.51695465,0,4.844,5.44,3.11,토양-질소 기원
JS-8,0.005398959,22.8,6.6,8.3,1,2.9,0.135395135,80,1.394,1.254,1.129,0.034,0.076,0.057,0.048,1.424230126,1.9,0.524515992,0,5.136,6.88,4.84,토양-질소 기원
JS-9,0.294224785,23.2,6.8,8.5,0.9,3.3,1.648406888,77,1.171,1.01,0.921,0.025,0.048,0.035,0.02,2.82754899,2,2.837495523,0,5.11,6.38,4.01,토양-질소 기원
JS-10,0.000759629,22.4,6.7,8.5,1.3,3.9,0.158879751,61,0.788,0.63,0.486,0.04,0.047,0.032,0.018,0.737865667,2.5,0.407067622,0,5.174,5.6,3.19,토양-질소 기원
JS-11,0.257048711,24.4,6.7,8,1,3.5,2.308240604,83,1.333,1.162,1.022,0.053,0.098,0.07,0.059,0.582320232,2.2,2.868330332,0,5.457,7.77,4.05,토양-질소 기원
JS-12,0.001744165,19.6,6.7,8.9,0.8,3.2,0.298094184,80,1.551,1.325,1.222,0.032,0.023,0.01,0.002,1.532201413,2.1,77.22,0,4.802,5.33,2.58,토양-질소 기원
JS-13,0.84447,23,6.7,8.4,1.4,3.7,1.000807743,83,1.432,1.239,1.102,0.033,0.051,0.032,0.017,1.104460519,2.2,1.783192494,0,5.252,6.31,3.55,토양-질소 기원
JS-14,0.624718627,24.6,6.8,8.6,1.5,4,0.786453481,110,1.52,1.295,1.142,0.031,0.068,0.05,0.037,1.06369944,2.7,77.22,0,6.626,6.58,3.86,토양-질소 기원
JS-15,0.001206765,23.4,7.2,8.5,1.4,3.5,1.641686729,88,1.438,1.253,1.113,0.023,0.063,0.042,0.028,2.871,2.3,3.126266988,0,5.354,6.33,4.24,토양-질소 기원
JS-16,1.00E-06,25.4,7,7.6,1.4,6.6,0.470772012,141,2.179,1.914,1.628,0.026,0.077,0.054,0.038,0.431288872,4.6,3.553365617,0,8.129,7.76,3.75,토양-질소 기원
JS-17,0.000864613,24,7.1,8.6,1.5,3.9,1.06734814,90,1.553,1.318,1.16,0.027,0.069,0.049,0.036,2.871,2.5,2.463159884,0,5.632,6.59,4.16,토양-질소 기원
JS-18,0.000658146,25.4,6.9,6.8,1.5,5.1,0.799618415,158,1.32,1.041,0.884,0.041,0.025,0.015,0.003,0.38507334,3.3,77.22,0,5.735,5.72,3.28,토양-질소 기원
JS-19,0.094415827,24.8,7,8.3,1.4,4.3,0.965091012,101,1.554,1.236,1.089,0.023,0.067,0.04,0.027,2.478774713,2.8,0.001950941,0,5.539,6.53,3.1,토양-질소 기원
JS-20,0.000548173,24.4,7,8.2,1.6,4.2,1.961548751,146,2.403,2.092,1.866,0.054,0.087,0.053,0.038,2.871,2.9,1.55456829,0,7.717,7.25,2.84,토양-질소 기원
JS-21,0.128445555,25,7,7.8,1.5,4.4,0.361540506,119,1.882,1.589,1.41,0.072,0.094,0.055,0.041,2.871,3,1.305077327,0,6.802,7.18,3.1,토양-질소 기원
JS-22,0.095711986,22.8,7.5,8,1.1,3.6,0.630456836,170,2.874,2.625,2.479,0.03,0.064,0.045,0.032,0.921907784,2.7,77.22,0,10.022,7.13,2.15,토양-질소 기원
JS-23,0.000164684,25.1,7.5,7.9,1.5,4.5,0.327245843,124,1.801,1.57,1.395,0.052,0.097,0.061,0.045,2.238541146,3,77.22,0,6.571,7.25,3.07,토양-질소 기원
JS-24,0.02457397,25.6,7.4,7.7,1.8,6.4,1.133528518,164,2.496,2.261,1.911,0.06,0.102,0.073,0.053,2.871,4.3,0.412986511,0,8.156,6.62,3.69,토양-질소 기원
JS-25,0.000690555,25,7.2,7.7,1,5,3.663,136,2.136,1.846,1.61,0.047,0.107,0.067,0.05,0.035356975,3.5,22.65655618,0,7.229,6.96,2.81,토양-질소 기원
JS-26,0.001763481,26,6.9,6.7,0.8,6.4,2.533149637,158,1.748,1.498,1.25,0.027,0.11,0.072,0.057,0.701041886,4.5,1.62773514,0,8.538,7.96,2.08,토양-질소 기원
JS-27,0.001883655,25.2,7.3,7.4,0.9,4.2,0.690250016,133,2.066,1.819,1.636,0.044,0.101,0.063,0.048,0.648297581,3.1,77.22,0,7.177,7.24,3.14,토양-질소 기원
JS-28,0.195430191,24.5,7.2,7.7,0.7,4.3,3.516316654,251,4.597,4.228,4.096,0.029,0.092,0.075,0.061,2.871,3.2,21.96455711,0,12.396,7.14,3.58,토양-질소 기원
JS-29,0.001428498,25.6,7.2,7,1,4.5,0.569413888,131,2.147,1.844,1.613,0.06,0.101,0.071,0.055,2.871,3.2,2.601474339,0,7.154,6.6,2.85,토양-질소 기원
JS-30,2.44E-05,23,7.5,7.5,0.6,3.8,0.040085879,178,4.399,4.137,4.004,0.023,0.057,0.044,0.028,0.387566835,2.8,0.066338191,0,9.116,8.79,2.52,생활하수/처리수 영향
JS-31,0.142196073,25.6,6.7,7.5,0.9,4.9,0.517364363,132,2.219,1.877,1.722,0.063,0.118,0.07,0.058,2.16755136,3.5,77.22,0,7.032,6.78,3,토양-질소 기원
JS-32,2.15E-05,24.7,7.1,6.5,0.8,5.7,3.214877981,186,2.673,2.259,1.976,0.044,0.161,0.094,0.077,0.715607335,3.9,0.058823184,0,11.037,9.19,3.3,생활하수/처리수 영향
JS-33,0.003133589,26.8,8.8,6.7,1.2,5,2.920861899,254,2.973,2.611,2.143,0.155,0.15,0.105,0.092,0.873953209,3.6,43.10369512,0,19.747,8.93,2.5,생활하수/처리수 영향
JS-34,0.000437553,26,6.9,7.6,0.9,4.7,0.329108365,133,2.361,1.908,1.717,0.042,0.115,0.073,0.057,1.724853794,3.3,1.05190957,0,7.134,6.89,2.83,토양-질소 기원
JS-35,0.140127996,27.2,6.9,6.4,1.1,6.3,1.465360658,186,2.229,1.879,1.531,0.055,0.169,0.096,0.08,0.917463283,4.5,77.22,0,10.725,8.34,3.67,생활하수/처리수 영향
JS-36,0.015864394,26.5,7.3,7.7,1,5,1.237917162,139,2.472,1.996,1.802,0.044,0.148,0.088,0.073,0.17110138,3.6,77.22,0,7.431,7.51,2.96,토양-질소 기원
JS-20B,0.087055956,23.8,6.8,7.3,9.2,13.8,1.489223845,288,8.726,7.317,3.525,3.309,0.691,0.261,0.233,1.977702164,9.1,77.22,0,28.954,12.29,2.32,생활하수/처리수 영향
JS-1,9.26E-05,26.9,7.6,8,0.9,3.8,3.663,120,0.587,0.529,0.369,0.03,0.06,0.037,0.025,0.162146253,2.7,0.2379544,0,9.477,6.48,4.31,토양-질소 기원
JS-2,0.003067089,27.5,7.1,7,0.8,3.8,0.160364963,90,0.832,0.792,0.623,0.042,0.035,0.019,0.006,1.099293146,2.6,77.22,0,4.957,7.12,2.07,토양-질소 기원
JS-3,1.74E-05,27.3,7,8,0.8,3.7,1.252878701,113,0.754,0.703,0.553,0.036,0.041,0.021,0.012,0.588705073,2.5,0.048010884,0,7.197,7.98,3.39,토양-질소 기원
JS-4,0.041667993,27.1,7.2,7.6,0.7,4.1,0.152961131,85,0.516,0.472,0.307,0.054,0.04,0.025,0.01,2.433049766,2.7,77.22,0,4.763,7.23,2.39,토양-질소 기원
JS-5,0.000132743,27.9,7.1,7.3,0.9,3.8,0.796310199,111,0.934,0.863,0.656,0.062,0.048,0.028,0.016,2.344391055,2.5,0.336001183,0,7.192,7.29,5.72,토양-질소 기원
JS-6,0.101109461,27.4,7.4,9.7,0.9,3.6,0.47530771,87,0.54,0.48,0.341,0.036,0.047,0.021,0.011,2.871,2.5,7.744199793,0,4.903,6.94,4.21,토양-질소 기원
JS-7,0.009308931,27.2,7,7,0.7,3.6,1.621710798,102,0.751,0.686,0.532,0.045,0.038,0.021,0.009,0.30289102,2.3,8.934465831,0,6.51,8.08,4.28,생활하수/처리수 영향
JS-8,0.132206149,27.1,6.9,6.3,0.7,3.9,1.569759969,132,1.537,1.475,1.23,0.058,0.209,0.187,0.183,1.089020847,2.6,77.22,0,7.285,11.84,8.41,생활하수/처리수 영향
JS-9,0.063566996,28.9,7.1,7.6,0.8,3.6,2.390766795,116,1.134,1.055,0.869,0.062,0.099,0.083,0.077,0.148069863,2.3,77.22,0,6.459,9.56,7.55,생활하수/처리수 영향
JS-10,0.000199571,29.2,7.2,8,1.6,4.6,0.264973269,114,0.89,0.738,0.483,0.072,0.128,0.087,0.077,2.800844699,3.1,0.496336537,0,6.769,9.84,3.75,생활하수/처리수 영향
JS-11,0.001248402,30.4,7.4,7.4,0.7,4.2,0.789727785,131,1.416,1.336,1.062,0.084,0.151,0.119,0.116,0.353416276,2.8,0.163197741,0,7.294,9.8,5.49,생활하수/처리수 영향
JS-12,6.24E-05,30.4,7.5,8,0.5,3.1,0.141221791,116,1.075,1.006,0.874,0.023,0.029,0.011,0.004,1.299339453,2.1,8.754028692,0,4.823,7.64,3.6,토양-질소 기원
JS-13,0.0053418,29.6,7.7,8.4,0.6,3.6,1.834688146,126,1.217,1.183,0.993,0.03,0.082,0.059,0.052,1.372990212,2.3,0.311405259,0,6.197,8.89,4.53,생활하수/처리수 영향
JS-14,0.000122604,30.2,7.2,7.2,1.4,6.6,0.303469154,185,1.125,1.029,0.486,0.201,0.193,0.118,0.113,1.33569578,4.6,0.425028112,0,9.327,8.78,3.66,생활하수/처리수 영향
JS-15,0.000169706,31,7,6.4,0.8,4,3.663,120,1.099,1.018,0.807,0.035,0.09,0.068,0.058,2.871,2.5,41.28567356,0,6.8,8.91,3.92,생활하수/처리수 영향
JS-16,0.088234783,29.5,7,7.3,1.2,5.2,0.969001166,144,0.944,0.847,0.516,0.103,0.087,0.046,0.031,0.420770339,3.6,12.37789959,0,7.8,8.86,3.47,생활하수/처리수 영향
JS-17,0.007354261,30.5,7.1,6.6,0.9,4.2,2.626300284,124,1.174,1.115,0.866,0.043,0.119,0.091,0.084,0.255891987,2.7,0.007686635,0,6.944,9.4,3.55,생활하수/처리수 영향
JS-18,2.56E-06,27,7,6.9,0.7,3.4,2.55602505,204,1.655,1.598,1.452,0.024,0.039,0.024,0.017,1.360452581,2.4,77.22,0,6.931,10.18,2.07,생활하수/처리수 영향
JS-19,0.252818773,31.6,7.8,8.7,1.4,4.3,0.353775886,127,0.936,0.834,0.639,0.026,0.089,0.055,0.045,0.341605476,2.9,77.22,0,6.781,9.58,3.37,생활하수/처리수 영향
JS-20,0.021686673,31.3,7.6,7.5,1.5,4.5,0.228460955,217,1.655,1.566,1.175,0.076,0.101,0.057,0.045,0.392579401,3.3,12.00538555,0,9.865,9.19,3.42,생활하수/처리수 영향
JS-21,0.007198849,31.1,7.2,7,1.5,4.8,0.961195201,180,1.796,1.742,1.313,0.161,0.114,0.085,0.075,2.871,3.4,0.258012499,0,11.118,10.18,2.82,생활하수/처리수 영향
JS-22,0.000100724,29.5,7.4,7.4,0.9,4.3,0.294533524,281,1.255,1.219,0.864,0.037,0.056,0.042,0.033,1.772633185,3.1,0.175272327,0,27.504,18.36,-1.54,생활하수/처리수 영향
JS-23,6.72E-05,31.5,7.3,7.5,1.8,5.1,0.332848149,200,1.999,1.905,1.39,0.151,0.188,0.141,0.133,0.065273013,3.6,77.22,0,11.017,9.26,2.59,생활하수/처리수 영향
JS-24,0.150841673,30.3,7.1,7.6,1.2,5.5,1.827086801,188,1.25,1.206,0.761,0.089,0.102,0.072,0.056,1.915472561,3.8,7.904196002,0,8.029,7.7,2.22,토양-질소 기원
JS-25,0.044816764,31.1,7.4,8,1.9,5.2,1.097755787,197,1.77,1.674,1.271,0.065,0.155,0.102,0.091,1.678369534,3.5,48.56789664,0,10.679,8.88,3.25,생활하수/처리수 영향
JS-26,0.138095698,28.8,7,7.4,1,5.9,0.068724187,155,1.349,1.272,0.94,0.023,0.101,0.075,0.067,1.560400508,4.2,77.22,0,7.823,7.78,2.31,토양-질소 기원
JS-27,0.240631369,31.8,7.4,8.9,1.5,4.7,3.360788639,209,2.045,1.956,1.575,0.037,0.161,0.123,0.115,0.314051919,3.5,1.467162349,0,11.242,10.16,5.48,생활하수/처리수 영향
JS-28,0.00061952,26.9,7.3,7.4,1.1,5.6,3.122515546,219,3.087,3.064,2.59,0.041,0.135,0.093,0.084,0.26419048,4,4.29647679,0,9.698,6.4,4.04,토양-질소 기원
JS-29,0.002472806,30.9,7.6,8.6,2.2,5.5,1.379469787,195,1.895,1.787,1.432,0.046,0.14,0.089,0.077,2.871,3.9,59.88265547,0,10.549,8.77,4.63,생활하수/처리수 영향
JS-30,0.11958599,24.7,8.2,4.8,0.7,3,0.273539555,198,1.09,0.997,0.833,0.018,0.055,0.041,0.035,1.311355887,2.4,1.803515816,0,9.703,13.99,6.17,생활하수/처리수 영향
JS-31,0.00076868,30.8,7.3,6.3,2.7,5.1,0.234962931,180,1.724,1.615,1.307,0.027,0.114,0.076,0.07,1.717017745,3.4,2.255615819,0,10.162,9.02,4.45,생활하수/처리수 영향
JS-32,0.00097113,29.6,8.9,5,1.3,6.5,3.39448661,213,1.924,1.847,1.182,0.247,0.289,0.246,0.229,2.871,4.6,77.22,0,12.733,9.96,4.86,생활하수/처리수 영향
JS-33,0.056707563,31,8.8,7.3,1.5,5.6,0.930536352,282,2.442,2.353,1.624,0.26,0.17,0.118,0.104,0.683135766,4.1,9.306412965,0,30.185,10.63,2.47,생활하수/처리수 영향
JS-34,0.84447,31.8,9.1,8,1.4,5.1,1.175133103,180,1.568,1.56,1.233,0.04,0.128,0.093,0.085,2.871,3.5,0.028578735,0,10.728,9.52,4.3,생활하수/처리수 영향
JS-35,0.001842768,31.3,9.5,6.7,1.4,5.6,3.663,194,1.896,1.792,1.335,0.089,0.178,0.124,0.122,2.871,3.9,77.22,0,11.643,9.29,4,생활하수/처리수 영향
JS-36,1.01E-05,31.9,9.3,7.9,1.5,5.5,0.541732703,192,2.032,1.907,1.589,0.041,0.159,0.111,0.098,0.749183102,3.7,0.641935565,0,11.913,10.68,3.97,생활하수/처리수 영향
JS-20B,0.338281033,28.2,7.4,7.1,8.9,11,1.037742039,293,7.461,6.693,3.921,2.302,0.462,0.209,0.174,0.827987665,7.6,0.14897192,0,33.569,12.98,2.63,생활하수/처리수 영향
JS-22B,0.000261131,27.9,7.1,7.4,0.8,5.3,2.099100577,440,2.917,2.895,1.296,1.158,0.036,0.019,0.008,2.871,3.7,0.092736525,0,60.531,20.47,1.22,축산분뇨(직접유출)
JS-1,5.67E-05,25.3,7.6,7.9,1,3.9,0.587526946,134,0.583,0.487,0.348,0.049,0.06,0.029,0.014,2.355275053,2.9,77.22,0,11.195,7.02,1.72,토양-질소 기원
JS-2,3.46E-05,26.3,7.2,6.6,0.9,3.3,0.641535201,114,0.579,0.549,0.426,0.022,0.033,0.021,0.009,0.117417064,2.5,0.034355163,0,5.66,10.19,4.17,생활하수/처리수 영향
JS-3,0.84447,26.1,6.9,7.9,1,3.3,2.466106816,130,0.575,0.473,0.394,0.039,0.044,0.019,0.01,2.871,2.4,77.22,0,8.038,9.24,4.72,생활하수/처리수 영향
JS-4,1.22E-05,25.5,7.2,7.6,1.2,3.9,0.816331798,79,0.44,0.353,0.26,0.05,0.045,0.023,0.012,0.472058268,2.6,2.629967249,0,4.449,6.89,0.98,토양-질소 기원
JS-5,0.003100166,26.6,7,6.9,1.3,3.5,0.115166493,119,0.583,0.517,0.381,0.079,0.049,0.027,0.016,0.245666674,2.5,0.051896769,0,7.773,9.21,2.58,생활하수/처리수 영향
JS-6,0.001140182,25.5,7.1,7.7,1.6,4.1,3.663,99,0.557,0.447,0.335,0.041,0.062,0.027,0.015,0.198748683,2.9,5.808736872,0,5.967,8.05,1.92,생활하수/처리수 영향
JS-7,1.88E-05,26.7,7,6.3,1.3,3.3,0.391425524,113,0.516,0.447,0.371,0.037,0.042,0.021,0.011,2.871,2.4,0.055983701,0,7.407,9.14,2.24,생활하수/처리수 영향
JS-8,0.004958283,25.9,7,6,1.1,3.9,0.22041411,145,1.639,1.501,1.385,0.067,0.248,0.19,0.184,0.12749064,2.6,0.685520519,0,7.949,8.84,11.7,생활하수/처리수 영향
JS-9,2.04E-05,28.5,6.9,6.6,1.4,3.8,0.182939671,131,0.753,0.679,0.534,0.06,0.085,0.055,0.044,1.094146624,2.6,77.22,0,7.769,9.59,7.67,생활하수/처리수 영향
JS-10,0.000279689,27.3,7,6.6,1.7,5.3,3.663,214,1.384,1.268,0.713,0.306,0.156,0.094,0.087,0.886830034,4.2,2.99475625,0,15.561,9.7,-0.45,생활하수/처리수 영향
JS-11,0.049440617,28,7.1,7,1.3,5.1,0.123810695,142,1.148,0.999,0.78,0.077,0.146,0.09,0.085,0.153313262,3.8,0.79002835,0,8.522,8.35,8.55,생활하수/처리수 영향
JS-12,0.84447,26,7.2,8,1.3,3.5,3.480875323,106,0.877,0.818,0.675,0.027,0.053,0.026,0.017,2.490355822,2.7,4.387467199,0,4.82,7.25,2.76,토양-질소 기원
JS-13,0.001305968,26.9,7.3,8.2,1.3,4.1,0.68145602,131,1.127,0.989,0.886,0.035,0.088,0.057,0.05,0.158598693,3,26.20141224,0,6.709,7.76,6.5,토양-질소 기원
JS-14,0.000324399,26.3,7,7.1,2.5,8.1,0.145609749,163,1.784,1.635,1.167,0.126,0.178,0.105,0.089,2.410541093,5.9,77.22,0,10.085,7.51,2.52,토양-질소 기원
JS-15,0.121298454,27.7,7,6.3,1.8,5,0.150014585,128,1.243,1.169,0.903,0.072,0.124,0.085,0.074,2.388263888,3.7,77.22,0,7.522,7.41,4.71,토양-질소 기원
JS-16,0.089432261,26.2,6.6,6.1,2.3,6.6,1.25790658,129,1.173,1.043,0.705,0.088,0.117,0.068,0.056,0.939859943,4.9,0.135666453,0,7.574,7.64,5.69,토양-질소 기원
JS-17,0.043738376,27.5,6.6,6.5,2.6,5.4,0.717159764,130,1.348,1.203,0.93,0.084,0.151,0.104,0.095,0.517969692,3.9,19.81265873,0,7.475,7.67,5.16,토양-질소 기원
JS-18,0.611873495,26.1,6.7,6.3,1.5,4.5,0.424709691,198,0.742,0.663,0.568,0.016,0.037,0.02,0.009,1.014553066,3.3,0.241868236,0,6.221,8.68,2.03,생활하수/처리수 영향
JS-19,5.14E-05,28.3,6.9,7.4,1.9,5.2,0.744887284,135,1.159,1.033,0.753,0.104,0.153,0.094,0.086,2.290795858,3.5,77.22,0,7.185,8.79,4.2,생활하수/처리수 영향
JS-20,0.003341605,28.2,7,7.5,1.7,4.3,1.538231231,262,1.155,1.042,0.86,0.057,0.097,0.057,0.047,2.070312395,3.1,51.29806103,0,13.066,11.42,2.79,생활하수/처리수 영향
JS-21,9.41E-05,28.7,7,7,2,4.9,1.273113969,194,1.367,1.214,0.939,0.108,0.14,0.081,0.072,2.871,3.5,3.515815435,0,11.004,9.89,2.56,생활하수/처리수 영향
JS-22,0.211476742,27.5,6.8,7.5,1,3.7,3.152885664,230,0.718,0.676,0.527,0.019,0.05,0.039,0.029,0.235601878,2.5,77.22,0,24.808,17.27,2.92,생활하수/처리수 영향
JS-23,0.036518522,29.2,7,7.7,1.7,4.9,0.212454001,188,1.289,1.162,0.903,0.082,0.131,0.082,0.073,2.871,3.6,6.439101036,0,10.804,10.08,3.24,생활하수/처리수 영향
JS-24,0.004553494,27.5,7.1,7.1,1.2,5.1,1.390605122,200,1.132,1.024,0.778,0.059,0.108,0.062,0.053,0.305108504,3.7,17.16037143,0,9.93,7.85,3.26,토양-질소 기원
JS-25,0.001544341,28.2,7,7.2,1.3,5.2,0.266678237,185,1.277,1.177,0.915,0.067,0.135,0.09,0.081,2.12808068,3.4,19.01427291,0,10.573,9.86,2.83,생활하수/처리수 영향
JS-26,2.09E-05,27.3,6.9,6.8,0.8,4.9,0.996780136,160,0.8,0.739,0.51,0.037,0.106,0.076,0.068,1.281503582,3.6,0.013743282,0,9.635,9.98,3.92,생활하수/처리수 영향
JS-27,0.481087173,28.8,6.8,7,1.8,5.1,0.9118221,189,1.618,1.441,1.167,0.052,0.143,0.08,0.071,1.009745245,3.7,9.498081559,0,11.706,9.65,3.86,생활하수/처리수 영향
JS-28,0.009511336,26.6,7.1,7.1,1.2,5.2,1.088984328,220,1.396,1.301,1.054,0.053,0.092,0.057,0.047,2.871,3.8,14.87151602,0,13.18,10.56,3.04,생활하수/처리수 영향
JS-29,0.003525175,29.3,6.3,6.9,1.7,5.3,0.857650222,196,1.585,1.392,1.205,0.045,0.164,0.108,0.098,2.871,3.9,1.536732543,0,12.543,9.46,5.88,생활하수/처리수 영향
JS-30,0.005229293,25.2,6.7,4.4,1.3,4.2,1.608545283,174,0.386,0.283,0.209,0.019,0.078,0.042,0.037,2.73535317,2.3,0.288221835,0,8.247,13.92,6.38,생활하수/처리수 영향
JS-31,4.70E-06,28.8,6.5,7,1.4,5.3,0.953446317,201,1.254,1.112,0.907,0.031,0.13,0.085,0.078,1.348021493,3.7,1.201039868,0,11.821,10.47,4.58,생활하수/처리수 영향
JS-32,0.01014637,28.7,6.6,5.4,1,5.3,0.086362032,204,0.986,0.909,0.678,0.037,0.167,0.129,0.124,0.084638342,3.9,32.31532872,0,11.986,10.58,2.88,생활하수/처리수 영향
JS-33,0.002875687,28.9,6.7,7.8,2.2,6.1,0.908119591,269,1.577,1.399,1.051,0.086,0.151,0.084,0.074,2.051429705,4.6,0.841717411,0,28.886,10.77,0.17,생활하수/처리수 영향
JS-34,0.008097205,29.4,7.1,7.6,1.3,4.8,2.268335128,201,1.099,0.987,0.753,0.028,0.125,0.09,0.081,1.709217451,3.6,0.061756827,0,11.917,10.85,4.29,생활하수/처리수 영향
JS-35,0.000650256,27.9,7.1,6,1.3,6.1,0.55169023,222,1.352,1.21,0.894,0.053,0.159,0.095,0.087,0.697434136,4.5,56.64717118,0,15.403,10.58,2.82,생활하수/처리수 영향
JS-36,0.000113081,29.3,6.9,7.7,1.3,5.3,0.285709865,204,1.273,1.127,0.916,0.04,0.131,0.081,0.076,0.329990846,3.9,0.01620859,0,12.534,11.38,3.18,생활하수/처리수 영향
JS-20B,0.000502585,26.8,6.8,6.6,9.4,12.9,0.50073978,345,7.306,6.236,3.395,2.445,0.583,0.267,0.244,0.624658583,8.8,77.22,0,42.621,12.28,-1.7,생활하수/처리수 영향
JS-9B,0.018739667,6.831,0.099,3.069,2.5,6.7,1.682478346,45.08368112,2.728,2.447,1.635,0.484,0.098,0.034,0.01,2.501997739,4.7,77.22,0,67.588,20.5,5.45,축산분뇨(직접유출)
JS-1,0.000346614,25.8,7.6,7.8,1.1,4.6,0.435424748,152,0.472,0.357,0.217,0.041,0.051,0.025,0.01,0.532857168,2.7,0.003739013,0,11.678,6.82,2.14,토양-질소 기원
JS-2,2.26E-05,26.2,6.9,6,0.8,3.5,0.155916075,120,0.441,0.396,0.264,0.023,0.028,0.018,0.007,0.165713357,2.3,14.72046703,0,5.964,9.64,5.64,생활하수/처리수 영향
JS-3,0.034011695,26.7,6.9,8,0.9,3.2,3.294806124,138,0.412,0.319,0.209,0.035,0.035,0.017,0.005,2.871,2.4,77.22,0,8.822,8.95,4.49,생활하수/처리수 영향
JS-4,5.58E-06,25.9,7.2,7.7,0.8,4.5,0.092149713,85,0.427,0.319,0.197,0.042,0.043,0.024,0.008,0.091118318,2.7,7.1352125,0,4.915,6.06,1.17,토양-질소 기원
JS-5,0.005064962,27.7,7,7,1,4.1,0.941928741,126,0.479,0.378,0.23,0.065,0.046,0.027,0.011,1.329572079,2.7,0.016861994,0,8.266,8.14,2.14,생활하수/처리수 영향
JS-6,0.066917413,26.4,7.3,7.7,1,4.2,0.051768018,113,0.443,0.432,0.279,0.047,0.05,0.027,0.012,0.047292604,2.9,77.22,0,6.746,8.14,2.48,생활하수/처리수 영향
JS-7,1.21E-06,27.9,7,6.8,0.8,3.6,1.208533144,124,0.458,0.385,0.246,0.036,0.041,0.024,0.011,1.701452695,2.7,3.059863619,0,7.967,8.52,2.49,생활하수/처리수 영향
JS-8,0.025432287,26.6,6.6,6.2,0.9,4.3,3.663,145,1.768,1.675,1.479,0.076,0.211,0.177,0.17,2.871,2.7,5.57354977,0,8.585,11.91,12.7,생활하수/처리수 영향
JS-9,0.005878908,28.3,6.7,6.6,0.7,4.3,3.663,125,0.786,0.675,0.473,0.064,0.093,0.069,0.055,2.871,3,77.22,0,8.174,11.4,7.81,생활하수/처리수 영향
JS-10,0.244612158,28.1,6.9,7,1.2,4.7,0.093592685,173,1.371,1.217,0.852,0.193,0.17,0.123,0.115,0.092742753,3.5,77.22,0,11.536,10.39,2.93,생활하수/처리수 영향
JS-11,5.82E-06,28.1,7,7.2,1,5,1.873257566,147,1.498,1.33,1.089,0.08,0.197,0.146,0.141,2.868163267,3.5,0.569187708,0,9.039,9.13,8.59,생활하수/처리수 영향
JS-12,0.082520409,27.4,7.2,8,1,3.6,0.723249556,118,0.756,0.623,0.506,0.041,0.058,0.024,0.012,0.948941714,2.5,0.024257847,0,5.015,9.24,4.13,생활하수/처리수 영향
JS-13,0.001335657,28.1,7.6,8.9,0.4,3.9,3.663,139,1.17,1.083,0.894,0.021,0.11,0.087,0.084,2.871,2.9,0.741004111,0,7.684,9.93,6.68,생활하수/처리수 영향
JS-14,0.002499686,27,6.6,7.5,0.7,4.9,3.663,194,1.486,1.339,1.075,0.099,0.106,0.069,0.06,2.871,3.4,77.22,0,10.048,9.4,4.03,생활하수/처리수 영향
JS-15,0.157740812,28.9,6.7,6.3,0.5,4.6,0.373346898,146,1.15,1.037,0.846,0.044,0.107,0.082,0.077,0.447342023,3.3,0.044319788,0,8.328,9.16,6.76,생활하수/처리수 영향
JS-16,0.725059108,26.8,6.7,7.1,0.7,5.8,0.107978539,162,1.303,1.193,0.882,0.048,0.091,0.063,0.05,0.109118945,4.1,10.95396864,0,8.718,9.92,5.32,생활하수/처리수 영향
JS-17,0.000230284,28.6,6.8,6.7,0.5,5.1,0.414146415,150,1.301,1.196,0.957,0.05,0.134,0.111,0.107,0.503343484,3.6,0.000130824,0,8.413,9.57,4.54,생활하수/처리수 영향
JS-18,8.51E-06,26.6,6.8,6.6,0.4,4.7,3.663,197,0.872,0.816,0.665,0.016,0.036,0.02,0.009,2.871,3.1,77.22,0,5.328,8.37,2.06,생활하수/처리수 영향
JS-19,0.00030339,28.2,7,8.3,0.7,5.7,0.136849389,152,1.401,1.273,0.994,0.047,0.109,0.08,0.071,0.142867253,4,0.71281749,0,7.424,7.99,4.23,토양-질소 기원
JS-20,0.84447,28.5,7,7.4,0.7,4.8,3.663,231,1.417,1.257,1.024,0.067,0.114,0.082,0.077,2.871,3.5,77.22,0,10.231,10.21,3.52,생활하수/처리수 영향
JS-21,1.60E-05,28.7,7,7.1,0.9,5.6,0.013855009,204,1.943,1.799,1.365,0.167,0.159,0.122,0.115,0.010562104,4.1,4.034011167,0,11.39,8.97,2.99,생활하수/처리수 영향
JS-22,0.299325914,26.6,6.9,7,0.3,3.5,3.663,239,1.139,1.073,0.901,0.016,0.043,0.035,0.022,2.871,2.4,73.34795197,0,21.497,14.28,2.68,생활하수/처리수 영향
JS-23,1.00E-06,28.7,7,7.9,0.8,5.8,0.407879948,187,2.088,1.961,1.591,0.114,0.164,0.138,0.127,0.494690848,4,0.215462312,0,10.356,8.2,3.7,생활하수/처리수 영향
JS-24,0.208142959,27.8,7.1,7.3,0.6,5.6,1.842326651,182,1.537,1.426,1.113,0.047,0.116,0.092,0.078,2.814160031,3.9,77.22,0,8.878,8.46,3.57,생활하수/처리수 영향
JS-25,0.000291339,28.3,7,7.7,1.1,5.7,0.806269143,187,1.853,1.777,1.456,0.061,0.142,0.115,0.111,1.073766925,4,0.045528889,0,9.858,8.22,4.79,생활하수/처리수 영향
JS-26,0.025142597,26.6,7.3,7,0.8,5.4,3.663,185,0.989,0.947,0.648,0.03,0.099,0.079,0.072,1.46383859,3.9,0.378466819,0,9.508,9.67,4.28,생활하수/처리수 영향
JS-27,0.001782997,28.9,6.9,8.1,1,5.6,0.254828765,199,2.087,2.013,1.705,0.04,0.151,0.118,0.114,0.289737926,3.9,2.658743101,0,10.622,8.64,5.61,생활하수/처리수 영향
JS-28,0.01003755,26.5,6.8,7.1,0.9,4.9,2.638259726,240,1.604,1.511,1.282,0.038,0.071,0.052,0.041,2.871,3.1,77.22,0,12.907,10.41,3.55,생활하수/처리수 영향
JS-29,8.34E-05,28.9,6.5,6.9,1,5.9,0.138305213,179,1.791,1.696,1.347,0.073,0.16,0.136,0.132,0.144597004,4.1,7.985401458,0,9.34,8.13,4.69,생활하수/처리수 영향
JS-30,0.070472459,25.4,7.5,4.2,0.7,3,0.318006018,187,0.273,0.233,0.104,0.023,0.063,0.043,0.034,0.372732294,2.2,1.973626086,0,8.748,10.73,5.16,생활하수/처리수 영향
JS-31,1.64E-05,28.9,7.2,6.5,2.1,5.6,0.684377743,189,1.675,1.559,1.227,0.059,0.143,0.111,0.108,0.891155547,4.1,0.025087463,0,9.155,8.43,4.52,생활하수/처리수 영향
JS-32,0.000150325,28.4,7.9,4.4,1.4,7.3,2.455158045,278,1.227,1.087,0.518,0.178,0.358,0.309,0.306,2.871,5,23.61485846,0,15.552,13.02,4.28,생활하수/처리수 영향
JS-33,0.001153224,29.9,8.1,9.1,1.7,6.4,1.262955004,291,1.746,1.598,1.162,0.058,0.124,0.091,0.077,1.317402273,4.7,0.222773962,0,31.542,10.99,4.58,생활하수/처리수 영향
JS-34,0.055998992,29.5,8.1,7,1,6.2,0.608720105,188,1.654,1.524,1.206,0.054,0.143,0.119,0.115,0.779992791,4.1,2.490278251,0,9.234,8.61,4.58,생활하수/처리수 영향
JS-35,0.004853847,28.6,8.8,6.9,0.9,6.3,0.109415593,211,1.622,1.522,1.179,0.05,0.157,0.122,0.116,0.110772045,4.4,77.22,0,11.712,9.18,4.43,생활하수/처리수 영향
JS-36,0.000844614,28.8,8.4,7.3,1,6,1.179847731,212,2.19,2.065,1.77,0.025,0.185,0.155,0.151,2.137875349,4.1,0.03749777,0,11.619,11.63,3.26,생활하수/처리수 영향
JS-20B,8.82E-06,27.1,6.9,6.7,12,17.7,0.258194168,409,7.23,6.342,3.27,2.429,0.61,0.285,0.257,0.294093591,10.6,77.22,0,39.957,18.02,0.77,생활하수/처리수 영향
JS-9B,0.006200464,27.9,6.9,7.1,2.3,8.3,0.666989796,370,2.399,2.08,1.587,0.098,0.167,0.08,0.055,0.865450958,5.2,12.63268308,0,51.753,10.89,0.19,생활하수/처리수 영향
JS-1,8.64E-05,20.6,7.6,10.1,0.6,3.2,1.696330523,106,1.294,1.287,1.157,0.023,0.032,0.031,0.006,2.871,2,0.138256088,0,7.836,3.79,2.09,토양-질소 기원
JS-2,0.001076964,21.5,7.2,9.4,0.8,4.9,0.128145444,70,1.607,1.522,1.373,0.039,0.086,0.072,0.008,0.13257908,3.5,7.665392371,0,4.038,4.98,1.2,토양-질소 기원
JS-3,0.019818541,21.4,6.8,9.6,0.8,4.6,2.962529811,84,1.507,1.43,1.316,0.03,0.071,0.07,0.007,2.871,3.1,6.572846977,0,5.626,4.98,1.47,토양-질소 기원
JS-4,1.34E-05,20.3,7,10,0.6,3.5,1.106595188,60,1.129,1.093,0.96,0.033,0.045,0.044,0.004,2.871,2.4,5.64E-05,0,3.948,2.75,2.54,토양-질소 기원
JS-5,0.099727346,21.1,7,9.6,0.7,4,0.214039233,82,1.453,1.383,1.255,0.035,0.06,0.059,0.008,0.237602187,2.8,0.157394031,0,5.373,4.99,1.62,토양-질소 기원
JS-6,0.0075131,20.4,7,9.9,0.7,2.9,0.009954027,82,1.356,1.314,1.206,0.032,0.046,0.045,0.015,0.007251495,2,45.99587558,0,5.052,5.13,1.68,토양-질소 기원
JS-7,5.25E-05,20.9,7,9.4,0.7,3.6,0.225231612,85,1.473,1.437,1.307,0.04,0.042,0.041,0.01,0.251782345,2.4,77.22,0,5.473,6.46,2,토양-질소 기원
JS-8,0.00348769,21.5,6.7,8.6,0.8,2.6,3.311128176,93,2.059,2.004,1.918,0.04,0.108,0.103,0.078,2.871,1.8,77.22,0,5.469,9.15,2.52,생활하수/처리수 영향
JS-9,0.002969896,21.7,6.6,8.7,0.9,3.4,2.94855057,94,1.652,1.607,1.482,0.039,0.067,0.066,0.03,2.871,2.2,77.22,0,5.502,7.09,2.09,토양-질소 기원
JS-10,1.00E-06,21.8,7,8.6,0.7,3.6,3.663,76,1.017,0.965,0.853,0.05,0.044,0.042,0.015,2.871,2.2,33.0053491,0,5.091,5.73,1.39,토양-질소 기원
JS-11,6.01E-05,22.2,6.9,8.4,0.9,3.7,1.283356559,100,1.81,1.72,1.581,0.061,0.103,0.101,0.058,1.906750634,2.5,0.001348091,0,5.755,8.28,2.52,생활하수/처리수 영향
JS-12,0.027248988,22.9,6.8,8.4,1,3.5,2.191096683,118,2.564,2.519,2.389,0.036,0.025,0.024,0.003,2.52546574,2.2,65.49390229,0,4.85,8.29,1.39,생활하수/처리수 영향
JS-13,0.09836734,22.2,6.8,8.6,0.9,3.7,0.034664179,105,1.933,1.889,1.736,0.044,0.071,0.069,0.035,0.029970959,2.2,77.22,0,5.452,7.46,2.1,토양-질소 기원
JS-14,0.14862268,22.2,6.7,8.5,0.9,4.7,2.210093222,115,2.136,2.109,1.955,0.046,0.072,0.068,0.031,2.871,2.9,30.65673966,0,5.882,4.81,2.5,토양-질소 기원
JS-15,0.009209405,21.9,7.3,8.6,0.9,4,1.093361611,106,2.06,2.002,1.844,0.045,0.081,0.075,0.042,1.574688748,2.6,3.478633034,0,5.589,7.03,2.77,토양-질소 기원
JS-16,0.019163431,22.4,6.6,8,1,5.8,2.826696061,143,2.983,2.938,2.673,0.078,0.095,0.092,0.048,1.670744816,4.1,17.87850561,0,6.892,6.74,2.6,토양-질소 기원
JS-17,1.00E-06,22,6.7,8.5,1,3.9,0.760657668,109,2.17,2.118,1.944,0.05,0.088,0.083,0.049,1.004956459,2.7,77.22,0,5.691,7.25,3.13,토양-질소 기원
JS-18,0.039706934,23.5,6.6,8.1,0.8,6.4,1.346624158,105,1.706,1.612,1.418,0.046,0.094,0.079,0.014,1.968684325,4.5,25.13275323,0,3.515,2.63,0.05,토양-질소 기원
JS-19,0.007276132,22.6,6.6,8.5,0.6,4.4,1.513510426,109,2.091,2.042,1.862,0.051,0.086,0.083,0.039,2.248887036,3.1,77.22,0,5.294,6.38,1.05,토양-질소 기원
JS-20,0.020042245,21.5,6.7,8.8,0.5,4,3.663,161,2.584,2.532,2.374,0.048,0.084,0.083,0.043,2.871,2.7,0.029495701,0,7.226,6.1,-0.49,토양-질소 기원
JS-21,0.001527275,22.7,7,8.3,0.8,4.6,0.116605354,136,2.458,2.368,2.144,0.085,0.097,0.091,0.045,0.119086859,3.1,0.053236427,0,6.566,6.17,-0.3,토양-질소 기원
JS-22,0.009929942,22.4,7.2,8.5,0.4,3.7,0.14707609,179,3.553,3.542,3.414,0.02,0.052,0.049,0.043,0.155070343,2.7,0.800148956,0,10.073,7.52,-0.82,토양-질소 기원
JS-23,0.405567247,22.6,7.4,8.3,0.8,4.5,0.426840454,139,2.414,2.343,2.13,0.079,0.099,0.094,0.049,0.520926105,3.3,77.22,0,6.486,6.29,-0.36,토양-질소 기원
JS-24,0.023747163,22,7.4,8.2,0.8,5.9,3.033810482,162,3.673,3.644,3.391,0.085,0.105,0.099,0.064,2.871,4.1,0.03538338,0,7.001,4.39,0.76,토양-질소 기원
JS-25,0.050679309,22.4,7.4,8.2,0.8,4.9,0.125254506,138,2.392,2.382,2.145,0.083,0.117,0.109,0.059,0.129182816,3.2,46.49813624,0,6.369,6.15,0.93,토양-질소 기원
JS-26,1.04E-05,22.6,7.3,7.1,0.6,6.3,1.904804576,169,2.578,2.537,2.18,0.083,0.143,0.138,0.099,2.871,4.5,0.230270118,0,7.761,7.27,0.54,토양-질소 기원
JS-27,1.94E-05,22.8,7.4,7.9,0.5,4.7,0.261575609,145,2.629,2.581,2.317,0.081,0.102,0.097,0.051,0.298477869,3.3,22.8922527,0,6.797,6.5,0.08,토양-질소 기원
JS-28,0.000328744,21.8,7.1,7.9,0.5,4.7,1.471287341,273,5.617,5.551,5.515,0.034,0.099,0.093,0.062,2.177541785,3.7,0.012597371,0,11.889,6.02,0.03,토양-질소 기원
JS-29,0.124811343,22.5,7,7.8,0.8,4.7,0.08345601,140,2.653,2.647,2.357,0.109,0.108,0.1,0.062,0.081406893,3.6,77.22,0,6.826,5.81,0,토양-질소 기원
JS-30,1.26E-05,21.8,7.1,8,0.2,3.9,2.544553686,204,6.938,6.886,6.844,0.02,0.074,0.07,0.046,2.871,2.8,0.292748741,0,9.925,8.5,-0.96,생활하수/처리수 영향
JS-31,0.027565374,22.9,6.8,8.1,0.6,4.7,0.287465773,139,2.718,2.687,2.438,0.091,0.117,0.112,0.058,0.332298281,3.3,40.40797844,0,6.768,6.14,-0.39,토양-질소 기원
JS-32,8.94E-05,21.6,6.8,6.8,0.5,4.9,1.615112996,206,4.67,4.656,4.481,0.063,0.153,0.143,0.102,2.421766292,3.8,77.22,0,11.313,9.78,0.77,생활하수/처리수 영향
JS-33,0.013020784,23.5,7,8.3,1.4,6.5,3.607234079,219,3.116,3.042,2.495,0.205,0.202,0.166,0.106,2.871,4.5,72.51698205,0,15.878,7.44,0.61,토양-질소 기원
JS-34,4.29E-06,22.9,7.2,8.3,0.5,4.7,3.663,139,2.779,2.718,2.444,0.086,0.111,0.101,0.066,2.871,3.3,0.160276739,0,6.824,6.43,0.53,토양-질소 기원
JS-35,0.114617591,23.3,7.2,6.3,0.8,7.4,0.2268445,166,2.202,2.11,1.672,0.072,0.205,0.172,0.106,0.253833892,5.2,3.867449633,0,8.798,7.04,0.66,토양-질소 기원
JS-36,0.000114938,23.2,7.3,8.4,0.6,5.2,0.79301334,143,2.882,2.769,2.518,0.09,0.143,0.134,0.082,1.053712432,3.5,77.22,0,7.106,6.43,0.03,토양-질소 기원
JS-20B,0.017142575,23.8,6.7,7.8,10.9,12.7,3.048349894,327,11.413,10.447,7.236,3.056,0.6,0.364,0.273,2.871,8.9,77.22,0,31.735,23.7,6.6,생활하수/처리수 영향
JS-9B,0.186510017,25.8,6.5,6.4,1,5,3.663,151,1.37,1.197,0.835,0.023,0.099,0.078,0.015,2.871,3.4,0.018913822,0,27.654,10.95,-2.96,생활하수/처리수 영향
JS-1,0.029209057,18.9,7.5,9.5,0.8,3.9,0.097914832,122,1.527,0.949,0.839,0.018,0.029,0.016,0.005,0.097628856,2.6,77.22,0,9.022,4.37,1.06,토양-질소 기원
JS-2,6.12E-05,19.4,7.1,8.8,1.2,4.7,1.341230147,87,1.09,0.962,0.787,0.038,0.057,0.03,0.016,1.959709572,3.5,0.88507338,0,5.378,6.4,2.48,토양-질소 기원
JS-3,0.001706127,19.4,6.8,8.9,1,4.3,0.444108304,104,1.032,0.952,0.78,0.038,0.052,0.028,0.013,0.544959094,3.2,0.057391795,0,7.006,5.54,1.69,토양-질소 기원
JS-4,0.016953432,18.7,6.9,9.3,1.5,6.4,0.151486829,88,0.908,0.818,0.65,0.021,0.065,0.035,0.018,0.160370051,4.4,0.025934173,0,6.267,5.17,1.58,토양-질소 기원
JS-5,0.000365296,19.2,6.8,9,1.3,4.7,0.110852818,100,1.073,0.972,0.792,0.044,0.063,0.036,0.023,0.112428327,3.5,1.144850055,0,6.827,5.75,3.51,토양-질소 기원
JS-6,9.13E-06,19.1,7,9.3,1.3,5.6,0.491395407,102,1.2,1.139,0.939,0.031,0.072,0.044,0.032,0.611418536,3.7,0.896199647,0,6.579,5.46,-0.3,토양-질소 기원
JS-7,0.000478037,19.1,6.9,8.5,1,4.2,0.446294906,103,1.081,0.998,0.836,0.042,0.068,0.04,0.031,0.548011621,3,44.04514657,0,6.98,5.83,3.65,토양-질소 기원
JS-8,0.000370097,20.1,7.1,8.1,1.1,4.7,2.510541158,106,1.941,1.854,1.548,0.068,0.15,0.119,0.115,2.854550037,3.3,9.595375229,0,6.08,8.41,1.85,생활하수/처리수 영향
JS-9,0.026022676,20,6.8,9,0.9,3.9,0.534344182,117,1.556,1.477,1.226,0.086,0.131,0.097,0.097,1.581880686,2.4,1.416799841,0,7.059,10.27,3.79,생활하수/처리수 영향
JS-10,0.004410315,19.3,6.6,9.1,1.1,4.4,3.663,111,1.381,1.304,1.067,0.074,0.094,0.061,0.061,0.67254958,3,10.51671967,0,6.981,4.99,-1.19,토양-질소 기원
JS-11,0.000582895,20.5,6.8,8.8,1,3.4,0.397552776,119,1.898,1.798,1.525,0.079,0.166,0.121,0.117,2.871,2.7,75.90558667,0,7.036,9.95,3.94,생활하수/처리수 영향
JS-12,3.90E-06,21.3,6.8,8.6,0.3,2.1,3.246517468,190,1.633,1.554,1.404,0.027,0.017,0.007,0.001,0.480471152,1.5,0.667804521,0,5.525,9.7,3.94,생활하수/처리수 영향
JS-13,0.013752029,20.6,7,9.1,0.8,4,0.529455923,140,2.15,2.096,1.733,0.124,0.205,0.16,0.157,2.108635418,2.7,21.29457638,0,7.559,8.44,7.09,생활하수/처리수 영향
JS-14,0.002194766,19.8,6.9,8.8,1.3,5.2,1.47723999,162,2.042,1.963,1.551,0.092,0.128,0.062,0.054,0.66555676,4.1,1.38406498,0,9.993,8.01,2.19,생활하수/처리수 영향
JS-15,0.000217568,20,7.8,9.5,0.7,3.7,0.080539534,156,1.82,1.78,1.507,0.054,0.113,0.08,0.077,2.187581971,2.4,24.10983927,0,8.031,10.1,5.42,생활하수/처리수 영향
JS-16,3.61E-05,20,6.8,9.1,1.7,6,1.223136334,201,2.342,2.228,1.707,0.119,0.12,0.077,0.065,0.078179315,4.9,0.011507628,0,11.019,10.86,2.88,생활하수/처리수 영향
JS-17,0.694398403,20.1,6.8,9.3,1,4,1.703305389,160,2.109,2.04,1.696,0.08,0.161,0.124,0.122,1.805229326,2.8,15.9740707,0,8.197,9.3,5.83,생활하수/처리수 영향
JS-18,0.003270816,20.2,6.8,9.1,0.5,3.6,2.108082508,196,1.601,1.547,1.369,0.022,0.04,0.027,0.021,2.573150891,2.6,34.43312283,0,6.201,7.83,-0.55,토양-질소 기원
JS-19,0.001579006,20.5,7,10,0.9,3.9,3.644558145,162,1.852,1.782,1.52,0.025,0.113,0.081,0.077,2.455793192,2.6,77.22,0,8.091,10.51,4.85,생활하수/처리수 영향
JS-20,0.004751602,20.2,7,9.7,1.8,4.4,0.871814619,286,1.761,1.65,1.292,0.096,0.151,0.101,0.099,2.871,3.6,77.22,0,9.855,10.05,5.1,생활하수/처리수 영향
JS-21,0.015690261,20.8,0.1,9.5,1.6,4.3,0.365454518,228,1.979,1.882,1.518,0.106,0.129,0.081,0.079,1.17358369,3.3,4.921253639,0,10.378,10.08,3.78,생활하수/처리수 영향
JS-22,0.04883415,20.7,7.1,8.9,0.7,3.8,0.185995113,216,1.633,1.613,1.231,0.12,0.06,0.039,0.034,0.436602896,2.8,0.539080152,0,18.515,10.44,2.35,생활하수/처리수 영향
JS-23,0.000243601,21,7.3,8.5,1.9,4.2,2.135314043,281,2.631,2.475,1.778,0.378,0.173,0.112,0.11,0.202528181,3.5,0.096727113,0,12.883,9.59,5.07,생활하수/처리수 영향
JS-24,4.38E-05,20.1,7.2,8.4,2.2,6.4,1.012981051,255,3.649,3.494,2.281,0.714,0.322,0.242,0.235,2.871,4.7,77.22,0,14.913,7.98,2.72,토양-질소 기원
JS-25,0.037848589,20.5,7.4,8.3,2.2,4.2,0.770248839,279,2.883,2.806,2.031,0.396,0.194,0.138,0.133,2.871,3.4,7.208707021,0,13.248,8.73,5.89,생활하수/처리수 영향
JS-26,0.00104058,20.4,7.2,7.8,1.3,5.3,0.204577484,153,1.36,1.257,0.953,0.044,0.115,0.073,0.066,1.391999023,4,3.5912872,0,8.062,10.42,1.32,생활하수/처리수 영향
JS-27,0.008634882,22.2,7.1,9.4,1.6,6.2,1.357480424,294,8.466,8.335,5.997,0.702,0.767,0.718,0.709,1.019380016,5.3,10.30466227,0,15.701,12.12,4.95,생활하수/처리수 영향
JS-28,0.000136978,19.5,7,7.8,0.8,3.8,0.119485046,301,2.68,2.671,2.409,0.036,0.105,0.077,0.074,0.225693609,3.2,27.31809395,0,15.817,9.37,2.36,생활하수/처리수 영향
JS-29,0.077231563,21.1,6.3,8.8,1,3.9,1.147233434,228,2.412,2.323,2,0.037,0.115,0.083,0.079,1.986763366,2.9,77.22,0,13.091,10.06,5.44,생활하수/처리수 영향
JS-30,0.002342499,19.8,6.9,6.9,0.9,4.6,1.1657597,158,1.925,1.857,1.574,0.025,0.113,0.091,0.088,0.122437209,3.3,0.600642737,0,8.543,9.86,3.42,생활하수/처리수 영향
JS-31,0.001381358,20.7,6.8,8.3,2.2,4,1.978132143,214,2.258,2.142,1.856,0.027,0.11,0.069,0.068,1.603650016,2.9,0.116181441,0,11.969,10.16,5.15,생활하수/처리수 영향
JS-32,0.000642449,19.2,6.6,6.8,2.6,6.1,2.761936085,143,2.572,2.369,1.621,0.344,0.405,0.284,0.282,1.633134464,4.9,24.36139906,0,6.787,8.08,3.15,생활하수/처리수 영향
JS-33,0.370019168,19.9,6.7,8.1,3.4,6.3,0.381326363,171,2.552,2.249,1.464,0.401,0.283,0.121,0.112,2.33356255,5.3,2.409721784,0,16.132,6.94,5.23,토양-질소 기원
JS-34,0.105392801,20.8,6.9,8.8,1.6,3.8,0.199890349,203,2.094,2.013,1.717,0.029,0.108,0.063,0.062,2.871,2.9,0.346250468,0,11.502,10.95,6.71,생활하수/처리수 영향
JS-35,0.000145767,20.2,7.2,7.9,2.5,6.6,1.501313543,197,2.21,1.982,1.591,0.065,0.243,0.145,0.14,0.458231377,5.3,25.6612252,0,12.864,8.78,2.95,생활하수/처리수 영향
JS-36,0.006401868,20.8,7.1,8.8,2.4,5.2,0.658422426,207,2.566,2.367,1.953,0.088,0.16,0.08,0.075,0.219822107,4.1,5.237747338,0,14.895,10.64,4.31,생활하수/처리수 영향
JS-20B,0.004505263,22.5,6.9,8.7,7,9.3,0.319844354,307,7.18,6.675,4.208,1.783,0.338,0.151,0.142,2.228247071,5.8,3.159962602,0,33.402,12.15,-0.53,생활하수/처리수 영향
JS-1,0.00263834,12.9,7.7,10.9,0.5,1.9,0.556715093,134,0.831,0.827,0.61,0.024,0.016,0.01,0.004,0.852819466,1.3,1.519075753,0,9.472,5.3,3.01,토양-질소 기원
JS-2,0.00431735,13.7,7.3,10.4,0.6,2.7,2.328527187,87,0.921,0.916,0.637,0.024,0.023,0.01,0.004,0.375183765,2,77.22,0,4.437,4.89,1.86,토양-질소 기원
JS-3,0.218341487,13.7,7,10.3,0.5,2.3,0.401666256,106,0.926,0.925,0.653,0.026,0.021,0.009,0.004,0.70466302,1.7,77.22,0,6.282,5.7,2.3,토양-질소 기원
JS-4,0.003922403,13,7,10.7,0.4,2.4,1.362942953,76,0.606,0.583,0.439,0.018,0.021,0.008,0.003,2.871,1.6,0.367478583,0,4.541,4.66,2.84,토양-질소 기원
JS-5,0.00044315,14.2,7.2,10.2,0.5,2.2,1.753060826,104,0.896,0.872,0.628,0.021,0.025,0.011,0.005,0.486129084,1.5,13.70587015,0,6.229,6.17,2.82,토양-질소 기원
JS-6,0.001822638,12.9,7.3,10.8,0.5,3.2,2.248709104,103,0.972,0.942,0.675,0.026,0.022,0.01,0.004,1.99586821,1.5,9.792933554,0,6.306,7.22,2.53,토양-질소 기원
JS-7,0.008822164,14.4,7,9.8,0.5,1.8,1.046120874,106,0.943,0.917,0.651,0.024,0.027,0.013,0.007,2.659080269,1.2,5.869001759,0,5.777,6.56,2.45,토양-질소 기원
JS-8,0.008728006,14.9,7.3,9.2,0.6,1.9,0.307075381,114,2.408,2.399,1.704,0.042,0.231,0.189,0.185,2.871,1.2,9.401764246,0,6.472,10.25,7.06,생활하수/처리수 영향
JS-9,0.002666943,15.8,7,10.1,0.5,2,3.663,112,1.506,1.487,1.033,0.035,0.082,0.061,0.056,1.443905473,1.3,77.22,0,6.748,9.7,5.74,생활하수/처리수 영향
JS-10,0.000384821,14.8,6.8,10.4,0.6,1.9,0.893441795,111,0.94,0.912,0.577,0.115,0.055,0.038,0.034,0.35819648,1.4,8.57717981,0,8.14,8.28,1.69,생활하수/처리수 영향
JS-11,0.006680755,15.7,7.1,10.1,0.6,2.2,2.813581459,122,1.93,1.894,1.261,0.101,0.161,0.123,0.121,2.871,1.6,1.064779684,0,7.285,10,3.95,생활하수/처리수 영향
JS-12,0.63791104,17.1,7.2,10.1,0.3,1.8,0.992767478,139,1.681,1.663,1.174,0.019,0.012,0.005,0.002,1.206749592,1.4,4.119783225,0,4.856,7.91,2.34,토양-질소 기원
JS-13,0.000193848,16,7.3,10.8,0.5,2.5,0.732460777,132,2.024,1.979,1.371,0.045,0.133,0.101,0.1,0.96269844,1.5,18.62763258,0,7.017,10.02,3.95,생활하수/처리수 영향
JS-14,0.000733041,15.3,7.4,11.2,0.5,2.8,0.627709349,152,1.492,1.479,0.993,0.034,0.03,0.018,0.013,0.69383971,1.9,18.4373665,0,8.296,8.62,3.8,생활하수/처리수 영향
JS-15,0.003839594,14.8,6.9,9.8,0.5,2.3,0.878972429,134,1.87,1.831,1.269,0.031,0.091,0.065,0.064,2.871,1.7,5.929865899,0,7.266,9.9,4.57,생활하수/처리수 영향
JS-16,0.011427785,14.9,6.8,11.3,0.8,3.9,0.549189374,213,2.495,2.422,1.659,0.04,0.053,0.032,0.026,2.871,3,0.930285407,0,12.356,10.37,3.36,생활하수/처리수 영향
JS-17,6.36E-05,15,6.9,9.7,0.5,2.2,1.888952953,137,1.876,1.784,1.269,0.022,0.087,0.064,0.063,0.367854209,1.6,14.27661602,0,7.315,9.3,4.78,생활하수/처리수 영향
JS-18,0.003413885,16,6.9,9.7,0.5,3.6,3.588780202,176,1.226,1.161,0.798,0.016,0.016,0.007,0.001,1.855275501,2.7,77.22,0,4.335,4.11,0.88,토양-질소 기원
JS-19,0.006752382,14.9,7,10.5,0.5,2.5,3.663,145,1.739,1.703,1.192,0.017,0.063,0.041,0.04,1.59636113,1.9,0.482709423,0,7.204,9.08,4.32,생활하수/처리수 영향
JS-20,0.020497871,15.6,7.3,10.6,0.7,2.6,0.314343634,314,1.98,1.905,1.327,0.033,0.103,0.069,0.067,1.269737274,2.2,1.723429502,0,11.914,10.59,4.21,생활하수/처리수 영향
JS-21,0.001005313,15.7,7.2,11,0.4,3.1,1.304096547,219,2.498,2.406,1.677,0.065,0.085,0.059,0.057,1.567528751,2.3,8.403844372,0,12.356,9.73,4.36,생활하수/처리수 영향
JS-22,0.036955997,16.1,8,11.6,0.6,2.9,1.142647221,235,1.709,1.643,1.096,0.017,0.04,0.025,0.02,2.871,2.7,0.166157415,0,24.929,12.48,2.47,생활하수/처리수 영향
JS-23,0.001802716,15.8,7.8,11.1,0.7,2.6,0.934320023,207,2.454,2.354,1.655,0.027,0.097,0.068,0.066,1.504495892,2.3,7.510117927,0,11.514,9.1,4.71,생활하수/처리수 영향
JS-24,0.000938,15.2,7.4,11.1,0.7,4.4,1.124480794,234,4.779,4.724,3.329,0.168,0.33,0.253,0.25,0.591914793,3.4,14.42303431,0,12.331,6.28,8.36,토양-질소 기원
JS-25,2.20E-05,15.2,7.6,11.9,0.6,2.7,3.663,212,2.686,2.586,1.835,0.026,0.131,0.1,0.098,1.083915708,2.2,35.17169909,0,11.701,9.08,5.62,생활하수/처리수 영향
JS-26,0.0046515,14.9,7.2,9.8,0.6,3.7,1.084623847,176,2.284,2.197,1.513,0.016,0.151,0.115,0.113,1.27560809,3,2.331523281,0,9.179,12.37,3.18,생활하수/처리수 영향
JS-27,4.49E-06,15.4,7.7,11.2,0.6,2.7,0.477585602,213,2.536,2.468,1.734,0.023,0.105,0.078,0.077,0.557234869,2.2,77.22,0,11.834,9.59,5.23,생활하수/처리수 영향
JS-28,0.011062388,14.8,7.4,9.6,0.5,2.9,0.812965963,282,3.803,3.686,2.724,0.031,0.058,0.04,0.037,1.889430153,2.3,4.076686158,0,14.731,8.7,3.55,생활하수/처리수 영향
JS-29,0.000109437,14.6,7.6,10.4,0.9,3.1,0.938117463,190,2.29,2.158,1.498,0.02,0.105,0.074,0.072,2.871,2.5,2.18193446,0,10.677,9.44,4.88,생활하수/처리수 영향
JS-30,0.011182811,17.3,7.3,7.1,0.2,1.7,0.452892856,194,2.967,2.911,2.156,0.016,0.033,0.023,0.022,0.415565212,1.2,0.060278112,0,8.76,10.81,2.67,생활하수/처리수 영향
JS-31,0.006539805,15,7.4,9.9,0.6,3.2,1.325182988,203,2.329,2.221,1.58,0.013,0.094,0.065,0.063,0.734121294,2.4,10.09685895,0,11.067,9.4,6.24,생활하수/처리수 영향
JS-32,0.028210318,14.4,7.3,8.9,0.9,3.5,3.663,147,5.328,5.213,4.017,0.094,0.101,0.049,0.046,1.4908247,3,0.013163229,0,20.792,11.16,3.64,생활하수/처리수 영향
JS-33,0.071394907,15.2,7.2,10.2,1.3,4.4,0.349924902,333,3.742,3.605,2.261,0.275,0.111,0.067,0.064,0.257956661,3.5,23.13051464,0,38.778,12.38,2.5,생활하수/처리수 영향
JS-34,0.005456732,15.6,7.4,9.6,0.8,3.6,0.577128243,270,3.156,3.092,2.181,0.092,0.096,0.065,0.061,1.417728211,2.9,0.27932903,0,24.248,10.89,3.9,생활하수/처리수 영향
JS-35,0.054611889,14.8,7.6,10.8,0.7,3.6,1.075952929,240,2.743,2.573,1.816,0.031,0.107,0.076,0.074,1.898069918,2.7,23.37137281,0,17.337,9.91,4.82,생활하수/처리수 영향
JS-36,0.315300358,16,8.3,12.4,1.1,3.8,0.230081002,219,3.122,2.958,2.156,0.022,0.105,0.067,0.066,2.597375322,2.6,13.9882908,0,13.89,10.21,4.73,생활하수/처리수 영향
JS-20B,0.037399322,19,7.2,9.1,4,7.2,1.029426231,349,7.761,7.662,5.267,0.28,0.094,0.034,0.016,0.840332383,5.6,47.5207082,0,48.56,11.75,1.33,생활하수/처리수 영향
JT-1,0.000405224,16.3,6.9,11.8,1,1.485,1.330509696,119,1.123,1.036,0.892,0.014,0.024,0.012,0.002,2.871,2.3,77.22,0,6.341,2.92,2.95,토양-질소 기원
JT-2,0.006069764,15.4,7,12.1,1.2,1.485,3.411516709,127,1.756,1.61,1.33,0.037,0.029,0.016,0.004,1.078831102,3.4,11.76332125,0,11.178,7.14,3.89,토양-질소 기원
JT-3,0.018950274,16.1,6.9,12.3,1.9,1.485,0.649937934,177,2.39,2.226,1.623,0.107,0.055,0.033,0.01,0.815783303,5.8,77.22,0,15.572,5.61,3.36,토양-질소 기원
JT-4,0.229155645,13.8,6.8,12,0.9,1.485,2.117111818,240,12.212,12.105,11.767,0.03,0.203,0.174,0.17,0.163927341,3.5,77.22,0,15.175,13.73,5.49,생활하수/처리수 영향
JT-5,0.0012205,16.1,6.6,9.5,2.2,0.699513192,0.809611763,231,2.904,2.834,2.324,0.064,0.051,0.032,0.012,1.618326071,5.7,61.92181565,0,16.777,9.74,4.7,생활하수/처리수 영향
JT-6,2.81E-05,15.3,6.8,12.3,2.1,1.485,0.633213125,100,1.921,1.825,1.142,0.317,0.087,0.063,0.048,0.083022042,4.6,0.977424667,0,14.102,7.06,3.96,토양-질소 기원
JT-7,2.01E-06,16.9,6.7,11.8,1.9,1.485,0.154437532,224,2.341,2.208,1.674,0.03,0.045,0.023,0.005,0.325398975,5.4,13.02480656,0,16.438,10,4.62,생활하수/처리수 영향
JT-8,0.679693119,20.4,7,11.2,1.5,1.485,1.156460083,167,1.673,1.573,1.23,0.05,0.044,0.021,0.009,1.872272452,3.8,32.65839182,0,11.821,7.25,4.13,토양-질소 기원
JT-9,0.204872868,18.3,7,12.2,2.5,1.229878659,0.08491021,178,2.52,2.351,1.74,0.084,0.19,0.139,0.124,2.871,5.7,50.73885257,0,16.801,7.15,7.84,토양-질소 기원
JT-10,0.006470464,16.8,7,10.8,4.1,1.485,0.28221113,169,3.478,3.148,1.888,0.676,0.671,0.563,0.539,2.871,5.8,2.806963448,0,10.632,14,2.4,생활하수/처리수 영향
JT-11,0.093140154,17.6,7.2,13.4,3.9,1.485,1.31459595,174,2.822,2.45,1.921,0.038,0.44,0.337,0.335,1.732725813,7.1,0.076177515,0,12.439,13.45,2.67,생활하수/처리수 영향
JT-12,0.000342072,19.2,6.5,12.1,2.2,1.198536983,3.552281043,185,0.54,0.468,0.296,0.047,0.098,0.06,0.049,2.871,3.6,0.006083267,0,13.93,13.84,6.6,생활하수/처리수 영향
JT-13,0.00784138,21.5,7.4,14.2,7.8,1.485,2.650291395,184,2.213,1.673,1.207,0.015,0.288,0.13,0.118,2.871,7.9,77.22,0,13.491,14.5,6.73,생활하수/처리수 영향
JT-14,0.050055623,19.5,7.1,10.4,1.4,1.485,1.228043389,328,4.254,4.159,3.659,0.124,0.139,0.108,0.095,2.871,3.9,77.22,0,28.939,11,5.21,생활하수/처리수 영향
JT-15,0.097029024,20.5,7.2,12.6,1.4,1.149332834,2.433448505,301,2.656,2.601,2.16,0.048,0.069,0.049,0.038,0.569687544,4,13.8463506,0,23.274,8.35,3.23,생활하수/처리수 영향
JT-16,0.023478336,18.7,7.2,14,1.3,1.485,3.663,324,3.268,3.226,2.748,0.066,0.093,0.076,0.067,1.813473369,4,77.22,0,27.924,9.66,4.69,생활하수/처리수 영향
JT-17,0.012879521,18.3,7.4,12.7,1.4,1.485,2.126188873,274,2.454,2.433,1.946,0.022,0.045,0.03,0.015,2.513700898,4.6,0.831160339,0,22.105,8.95,5.31,생활하수/처리수 영향
JT-18,0.00207846,18.3,7.5,9.4,1.1,0.676389711,0.461780161,210,1.249,1.201,0.948,0.031,0.032,0.016,0.008,2.871,3,16.64127081,0,20.753,7.14,3.95,토양-질소 기원
JT-19,0.109891176,19.7,7.7,10.1,1.5,1.40715764,1.27822475,194,2.404,2.31,1.9,0.034,0.029,0.013,0.003,0.913036029,3.6,77.22,0,17.208,9.58,3.45,생활하수/처리수 영향
JT-20,0.309860728,17.1,7.9,9.9,0.9,0.504841399,1.668754791,214,2.015,1.958,1.656,0.023,0.026,0.011,0.005,0.182015835,3.2,77.22,0,20.318,7.64,4.43,토양-질소 기원
JT-21,0.001596609,17.9,8,9.4,5.9,0.825908729,1.969819444,260,2.31,1.937,1.442,0.034,0.188,0.104,0.085,0.058790369,6,77.22,0,21.057,3.12,2.01,토양-질소 기원
JT-22,0.012197006,14.2,6.8,9.8,1.2,1.485,0.69913116,140,1.338,1.274,1.064,0.025,0.063,0.042,0.025,2.871,2.1,26.75360293,0,7.492,9.31,11.44,생활하수/처리수 영향
JT-23,1.00E-06,17.1,6.9,8.5,2.3,0.651068936,0.169325893,331,3.35,3.095,2.351,0.246,0.1,0.05,0.039,2.871,4.1,4.671442069,0,49.978,10.81,0.75,생활하수/처리수 영향
JT-24,0.791813493,18.2,6.9,10.5,2.2,1.485,0.062685304,370,2.11,2.024,1.568,0.048,0.057,0.04,0.027,1.863754009,4.9,77.22,0,44.894,9.13,7.36,생활하수/처리수 영향
JT-25,0.332345886,19.3,7.6,11.4,1.9,1.485,2.318355696,352,2.943,2.879,2.224,0.128,0.084,0.064,0.049,2.871,4.2,77.22,0,58.03,11.63,3.6,생활하수/처리수 영향
JT-26,0.000815389,18.3,7.5,8.9,3,1.485,3.663,309,3.321,3.167,1.942,0.678,0.139,0.091,0.073,0.5298585,5.7,3.629583841,0,42.961,8.63,5.95,생활하수/처리수 영향
JT-27,7.91E-05,21.7,7.9,10.8,3,1.485,1.309335358,272,1.682,1.576,0.924,0.199,0.133,0.067,0.047,2.023447424,5.4,25.39554256,0,17.756,10.22,6.67,생활하수/처리수 영향
JT-28,0.510155479,19.2,8,9.8,3.4,1.485,3.663,313,4.57,4.319,3.312,0.137,0.379,0.318,0.299,2.871,5.6,0.001538287,0,28.557,14.28,3.4,생활하수/처리수 영향
JT-29,6.48E-05,18.4,7.2,13.5,3.8,1.485,0.433269435,236,1.975,1.734,1.323,0.014,0.137,0.068,0.047,2.871,5.1,77.22,0,20.53,9.05,11.68,생활하수/처리수 영향
JT-30,0.000448808,21.5,7.1,12.8,4.3,1.132255524,1.407487164,126,7.604,7.492,6.908,0.031,0.724,0.635,0.599,2.748308599,5.2,77.22,0,17.768,5.52,19.21,토양-질소 기원
23B,0.84447,20.1,6.8,8.1,0.099,1.140840306,2.359384705,485,8.187,7.635,6.188,0.931,0.134,0.114,0.105,1.146563185,4.4,1.908237284,0,88.139,11.37,1.92,생활하수/처리수 영향
28B,1.41E-06,17.8,7.9,9,0.099,1.446238692,2.934661554,315,4.943,4.747,3.597,0.177,0.417,0.335,0.317,2.871,5.6,0.204833026,0,29.404,14.34,3.59,생활하수/처리수 영향
JT-1,0.001925395,20.7,7.4,7.8,0.9,1.485,2.444272118,100,1.311,1.309,1.126,0.019,0.027,0.01,0.01,2.871,2,77.22,0,6.217,4.66,3.45,토양-질소 기원
JT-2,0.00033758,21.1,7.6,8,1.4,1.485,0.854140267,144,1.656,1.623,1.344,0.033,0.043,0.021,0.014,1.024226191,2.9,0.169156146,0,9.071,7.6,3.76,토양-질소 기원
JT-3,1.19E-05,20.6,7.5,7.1,1.8,1.485,3.663,145,1.572,1.49,1.094,0.06,0.079,0.018,0.008,2.444391927,4.5,1.077783372,0,10.756,5.93,3.24,토양-질소 기원
JT-4,1.79E-05,18.4,7.2,7.7,1,1.485,3.663,240,12.128,11.53,11.125,0.03,0.257,0.222,0.196,0.031792815,2.9,77.22,0,13.399,12.7,7.03,생활하수/처리수 영향
JT-5,0.002582015,21.9,7.1,7.2,1.7,1.485,0.773467692,175,2.267,2.193,1.795,0.065,0.098,0.06,0.048,2.871,4.4,0.004350579,0,12.32,8.45,4.38,생활하수/처리수 영향
JT-6,0.007046783,20.7,7.4,6.9,2.1,1.485,1.661940711,197,3.213,3.149,1.629,0.408,0.189,0.133,0.131,2.871,4.7,4.341748037,0,14.313,5.32,2.36,토양-질소 기원
JT-7,0.0009938,7.2,7.1,7.2,2.2,1.485,0.036510319,175,2.299,2.123,1.532,0.076,0.132,0.089,0.082,0.768330465,4.3,0.820713928,0,12.898,7.8,4.06,토양-질소 기원
JT-8,0.126612973,22.9,7.7,7.9,2,1.485,3.663,189,1.701,1.461,1.038,0.128,0.283,0.108,0.099,0.283257519,6.2,0.033345991,0,11.95,10.53,5.11,생활하수/처리수 영향
JT-9,0.007757958,22.9,7.8,7.3,3.9,1.485,2.229296261,220,2.122,1.947,1.094,0.19,0.28,0.15,0.139,2.871,7.2,0.04928423,0,15.101,6.88,7.19,토양-질소 기원
JT-10,2.41E-06,21,7.1,6.2,3,1.485,0.600710008,138,1.661,1.396,0.873,0.205,0.375,0.21,0.21,0.260027947,5,5.749065184,0,9.861,10.33,3.3,생활하수/처리수 영향
JT-11,0.178077653,22.4,7.7,8.1,2.8,1.485,0.249810335,166,1.608,1.543,1.101,0.066,0.134,0.084,0.081,0.595136115,3.9,15.02414349,0,10.734,9.11,6.61,생활하수/처리수 영향
JT-12,0.000627082,22.1,7.4,7.4,2.9,1.485,3.663,155,1.646,1.471,1.048,0.071,0.241,0.146,0.144,2.871,4.6,2.30596948,0,9.939,11.05,3.69,생활하수/처리수 영향
JT-13,1.00E-06,23.2,7.9,12.4,2.8,1.206473162,0.231704664,180,1.571,1.522,1.085,0.028,0.174,0.112,0.109,0.050606876,4.5,77.22,0,11.824,10.13,4.01,생활하수/처리수 영향
JT-14,0.067786431,21.6,7.9,9.3,4.2,1.485,0.479870229,238,3.059,2.383,1.446,0.189,0.644,0.096,0.078,1.109648851,9.8,16.47183975,0,20.841,6.79,3.99,토양-질소 기원
JT-15,0.028538994,20.3,7.5,12.3,2.2,1.485,3.663,307,4.565,4.552,4.122,0.052,0.117,0.084,0.082,0.526870463,3.5,0.0072672,0,21.355,8.01,3.7,생활하수/처리수 영향
JT-16,8.20E-05,20.8,7.6,11.2,2.1,1.485,0.054944847,238,3.345,3.256,2.562,0.085,0.151,0.103,0.097,0.125802356,5.4,77.22,0,18.145,7.36,2.82,토양-질소 기원
JT-17,0.113015941,21.1,7.5,11.5,1.4,1.485,0.829912619,254,3.198,3.056,2.739,0.029,0.059,0.037,0.028,0.149813067,3.1,1.484292317,0,16.987,8.15,4.16,생활하수/처리수 영향
JT-18,0.000421124,20.2,7.3,11.9,1.3,1.485,0.4311203,213,2.603,2.529,2.21,0.041,0.067,0.029,0.021,1.258069139,2.6,0.001739229,0,16.575,6.8,1.82,토양-질소 기원
JT-19,0.111440641,17.3,6.9,7.4,0.9,0.932662644,0.122367896,189,2.924,2.922,2.717,0.014,0.043,0.028,0.027,1.933041092,1.5,77.22,0,12.809,11.4,5.09,생활하수/처리수 영향
JT-20,0.030961322,18.8,7.2,12.3,1.4,1.485,0.142682649,218,3.618,3.529,3.17,0.033,0.064,0.046,0.039,0.836201759,3.7,48.04118355,0,16.588,8.41,2.34,생활하수/처리수 영향
JT-21,0.002393814,22.1,7.5,10.1,2.2,1.485,0.92676638,166,2.296,2.146,1.719,0.075,0.168,0.095,0.09,2.871,4.2,0.211874563,0,12.338,7.1,3.76,토양-질소 기원
JT-22,0.390855755,17.3,7.3,11.6,1.3,1.485,1.352040872,422,1.611,1.46,1.194,0.099,0.074,0.048,0.04,2.014209954,1.8,77.22,0,7.243,4.43,1.47,토양-질소 기원
JT-23,0.060407524,22.8,6.8,8.8,3,1.485,0.647127994,424,2.661,2.591,0.837,1.228,0.132,0.091,0.087,0.063655748,4.3,1.014088213,0,66.657,13.72,-2.65,축산분뇨(직접유출)
JT-24,0.000750673,20.7,7.2,10.3,2.1,1.485,3.663,263,1.921,1.805,1.324,0.085,0.093,0.061,0.052,0.686690584,5.4,77.22,0,22.471,8.15,3.44,생활하수/처리수 영향
JT-25,0.709515526,22.7,7.5,11.4,2.3,1.325439792,1.401835751,297,2.559,2.431,1.136,0.473,0.138,0.085,0.077,0.033586853,5.7,51.86403969,0,33.682,7.8,0.97,토양-질소 기원
JT-26,0.002317236,23.2,7.7,11,4.4,1.485,0.067224696,260,2.592,2.359,1.63,0.164,0.175,0.072,0.058,2.871,6.9,5.347478183,0,26.586,9.33,3.73,생활하수/처리수 영향
JT-27,1.88E-06,25.3,8,12.7,3.6,1.485,0.544210644,148,1.083,1.026,0.548,0.022,0.101,0.065,0.055,2.871,6.9,77.22,0,20.492,12.26,9.31,생활하수/처리수 영향
JT-28,0.083627989,23.3,7.3,10.3,4.6,0.590727183,0.038315825,340,10.642,10.641,8.895,0.246,1.542,1.376,1.371,0.287570744,9.6,77.22,0,28.691,15.53,0.88,생활하수/처리수 영향
JT-29,1.47E-05,23.3,7.7,8.3,1.7,1.485,2.602595522,172,2.438,2.376,1.94,0.087,0.156,0.134,0.114,2.871,4.1,1.763071607,0,12.939,7.13,5.19,토양-질소 기원
JT-30,0.076221538,23.1,7.4,7.8,2.4,1.393888592,3.663,173,2.906,2.714,2.166,0.102,0.222,0.163,0.162,0.579145011,4.4,77.22,0,12.584,5.9,7.31,토양-질소 기원
JT-1,2.68E-05,20.8,7.8,8.9,2.5,1.485,0.253152021,169,2.455,2.445,1.419,0.261,0.465,0.034,0.018,2.871,5.7,5.183688902,0,12.507,8.43,1.77,생활하수/처리수 영향
JT-2,0.001089347,21.4,9,8.2,2.8,0.794286878,3.092551653,183,0.606,0.566,0.311,0.055,0.038,0.035,0.022,2.871,4.3,0.005712995,0,11.516,7.7,6.03,토양-질소 기원
JT-3,0.541488239,21.3,7.5,6.5,4.7,1.485,0.468514149,238,2.462,2.393,0.789,0.355,0.139,0.099,0.081,1.217988741,8.8,77.22,0,20.43,7.75,1.79,토양-질소 기원
JT-4,0.057426374,18.9,7.7,8.6,1.6,1.485,3.663,315,9.758,9.685,8.189,0.046,0.194,0.185,0.17,2.871,4.9,0.040817391,0,19.817,26.13,12.84,생활하수/처리수 영향
JT-5,0.000982406,21.6,7.3,7.4,2.5,1.485,3.663,273,1.028,0.953,0.657,0.095,0.07,0.07,0.068,2.871,5.2,77.22,0,21.325,10.09,4.6,생활하수/처리수 영향
JT-6,0.000159782,20.5,7.6,6.7,7.1,1.485,0.900754379,252,4.202,3.897,0.668,1.509,0.16,0.122,0.107,0.74162405,11,0.072795064,0,19.16,7.04,0.95,토양-질소 기원
JT-7,0.000283528,21.3,7.6,7,6.8,0.720893305,3.663,244,2.186,2.181,0.686,0.391,0.197,0.176,0.15,2.871,10.6,2.51766626,0,21.189,7.88,5.28,토양-질소 기원
JT-8,0.000299328,22.9,7.8,8.3,2.5,1.485,2.411986129,200,1.146,1.144,0.633,0.043,0.073,0.057,0.056,1.201164792,4.6,77.22,0,11.377,8.7,4.09,생활하수/처리수 영향
JT-9,1.00E-06,23.4,8.1,8,4.9,1.020361013,0.582311347,272,2.476,2.399,1.277,0.144,0.197,0.18,0.164,0.057162572,8.1,77.22,0,17.977,5.89,10.49,토양-질소 기원
JT-10,7.09E-06,20.7,7.4,6.5,3.1,1.485,3.663,126,1.536,1.508,0.777,0.233,0.253,0.247,0.242,2.871,4.7,2.280667795,0,7.867,11.02,3.08,생활하수/처리수 영향
JT-11,0.004226324,21.4,7.6,7.5,5.9,1.485,0.889805076,217,1.889,1.78,0.751,0.209,0.196,0.163,0.132,0.137704123,9.1,0.401215816,0,15.366,8.18,2.06,생활하수/처리수 영향
JT-12,8.05E-05,21.9,7.5,7.2,3.1,1.485,0.061156598,157,1.365,1.281,0.676,0.074,0.156,0.142,0.126,2.871,5.9,0.694522203,0,10.383,11.12,2.95,생활하수/처리수 영향
JT-13,0.078257119,23.6,7.8,11.4,3.6,1.23755341,2.800548917,183,1.793,1.711,0.905,0.085,0.15,0.144,0.127,0.17835682,6.8,0.731508162,0,12.247,10.04,2.88,생활하수/처리수 영향
JT-14,3.36E-06,21.9,7.8,8.8,6.9,1.182448802,0.132491118,233,2.303,2.263,0.997,0.352,0.133,0.096,0.072,0.869693906,10.8,0.002651138,0,15.164,4.99,2.2,토양-질소 기원
JT-15,0.005941845,24.3,7.5,10.7,3.2,1.485,2.711556064,328,3.546,3.499,2.452,0.239,0.072,0.064,0.051,2.871,4.2,0.020359746,0,23.522,9.01,4.17,생활하수/처리수 영향
JT-16,5.35E-05,21.8,7.8,10.1,3.3,1.485,0.166329211,206,2.019,1.973,1.201,0.1,0.087,0.061,0.047,2.871,6.3,9.212017511,0,14.283,6.25,4.19,토양-질소 기원
JT-17,9.77E-06,23.8,7.5,10.9,4.5,0.989068057,0.6698642,224,1.556,1.494,0.664,0.201,0.053,0.042,0.025,0.832086878,6.2,0.208331613,0,15.236,7.26,3.18,토양-질소 기원
JT-18,0.013903415,20.3,7.3,10.5,2.5,0.978248106,3.663,225,1.524,1.507,0.812,0.22,0.024,0.023,0.011,0.382588321,3.7,77.22,0,17.993,9.54,2.02,생활하수/처리수 영향
JT-19,0.052603886,20.8,7.3,8,1.1,1.485,3.663,180,1.331,1.313,0.981,0.022,0.032,0.028,0.027,0.488972981,1.8,0.009975693,0,11.101,15.82,7.01,생활하수/처리수 영향
JT-20,0.376806754,17.5,7.6,11.7,1.6,1.485,0.644327096,323,2.571,2.56,1.813,0.04,0.028,0.023,0.014,0.500449103,4.5,12.76204985,0,19.279,12.17,3.64,생활하수/처리수 영향
JT-21,0.00078707,22,7.4,9.2,4,1.485,0.325388203,258,1.821,1.806,0.986,0.099,0.118,0.11,0.093,0.040553347,5.9,0.140881097,0,19.576,9.49,6.16,생활하수/처리수 영향
JT-22,0.530779046,16.4,7.3,8.8,1.6,1.459041709,0.403731665,423,3.381,3.369,2.479,0.119,0.155,0.154,0.149,0.100898115,2,0.027679619,0,8.853,7.2,-0.57,토양-질소 기원
JT-23,2.88E-05,23.3,7,9.5,3.1,0.810430305,0.412051686,386,3.134,3.073,0.935,1.373,0.068,0.035,0.024,1.553303834,4.6,28.78515869,0,50.956,14.72,-0.48,생활하수/처리수 영향
JT-24,0.042175071,20.7,7,5.9,5.3,1.485,0.04522249,313,3.213,3.149,1.723,0.291,0.072,0.06,0.039,0.285410619,8.5,77.22,0,28.301,9.47,2.74,생활하수/처리수 영향
JT-25,0.000333137,21.8,7.4,11.5,2.5,1.40053909,0.10079212,332,2.64,2.619,1.632,0.091,0.06,0.053,0.037,2.871,6.2,77.22,0,37.286,11.64,0.11,생활하수/처리수 영향
JT-26,0.189427552,23.7,7.6,9.7,3.3,1.485,1.115503272,335,5.537,5.33,1.71,1.309,0.152,0.15,0.124,0.073341718,8.8,1.844777518,0,36.399,5.28,-3.71,토양-질소 기원
JT-27,0.012465332,24.7,8.4,13.4,3.1,0.855155302,0.251479219,241,1.002,0.921,0.309,0.028,0.083,0.051,0.023,1.79702352,7.5,77.22,0,19.122,7.37,3.73,토양-질소 기원
JT-28,0.000130664,23.1,7.6,9.8,4.9,1.485,2.7365908,295,3.463,3.425,2.045,0.096,0.343,0.34,0.314,0.239608789,8.1,0.07790818,0,23.636,13.51,2.35,생활하수/처리수 영향
JT-29,0.192400516,23.8,7.9,9.5,3.3,1.485,0.076140715,289,2.609,2.501,1.529,0.052,0.18,0.18,0.156,0.115750759,6.7,69.29681742,0,20.83,9.41,5.79,생활하수/처리수 영향
JT-30,0.16255095,22.9,7.9,7.7,3.8,1.123574692,1.268024094,256,2.822,2.774,1.33,0.312,0.255,0.255,0.23,2.5852309,8.5,0.810377143,0,22.315,8.41,6.34,생활하수/처리수 영향
JT-1,0.024294933,23.4,7.8,9.2,1,1.485,0.215627835,120,0.705,0.671,0.463,0.029,0.019,0.013,0.001,2.871,3.5,77.22,0,5.601,3.72,5.14,토양-질소 기원
JT-2,0.004802453,23.4,7.6,9,4.8,1.485,0.113728176,282,2.491,2.314,0.546,0.321,0.299,0.219,0.177,2.871,15.2,25.92983649,0,22.974,8.2,2.9,생활하수/처리수 영향
JT-3,0.000223852,23.9,7.5,8.4,2.4,1.485,1.745851519,187,0.774,0.657,0.23,0.037,0.054,0.031,0.005,0.756798972,8.2,0.330965717,0,16.067,5.52,0.95,토양-질소 기원
JT-4,0.398126305,22.9,7.5,8.9,2.8,1.485,2.401346336,213,1.308,1.179,0.402,0.172,0.089,0.055,0.031,2.871,8.5,77.22,0,17.675,7.08,-0.29,토양-질소 기원
JT-5,0.000484075,22.9,7.5,9.1,2.1,1.485,3.663,317,2.994,2.923,0.981,0.666,0.081,0.052,0.029,0.183853297,8.3,77.22,0,27.053,8.69,1,생활하수/처리수 영향
JT-6,0.002033593,22.1,7.5,8.3,2.5,1.485,0.592775328,322,2.144,2.073,0.6,0.323,0.133,0.107,0.085,2.871,13.4,49.10093277,0,25.136,7.23,0.9,토양-질소 기원
JT-7,0.001396909,23.8,7.6,9.1,3.2,1.485,3.663,242,1.98,1.904,0.672,0.186,0.174,0.109,0.087,0.523893014,10.5,10.41015348,0,19.7,7.2,1.5,토양-질소 기원
JT-8,0.809732236,21.9,7.7,8.3,1.2,1.485,0.170827999,266,1.944,1.933,1.115,0.08,0.101,0.079,0.075,2.871,4.3,0.553968661,0,15.196,8.36,2.71,생활하수/처리수 영향
JT-9,3.72E-06,25.1,7.7,10,9,1.078578432,3.32756513,306,1.778,1.527,0.527,0.052,0.206,0.124,0.074,2.467253979,12.6,77.22,0,19.929,7.14,11.32,토양-질소 기원
JT-10,0.018531574,23,8.1,12.8,18,1.485,0.428977315,140,2.79,2.169,1.261,0.116,0.469,0.343,0.34,0.351038218,28,1.158682142,0,8.304,12.16,2.77,생활하수/처리수 영향
JT-11,0.006609899,22.9,7.7,9.4,4,1.485,3.344118206,130,3.311,3.207,1.044,0.717,0.156,0.102,0.086,2.871,10.7,4.574913113,0,18.582,10.91,-2.87,생활하수/처리수 영향
JT-12,4.20E-05,23.7,7.5,8.1,2,1.267669113,1.675600598,178,1.605,1.542,0.628,0.153,0.142,0.095,0.084,2.871,7.1,3.193991797,0,11.946,10.93,-0.01,생활하수/처리수 영향
JT-13,1.69E-05,22.8,7.6,11.7,1.9,1.485,0.301672936,236,1.839,1.797,0.987,0.038,0.112,0.076,0.062,2.871,7.1,77.22,0,16.62,10.37,2.56,생활하수/처리수 영향
JT-14,0.651462597,21.8,7.8,8.5,3,1.485,3.625826204,224,1.657,1.638,0.779,0.092,0.112,0.075,0.059,1.640588779,9.3,0.010983441,0,14.362,7.33,0.67,토양-질소 기원
JT-15,9.90E-05,21.5,7.5,10.4,1.4,1.485,2.380247005,353,2.349,2.343,1.609,0.07,0.126,0.101,0.1,0.441953841,5.2,37.89375346,0,25.551,10.09,3.36,생활하수/처리수 영향
JT-16,0.383750786,21.8,7.7,9.5,2.1,1.485,2.153710228,210,1.756,1.749,1.009,0.064,0.096,0.071,0.057,2.871,6.8,14.1317071,0,15.889,6.87,2.88,토양-질소 기원
JT-17,0.001320736,22.3,7.6,9.5,2.1,1.485,1.170437127,211,1.294,1.263,0.663,0.063,0.07,0.043,0.03,0.614710548,6.9,0.111640111,0,13.711,8.65,3.65,생활하수/처리수 영향
JT-18,0.000102422,20.4,7.3,9,1.6,1.485,0.369389918,183,0.966,0.915,0.465,0.133,0.085,0.044,0.03,1.135908696,4.7,0.04675918,0,11.173,8.29,2.42,생활하수/처리수 영향
JT-19,0.01517996,21.4,7.4,9.3,0.8,1.485,3.663,180,0.738,0.736,0.503,0.029,0.043,0.03,0.026,0.96732012,2.6,77.22,0,11.148,20.6,12.24,생활하수/처리수 영향
JT-20,0.000496348,20.5,7.6,10.6,1.3,1.485,0.493721058,310,4.723,4.614,3.56,0.074,0.031,0.019,0.01,2.871,4.6,0.253902145,0,17.578,13.4,5.52,생활하수/처리수 영향
JT-21,0.000432017,23.4,7.5,9.1,3,1.245167992,0.847157304,142,1.487,1.402,0.704,0.028,0.133,0.083,0.069,0.076566495,7.8,77.22,0,20.558,11.74,7.73,생활하수/처리수 영향
JT-22,0.00050889,19,7.6,8.9,1.9,1.222141766,0.735551784,270,2.912,2.894,2.127,0.045,0.134,0.115,0.113,2.871,3.6,3.027149504,0,8.558,9.14,5.08,생활하수/처리수 영향
JT-23,0.000143529,23.6,7.3,8.8,1.6,1.485,3.663,374,2.012,1.978,1.153,0.218,0.091,0.066,0.064,1.880831083,4.8,0.262173181,0,47.512,15.37,1.66,생활하수/처리수 영향
JT-24,4.56E-05,22.5,7,5.1,2.3,1.485,0.079076752,340,1.878,1.863,0.878,0.138,0.088,0.054,0.038,0.21593784,8.4,31.30901929,0,28.628,12.32,6.76,생활하수/처리수 영향
JT-25,0.016581807,22.6,7.2,9.7,2,1.485,1.945132154,343,2.074,2.05,1.197,0.059,0.062,0.03,0.017,0.146331191,6.1,1.186775691,0,38.333,11.39,3.79,생활하수/처리수 영향
JT-26,0.066061178,24.6,7.7,9.4,2.9,1.485,1.31987845,329,1.851,1.812,0.748,0.127,0.093,0.056,0.039,2.871,10.3,1.039171778,0,33.009,9.73,4.38,생활하수/처리수 영향
JT-27,0.001510384,23.5,9.2,17.2,5.3,1.485,0.196781302,210,0.927,0.757,0.204,0.034,0.105,0.045,0.016,0.311804978,10.6,1.21545081,0,17.062,8.11,16.69,생활하수/처리수 영향
JT-28,0.000400039,23.4,7.5,8.1,3.5,1.485,0.139762664,392,13.611,13.512,8.467,2.458,1.546,1.519,1.513,2.871,9.8,0.362078901,0,25.379,18.62,5.32,생활하수/처리수 영향
JT-29,0.001412622,23.8,7.9,9.7,4.2,1.485,3.663,317,2.687,2.678,1.372,0.188,0.264,0.221,0.195,0.944391949,10,0.120852094,0,24.993,8.82,10.71,생활하수/처리수 영향
JT-30,6.06E-06,23.6,7.8,9.8,3.8,1.485,0.271817964,131,2.764,2.65,1.259,0.22,0.259,0.212,0.195,0.316306306,10.2,34.0700856,0,25.249,8.49,10.9,생활하수/처리수 영향
JT-1,0.000541449,19.8,7.6,7.4,1.9,1.485,3.663,190,1.459,1.447,0.67,0.08,0.058,0.051,0.023,2.684229968,7.1,3.441814833,0,15.473,8.46,4.1,생활하수/처리수 영향
JT-2,0.000885036,20.5,7.3,7.1,3.5,1.485,0.720199589,255,1.92,1.839,0.608,0.266,0.132,0.113,0.086,0.621330518,9.8,0.96545518,0,20.013,8.24,3.54,생활하수/처리수 영향
JT-3,0.221875616,21.8,7.1,5.9,1.7,1.485,0.275265357,184,1.37,1.339,0.724,0.125,0.042,0.03,0.013,0.585506903,5.7,3.228357837,0,15.353,9.6,1.56,생활하수/처리수 영향
JT-4,0.002267487,21.3,7.2,6.7,2.8,1.485,1.804503119,218,1.677,1.649,0.75,0.179,0.122,0.097,0.078,0.627998773,7,0.017530556,0,17.273,10.07,4.66,생활하수/처리수 영향
JT-5,0.008010993,21.6,7.1,5,4.1,1.485,0.498393214,304,3.005,2.889,0.921,0.856,0.093,0.077,0.047,0.365427524,9,1.289756129,0,27.676,8.36,2.24,생활하수/처리수 영향
JT-6,0.002814491,20.6,7.1,6.2,3.2,1.485,0.473036523,293,2.193,2.159,0.81,0.271,0.114,0.092,0.068,0.223730384,11.4,2.063908782,0,21.429,6.14,3.04,토양-질소 기원
JT-7,0.002725046,21.5,7.3,6.9,2.8,1.485,0.503093378,262,1.94,1.938,0.685,0.232,0.118,0.093,0.066,2.787602437,8.8,5.077159168,0,20.304,6.65,1.86,토양-질소 기원
JT-8,0.000389838,20,7.3,6,3.3,1.413744997,0.31251954,203,2.364,2.316,1.265,0.296,0.189,0.167,0.164,1.000186611,5.4,16.98551602,0,11.643,6.01,3.06,토양-질소 기원
JT-9,0.001291353,21.7,7.4,6.7,2.2,1.485,0.203011927,295,2.667,2.644,1.333,0.211,0.189,0.164,0.152,0.566557621,9.1,6.243391994,0,17.418,5.37,12.31,토양-질소 기원
JT-10,0.008361602,20.8,7.3,6,3.3,1.174291577,1.865467765,140,2.5,2.452,1.044,0.692,0.486,0.458,0.457,0.971960002,6.7,6.053416486,0,8.597,12.46,2.74,생활하수/처리수 영향
JT-11,0.002147522,21.4,7.5,7,3.9,1.485,0.757482236,237,2.532,2.438,0.967,0.414,0.092,0.069,0.049,0.094369238,10.2,0.941886705,0,16.884,9.79,-1.74,생활하수/처리수 영향
JT-12,6.98E-05,22,7,6.2,1.7,1.485,0.459548604,182,1.763,1.758,0.73,0.227,0.127,0.104,0.091,0.644883498,7.4,2.962680757,0,12.272,10.71,-0.01,생활하수/처리수 영향
JT-13,0.002218756,21.3,7.5,6.7,4,1.373737442,0.738653172,211,1.954,1.949,0.846,0.205,0.147,0.118,0.103,0.795749256,10.8,17.69612203,0,14.521,9.04,2.02,생활하수/처리수 영향
JT-14,0.010367705,20.7,7.7,9,6.3,0.920604545,0.095034424,196,2.582,2.536,1.242,0.265,0.264,0.214,0.204,1.190064134,12,4.819849376,0,12.587,5.04,2.23,토양-질소 기원
JT-15,0.014687264,20.3,7.5,9,3.8,0.759622905,0.514967925,326,2.767,2.761,1.549,0.179,0.183,0.165,0.143,2.042057007,10.8,0.181549419,0,25.695,9.36,3.16,생활하수/처리수 영향
JT-16,0.000521704,20.7,7.6,8.6,9.4,0.944437082,0.619519305,291,3.936,3.922,1.444,0.648,0.58,0.541,0.514,1.305334993,15.9,4.972710514,0,27.063,7.46,1.8,토양-질소 기원
JT-17,6.85E-05,21.4,7.5,8.2,3.1,1.485,0.882570457,193,1.717,1.711,0.844,0.215,0.098,0.096,0.071,1.287423883,7.9,21.73882227,0,13.297,7.65,3.1,토양-질소 기원
JT-18,0.279552736,19.5,7.6,9.6,1.8,1.485,1.418862925,156,1.011,1.009,0.578,0.069,0.075,0.066,0.053,0.560331332,6.5,30.3360394,0,9.971,5.87,4.11,토양-질소 기원
JT-19,1.83E-05,20.9,7.6,8.6,1.4,1.426829035,0.957313661,175,2.14,2.129,1.354,0.146,0.044,0.036,0.025,0.93534561,4.2,1.244718566,0,11.821,11.16,3.67,생활하수/처리수 영향
JT-20,0.026323481,19.8,7.7,9.8,3.1,1.485,0.945753929,274,2.046,1.995,1.252,0.023,0.099,0.078,0.064,2.079822989,8.3,0.178390561,0,19.154,5.93,4.64,토양-질소 기원
JT-21,6.82E-06,21.4,7.4,8.6,3.5,0.62287489,0.455104979,123,2.127,1.996,1.111,0.272,0.528,0.498,0.493,1.162709037,7.7,77.22,0,7.331,8.89,6.2,생활하수/처리수 영향
JT-22,4.02E-05,20.3,7.8,8.1,4.3,1.485,0.714130032,162,3.013,2.981,1.818,0.377,0.197,0.195,0.187,0.268379838,5.7,0.050579448,0,5.534,4.92,1.2,토양-질소 기원
JT-23,0.005173932,21.2,7.4,6.9,6.7,1.485,1.441910394,177,2.418,2.2,0.643,1.041,0.119,0.1,0.073,1.179054591,9.7,53.01668416,0,16.61,4.76,10.34,토양-질소 기원
JT-24,0.051953293,21.6,7.3,7.5,3.1,1.485,0.864707382,264,1.673,1.663,0.81,0.099,0.122,0.101,0.084,2.280239144,8.8,0.019628866,0,21.36,7.36,3.3,토양-질소 기원
JT-25,0.044273874,21.8,7.5,8.8,4.8,1.485,0.238235946,274,2.159,2.117,0.947,0.447,0.097,0.08,0.059,2.646606628,7.9,0.10722553,0,28.828,9.2,2.54,생활하수/처리수 영향
JT-26,0.015013805,22.6,7.4,8.5,5.7,1.485,0.875387171,302,2.777,2.69,1.318,0.276,0.125,0.088,0.068,0.634715745,12.7,11.17935178,0,30.748,9.57,5.43,생활하수/처리수 영향
JT-27,0.02243566,21,8.1,9.1,4.4,0.840796418,1.563397463,144,1.896,1.597,1.055,0.06,0.478,0.16,0.151,0.26628179,7,77.22,0,7.168,8.65,6.09,생활하수/처리수 영향
JT-28,0.32085893,21.9,7.5,8.2,4.7,1.485,1.782244611,249,2.696,2.637,1.26,0.285,0.239,0.209,0.199,2.871,10,77.22,0,21.027,9.37,4.53,생활하수/처리수 영향
JT-29,0.001477121,22.3,7.4,5.3,3.2,1.485,0.507821793,284,2.46,2.424,1.306,0.138,0.161,0.145,0.133,0.151560852,7.8,30.98105113,0,21.863,9.73,7.53,생활하수/처리수 영향
JT-30,0.000948928,22,7.7,7,4.2,1.485,0.236597583,271,2.319,2.284,0.923,0.31,0.232,0.207,0.188,2.871,9.2,45.49952457,0,21.071,7.8,6.89,토양-질소 기원
JT-1,2.75E-05,23.6,7.8,7.5,0.9,1.296933126,3.663,127,0.972,0.97,0.643,0.023,0.034,0.018,0.003,0.099262225,3.7,77.22,0,6.679,6.5,2.19,토양-질소 기원
JT-2,0.57531012,23.6,7.7,6.9,3.2,0.895544379,0.144145285,267,2.537,2.4,0.813,0.34,0.218,0.139,0.118,0.212077321,12.4,3.369256884,0,18.521,8.69,-0.03,생활하수/처리수 영향
JT-3,0.000351207,20.3,7.1,5.7,0.3,1.485,2.219668724,296,7.012,7.004,5.713,0.068,0.052,0.032,0.024,1.693723264,3.7,2.206251497,0,25.846,12.03,1.23,생활하수/처리수 영향
JT-4,0.000724363,22.7,7.5,7.1,1.1,1.485,0.099353796,255,4.756,4.719,3.398,0.123,0.129,0.097,0.089,2.871,8,0.074473234,0,17.657,13.6,4.02,생활하수/처리수 영향
JT-5,0.004701286,23.5,7.6,6.6,1.1,1.485,0.193684568,265,2.967,2.962,1.772,0.168,0.08,0.06,0.042,2.871,8.1,77.22,0,19.343,11.63,1.73,생활하수/처리수 영향
JT-6,0.013602384,22.7,7.5,5.8,1.8,1.105908444,1.203704368,286,2.35,2.324,1.132,0.237,0.108,0.072,0.058,2.671621216,8.9,0.85238619,0,18.594,9.3,0.48,생활하수/처리수 영향
JT-7,0.261365915,23.9,7.6,6.7,2.7,1.485,2.699153394,201,2.064,2.062,0.897,0.213,0.135,0.101,0.085,2.871,8.8,1.703904511,0,13.614,8.85,-0.12,생활하수/처리수 영향
JT-8,0.001166402,23,7.8,6.8,0.6,1.353268895,1.797047822,277,2.26,2.143,1.599,0.044,0.106,0.083,0.08,2.871,3,10.20023454,0,13.83,10.48,2.53,생활하수/처리수 영향
JT-9,0.000182799,25.9,7.5,6,1.6,1.485,2.090165664,234,2.437,2.401,1.484,0.118,0.202,0.127,0.127,0.990703355,6.4,28.18856325,0,12.12,7.95,5.08,토양-질소 기원
JT-10,0.000124582,24.6,7.3,5,1.8,1.485,3.663,135,1.663,1.658,0.757,0.317,0.334,0.285,0.282,0.819835951,5.5,77.22,0,7.358,11.6,0.25,생활하수/처리수 영향
JT-11,0.000275892,24.9,7.7,7.1,1.9,1.485,0.751163506,201,2.358,2.341,1.002,0.322,0.166,0.112,0.106,0.180183688,7.4,2.687804638,0,12.045,8.97,-1.52,생활하수/처리수 영향
JT-12,0.005119157,25.6,7.7,6.8,1,1.485,0.635978256,170,1.683,1.657,0.85,0.074,0.16,0.111,0.108,2.871,6.1,0.456351676,0,10.104,11.03,0.3,생활하수/처리수 영향
JT-13,0.000777826,27.9,7.8,9.1,1.2,1.485,0.167826309,199,1.779,1.774,1.034,0.033,0.128,0.094,0.089,0.535866516,6,0.316209271,0,11.817,10.63,0.98,생활하수/처리수 영향
JT-14,0.062759737,25,8.3,8.2,1.6,1.485,3.663,156,2.157,2.154,1.259,0.087,0.075,0.04,0.026,0.730390866,6.1,0.676614925,0,9.132,5.87,3.41,토양-질소 기원
JT-15,0.004602238,23.8,7.9,9.9,0.8,1.485,0.437586264,319,4.195,4.181,3.108,0.05,0.119,0.084,0.083,1.625713627,4.5,11.0660868,0,19.833,8.49,1.42,생활하수/처리수 영향
JT-16,0.84447,24.2,7.9,9.3,1.2,1.485,0.574548786,252,3.047,3.032,2.065,0.057,0.12,0.085,0.081,2.56113483,5.3,1.824043507,0,16.037,8.49,2.59,생활하수/처리수 영향
JT-17,0.03608681,25.3,7.6,8.7,1,1.485,1.16110072,268,2.843,2.824,1.854,0.049,0.09,0.066,0.056,2.871,5.1,77.22,0,15.884,9.51,2.36,생활하수/처리수 영향
JT-18,0.002526845,21.6,7.5,10.2,0.7,1.366951048,1.731535216,183,2.101,2.058,1.378,0.076,0.056,0.034,0.024,0.895497812,3.3,9.99452429,0,11.973,8.14,1.27,생활하수/처리수 영향
JT-19,0.000959972,21.5,7.6,9.9,0.5,1.485,3.46334724,189,4.378,4.301,3.232,0.03,0.051,0.027,0.021,0.405261711,2.9,77.22,0,11.101,9.4,1.16,생활하수/처리수 영향
JT-20,0.248673951,20.8,7.8,10.3,0.6,1.485,0.68730906,197,3.29,3.287,2.367,0.031,0.06,0.033,0.029,0.343951807,3.6,71.69653629,0,12.612,9.01,2.7,생활하수/처리수 영향
JT-21,0.462866424,25.6,7.5,7.7,1.4,1.485,0.342284652,193,2.123,2.119,1.221,0.059,0.162,0.114,0.111,0.483295155,5.8,5.631477522,0,12.163,8.83,1.54,생활하수/처리수 영향
JT-22,0.000295311,19.5,7.4,9.9,0.8,1.485,0.296311604,163,2.399,2.333,1.632,0.076,0.088,0.066,0.056,1.686028948,2.3,2.230811172,0,6.438,5.49,-0.53,토양-질소 기원
JT-23,2.32E-05,24.6,7.3,8.7,1.3,1.485,0.399606634,379,3.307,3.261,1.361,1.009,0.106,0.075,0.074,0.752983902,3.8,77.22,0,46.651,13.21,-0.79,생활하수/처리수 영향
JT-24,0.00818437,23.8,7.1,5.6,2.8,1.485,1.198894886,281,3.76,3.653,1.415,0.568,0.128,0.099,0.089,2.871,7.3,0.722112937,0,19.693,6.83,1.16,토양-질소 기원
JT-25,0.015518162,24.9,7.3,8.7,2.5,1.19052971,0.590147021,293,2.748,2.717,1.209,0.322,0.113,0.085,0.076,1.610971598,6.6,0.063259577,0,26.856,7.83,-0.26,토양-질소 기원
JT-26,0.033219054,26.3,7.6,8.2,3.2,1.21434066,3.07771951,265,2.792,2.651,1.216,0.305,0.14,0.099,0.09,2.871,8.4,17.33707666,0,21.811,9.37,1.68,생활하수/처리수 영향
JT-27,0.021443071,29.3,10.3,15.9,4.1,1.304127454,1.151837688,210,1.257,1.225,0.485,0.023,0.126,0.071,0.051,2.871,8,31.97611094,0,11.71,10.02,4.44,생활하수/처리수 영향
JT-28,0.017333978,26.5,7.7,8.5,2.2,1.485,3.663,260,4.54,4.454,2.706,0.132,0.646,0.562,0.561,1.246498126,6.8,66.23548358,0,14.316,14,3.42,생활하수/처리수 영향
JT-29,0.048236086,26,7.8,7.7,1.6,1.485,2.499335586,199,2.402,2.269,1.481,0.052,0.164,0.137,0.129,0.823904048,5.9,43.57165729,0,12.844,8.83,2.42,생활하수/처리수 영향
JT-30,0.024856509,25.7,7.9,7.2,2.5,1.485,0.919267255,198,2.534,2.509,1.274,0.144,0.209,0.163,0.159,2.871,7.2,35.54734557,0,12.569,8.04,1.49,생활하수/처리수 영향
JT_1,0.003001958,22.9,7.9,8.6,0.7,1.485,0.638752267,145,0.968,0.961,0.67,0.029,0.052,0.04,0.033,0.497564905,3.7,77.22,0,7.972,9.93,5,생활하수/처리수 영향
JT_2,0.000320103,23.8,7.8,8.3,1.6,1.485,3.663,202,1.488,1.486,0.673,0.187,0.254,0.197,0.194,0.167504343,6.6,50.18632202,0,11.195,9.41,4.39,생활하수/처리수 영향
JT_3,0.000490178,23.6,7.5,8.8,1.1,0.552712798,0.409962872,174,2.031,2.026,1.43,0.044,0.049,0.034,0.019,2.060848068,5.8,6.640722212,0,10.713,10.3,4.17,생활하수/처리수 영향
JT_4,0.013308232,23.5,7.6,7.6,1.6,1.485,0.157396801,226,5.634,5.625,4.632,0.172,0.204,0.152,0.148,2.709652905,7.1,0.780014319,0,12.4,18.54,9.89,생활하수/처리수 영향
JT_5,0.563744625,24.1,7.6,7.8,1.2,1.260224089,1.43033693,230,1.72,1.718,1.018,0.066,0.094,0.064,0.052,2.871,7.2,1.172656904,0,15.544,10.76,5.19,생활하수/처리수 영향
JT_6,0.103941745,23.5,7.7,7.2,1.6,1.485,1.819522354,246,2.474,2.443,0.744,0.808,0.212,0.154,0.152,2.871,8.9,27.60504707,0,12.019,9.33,4.15,생활하수/처리수 영향
JT_7,0.042689087,24.1,7.7,8.3,1,1.485,2.422686682,229,1.267,1.264,0.6,0.065,0.076,0.051,0.04,2.841012136,6.8,77.22,0,14.491,10.82,5.62,생활하수/처리수 영향
JT_8,0.051311817,23,7.8,7.5,1.3,1.485,2.054889068,174,1.124,1.099,0.624,0.057,0.068,0.04,0.031,2.871,5.5,77.22,0,8.814,8.47,6.23,생활하수/처리수 영향
JT_9,3.54E-06,24.3,7.9,8,1.8,1.485,1.896859094,178,1.396,1.384,0.717,0.12,0.162,0.12,0.115,2.871,5.9,77.22,0,9.002,7.6,6.13,토양-질소 기원
JT_10,0.00371859,25,7.5,7.1,1.8,1.485,2.787597673,141,2.062,2.038,0.864,0.551,0.472,0.424,0.418,1.341845537,4.9,77.22,0,7.517,12.87,4.98,생활하수/처리수 영향
JT_11,0.774404589,24.7,7.8,8.5,1.4,1.360128509,2.172303407,191,1.539,1.538,0.886,0.076,0.127,0.096,0.09,0.515023729,6.2,0.010472844,0,9.924,9.27,2.99,생활하수/처리수 영향
JT_12,0.00079641,24.8,7.6,7.7,1.3,1.485,0.980818429,161,1.36,1.356,0.738,0.117,0.187,0.148,0.146,0.618014524,5.5,8.150269469,0,8.532,12.1,2.71,생활하수/처리수 영향
JT_13,0.000674179,24,7.9,8.1,1.3,1.485,0.422584998,260,1.496,1.464,0.84,0.091,0.172,0.134,0.132,2.53729271,5.8,77.22,0,9.068,10.65,5.39,생활하수/처리수 영향
JT_14,0.018325962,22.8,7.9,8.1,1.6,1.485,0.49605365,269,2.394,2.385,1.668,0.111,0.104,0.069,0.06,2.871,5.6,1.86571982,0,11.978,10.83,5.71,생활하수/처리수 영향
JT_15,0.046490969,23.2,7.1,9.1,0.8,1.485,1.717353781,335,5.012,4.992,4.32,0.052,0.15,0.117,0.116,2.871,4.3,1.59078348,0,17.31,8.38,2.78,생활하수/처리수 영향
JT_16,0.000253998,21.9,7.9,9.1,0.8,1.485,2.662395936,328,3.906,3.9,3.181,0.058,0.135,0.1,0.099,2.871,4.7,37.49138306,0,18.459,9.62,3.21,생활하수/처리수 영향
JT_17,0.001052582,23,8,8,0.8,1.485,2.853174533,267,3.006,3.003,2.343,0.053,0.083,0.06,0.055,0.074954039,4.1,77.22,0,13.07,8.58,4.52,생활하수/처리수 영향
JT_18,0.14430069,21.7,7.9,9,0.8,1.387205361,0.077610578,218,1.417,1.388,1.035,0.051,0.049,0.027,0.021,1.470541005,3.5,0.6251494,0,12.738,9.28,4.37,생활하수/처리수 영향
JT_19,5.13E-06,23.3,7.3,9,0.7,1.485,1.063070324,202,2.677,2.657,2.063,0.064,0.05,0.025,0.021,2.871,3.4,2.43630858,0,10.543,9.63,2.52,생활하수/처리수 영향
JT_20,4.11E-05,22.4,7.4,8.5,0.7,1.485,3.663,251,3.36,3.347,2.687,0.042,0.084,0.055,0.054,0.760628378,4,0.014946598,0,14.197,10.13,4.81,생활하수/처리수 영향
JT_21,3.23E-05,24.3,7.3,7.1,1.5,1.452653466,0.595411904,240,2.607,2.488,1.603,0.212,0.221,0.174,0.171,0.708297598,5.3,0.109417136,0,15.553,10.55,5.09,생활하수/처리수 영향
JT_22,2.14E-06,21.5,7.6,8.5,1.3,1.485,0.559239167,101,3.631,3.54,2.616,0.324,0.139,0.108,0.105,2.871,3.1,0.086966876,0,8.557,6.12,2.84,토양-질소 기원
JT_23,4.29E-05,24.9,7.1,7.2,1.4,1.485,1.936985644,341,2.778,2.745,1.735,0.31,0.221,0.189,0.188,2.871,3.8,0.006465643,0,43.783,11.28,-0.29,생활하수/처리수 영향
JT_24,0.000854561,24.2,7.1,7.3,1.7,1.485,2.749224268,242,1.439,1.392,0.77,0.095,0.124,0.098,0.09,0.466498532,5.4,0.113894772,0,16.861,10.1,5.9,생활하수/처리수 영향
JT_25,0.001968006,24.6,7.4,7.8,2.2,1.485,0.387369044,279,1.937,1.872,1.001,0.241,0.139,0.106,0.104,0.857013816,5.7,1.995860646,0,28.504,9.57,2.78,생활하수/처리수 영향
JT_26,0.009718302,25,7.8,8.4,3.5,0.908240275,0.661268952,254,2.447,2.354,0.991,0.493,0.143,0.112,0.106,0.087875065,6.8,4.433638746,0,21.988,8.73,3.55,생활하수/처리수 영향
JT_27,2.27E-06,23.5,7.7,9.5,2.5,1.289691534,0.089259397,270,1.911,1.878,0.973,0.225,0.096,0.048,0.03,0.214004628,5,20.43419695,0,12.812,10.65,6.92,생활하수/처리수 영향
JT_28,0.053263746,24.9,7.7,8,2,1.485,0.19523141,224,2.219,2.186,1.264,0.136,0.206,0.161,0.159,0.193121612,5.8,0.006860245,0,13.928,11.23,4.34,생활하수/처리수 영향
JT_29,0.004457538,25.4,8,8.4,1.6,1.485,0.178377546,230,2.121,2.044,1.364,0.076,0.166,0.136,0.133,0.06041485,5.3,77.22,0,13.734,9.98,6.69,생활하수/처리수 영향
JT_30,0.080355964,24.8,8.1,8.9,4.7,1.485,0.06420581,172,1.848,1.764,0.911,0.256,0.204,0.164,0.159,0.217876988,7.6,9.693655704,0,9.568,6.4,10.32,토양-질소 기원
JT_23B ,0.028871886,25.7,7.1,8.4,0.099,1.087805873,0.198334273,389,4.138,4.131,2.597,0.742,0.291,0.29,0.283,0.783909623,3.7,77.22,0,52.849,11.83,0.92,생활하수/처리수 영향
JT_1,0.30453692,27.4,7.8,7.8,1.2,1.485,0.611407071,110,0.968,0.959,0.782,0.023,0.046,0.023,0.014,1.120088823,2.4,57.91758337,0,6.977,8.12,2.58,생활하수/처리수 영향
JT_2,0.000568783,27.8,7.6,7.1,1.8,1.485,0.836774322,185,1.286,1.194,0.682,0.147,0.19,0.099,0.099,2.218004461,4.8,77.22,0,10.912,8.51,1.58,생활하수/처리수 영향
JT_3,0.030601796,26.6,7.4,7.4,1.4,1.275060995,1.525815859,198,4.242,4.063,3.85,0.054,0.07,0.036,0.023,0.062036495,4,1.351987569,0,12.38,11.4,3.08,생활하수/처리수 영향
JT_4,0.106867743,26.6,7.7,7.7,2,1.485,0.065718748,150,2.46,1.762,1.381,0.105,0.124,0.073,0.062,2.871,5.1,61.23366752,0,9.282,14.1,5.13,생활하수/처리수 영향
JT_5,0.289230696,27.9,7.5,7.1,1.8,1.166055201,2.893527267,182,2.46,2.321,2,0.057,0.112,0.064,0.052,1.58910475,4.1,77.22,0,15.938,10.97,2.02,생활하수/처리수 영향
JT_6,0.061964204,27.4,7.6,7.4,2.3,1.484340842,1.138078948,194,1.391,1.305,0.848,0.116,0.13,0.077,0.064,2.871,5.3,77.22,0,9.334,10.22,2.62,생활하수/처리수 영향
JT_7,0.165022032,27.5,7.6,7.3,1.9,1.433327109,3.377577683,151,1.241,1.132,0.878,0.059,0.109,0.046,0.037,2.871,3.6,77.22,0,9.509,10.01,4.11,생활하수/처리수 영향
JT_8,0.116246119,28.2,7.8,7.7,1.9,1.485,2.298181452,164,1.711,1.58,1.335,0.049,0.104,0.054,0.044,2.871,3.6,77.22,0,9.183,8.14,2.84,생활하수/처리수 영향
JT_9,0.010256416,30,7.8,9.3,2.3,1.485,3.663,198,1.658,1.489,1.22,0.063,0.128,0.047,0.037,0.658615111,3.7,77.22,0,11.185,8.5,6.6,생활하수/처리수 영향
JT_10,0.069563722,26,7.7,7.9,1.5,1.439796781,0.524597298,111,2.002,1.824,1.368,0.244,0.303,0.228,0.228,2.871,3.5,21.51550483,0,7.216,8.77,1.21,생활하수/처리수 영향
JT_11,0.030246873,27.4,7.5,8.6,1.7,0.435685673,2.34904122,194,1.488,1.326,1.115,0.033,0.124,0.061,0.048,2.871,4.5,77.22,0,10.451,10.33,2.45,생활하수/처리수 영향
JT_12,1.64E-06,27.7,7.9,8.6,2.3,1.157736677,3.663,135,1.319,1.169,0.934,0.022,0.151,0.082,0.07,2.871,4.8,60.55398732,0,8.115,10.39,2.55,생활하수/처리수 영향
JT_13,0.0056338,28.3,8,9.4,3.9,1.485,3.663,173,1.371,1.257,1.007,0.02,0.133,0.067,0.055,2.871,4.3,0.005008282,0,9.677,10.4,4.68,생활하수/처리수 영향
JT_14,0.84447,26.2,7.4,9.6,4.1,1.485,3.062985916,329,2.264,2.063,1.798,0.063,0.101,0.039,0.026,2.871,5.1,12.12828747,0,12.034,6.91,3.44,토양-질소 기원
JT_15,0.040674222,24.1,7.5,10.5,2.9,0.999685787,3.663,295,4.548,4.192,4.104,0.056,0.189,0.096,0.087,2.269735677,3.7,77.22,0,14.944,9,1.06,생활하수/처리수 영향
JT_16,0.002292233,25.4,7.6,10,4.3,1.465404007,1.557063519,254,2.915,2.723,2.55,0.052,0.132,0.071,0.063,2.871,4.7,77.22,0,16.212,8.6,3.58,생활하수/처리수 영향
JT_17,0.000105884,26.6,7.5,8.9,3,1.485,3.199220719,249,2.775,2.521,2.457,0.03,0.093,0.043,0.031,2.871,3.6,5.130161281,0,13.281,9.1,3.73,생활하수/처리수 영향
JT_18,0.001262571,29.4,7.1,9.8,2.9,1.485,2.338755538,224,1.346,1.221,1.012,0.082,0.064,0.023,0.012,0.053894874,3.3,0.270647489,0,15.078,13.51,5.25,생활하수/처리수 영향
JT_19,1.02E-06,24.2,7.1,8.4,1.7,1.318379546,0.058071749,213,2.519,2.298,2.227,0.015,0.072,0.032,0.024,1.756559891,2.3,2.89947082,0,12.508,13.92,6.32,생활하수/처리수 영향
JT_20,0.180836266,25.9,8,10,3.1,1.485,1.242884109,184,1.742,1.59,1.423,0.022,0.071,0.032,0.021,2.871,3.6,0.003172776,0,12.221,11.42,5.31,생활하수/처리수 영향
JT_21,0.160124196,28.5,7.7,8.6,3.2,1.420301892,3.663,185,2.356,2.077,1.906,0.027,0.173,0.093,0.081,2.871,4.2,77.22,0,11.901,9.9,3.97,생활하수/처리수 영향
JT_22,0.000895409,24.1,7.8,9.4,1.9,1.05012215,2.614412426,127,1.8,1.594,1.382,0.147,0.148,0.101,0.09,1.195603013,2.5,77.22,0,8.42,5.54,0.58,토양-질소 기원
JT_23,0.019597529,28.3,7.8,9,3.1,1.485,0.886181318,390,2.825,2.575,2.083,0.236,0.075,0.037,0.024,0.32083755,3.7,2.087046829,0,55.61,16.44,2.05,생활하수/처리수 영향
JT_24,6.60E-05,28.5,7.7,9.1,4.6,1.010113168,0.278729687,230,1.986,1.707,1.484,0.015,0.122,0.057,0.041,0.926369616,5.4,39.97672199,0,17.491,9.52,4.9,생활하수/처리수 영향
JT_25,0.003798836,28.6,7.8,10.7,3,1.485,0.708100665,290,1.915,1.651,1.401,0.016,0.088,0.031,0.017,0.043944599,4,0.17219432,0,27.504,10.83,4.2,생활하수/처리수 영향
JT_26,0.001350734,29.8,8.8,10.1,4.5,1.485,0.048531422,251,2.142,1.737,1.397,0.019,0.116,0.036,0.017,2.871,5.4,8.318471284,0,21.869,10.9,3.74,생활하수/처리수 영향
JT_27,0.18364666,26.7,7.9,7.4,2.9,1.485,0.622240623,157,0.745,0.603,0.328,0.061,0.077,0.027,0.017,0.799725745,4.9,3.092901725,0,7.997,9.62,4.82,생활하수/처리수 영향
JT_28,0.000590065,28.4,8.1,8.7,2.7,1.485,1.986487159,185,1.557,1.328,1.005,0.04,0.172,0.106,0.09,2.871,4.5,77.22,0,11.158,10.89,3.7,생활하수/처리수 영향
JT_29,0.00080585,28.5,7.8,10.2,2.8,1.485,0.233331966,168,2.169,1.969,1.706,0.021,0.12,0.069,0.051,0.262105876,3.4,1.400349451,0,10.475,9.49,5.62,생활하수/처리수 영향
JT_30,0.007675445,28.1,7.8,9.9,2.7,1.485,1.071642313,156,2.426,2.168,1.678,0.111,0.281,0.214,0.209,1.484033892,3.8,1.886872405,0,10.001,7.11,8.87,토양-질소 기원
JT_4B ,0.587179964,27.2,7.6,7.2,0.099,1.485,0.726309711,145,1.264,1.13,0.687,0.109,0.089,0.06,0.042,0.953509325,5.1,16.30417599,0,8.278,8.42,1.95,생활하수/처리수 영향
JT_1,0.003377556,24.3,8,8,0.9,1.485,0.531896332,113,0.779,0.773,0.726,0.02,0.037,0.036,0.025,0.669046745,1.9,77.22,0,7.213,8.46,2.59,생활하수/처리수 영향
JT_2,0.000202484,24.7,7.1,6.7,0.8,1.485,0.598056784,290,2.307,2.295,1.989,0.077,0.049,0.04,0.028,0.764472187,3.1,7.433634796,0,21.114,11.85,3.67,생활하수/처리수 영향
JT_3,0.026936581,24.9,7.4,6.4,1,1.485,1.396208453,131,1.118,1.109,0.865,0.052,0.05,0.05,0.025,2.005016978,4.9,0.503264652,0,8.43,10.68,3.05,생활하수/처리수 영향
JT_4,0.000247027,24.8,7.5,7.2,1,1.485,3.663,166,4.023,3.768,3.472,0.054,0.118,0.113,0.104,2.871,4,54.19755434,0,10.342,11.47,3.8,생활하수/처리수 영향
JT_5,0.490537841,25.4,7.4,6.3,1,0.740851107,1.025291754,184,1.468,1.461,1.322,0.056,0.087,0.075,0.062,1.411254299,4.4,0.608723069,0,11.295,10.35,2.35,생활하수/처리수 영향
JT_6,0.005694096,24.2,7.8,7.2,1.2,1.485,0.355709174,143,1.853,1.775,1.408,0.047,0.071,0.063,0.039,0.42338638,4.8,77.22,0,8.094,7.35,0.98,토양-질소 기원
JT_7,0.00055497,25.3,7.6,7.4,1.1,1.096914119,2.238976247,165,1.488,1.466,1.157,0.036,0.099,0.076,0.067,2.871,3.9,12.25245417,0,9.988,10.28,2.92,생활하수/처리수 영향
JT_8,0.014368247,25.7,7.9,7.4,1.2,1.485,0.383335018,154,2.324,2.224,1.874,0.036,0.08,0.056,0.036,0.46097749,4,1.320555307,0,7.771,7.79,1.31,토양-질소 기원
JT_9,0.021933277,26.5,7.7,8.2,1.4,1.485,3.663,172,1.811,1.722,1.396,0.082,0.173,0.13,0.13,2.871,4,29.70529376,0,9.297,9.23,3.66,생활하수/처리수 영향
JT_10,0.003880781,25.2,7.8,7.5,1.1,0.955947863,1.24787125,111,0.798,0.798,0.623,0.034,0.078,0.072,0.063,1.764577997,3.1,44.52423714,0,7.343,10.02,1.97,생활하수/처리수 영향
JT_11,0.009614242,26.1,7.6,7.5,1.2,1.485,0.51976805,170,1.155,1.155,0.88,0.061,0.087,0.087,0.086,0.651724174,3.4,8.490077519,0,9.129,10.18,1.88,생활하수/처리수 영향
JT_12,0.047646289,25.5,7.6,6.8,1.4,1.485,1.767582928,139,0.957,0.957,0.715,0.058,0.102,0.102,0.099,2.621859295,3.4,20.22480003,0,8.073,10.24,1.43,생활하수/처리수 영향
JT_13,0.000177468,26.8,7.9,7.9,1.3,1.485,2.072435459,159,1.07,1.07,0.795,0.022,0.095,0.095,0.089,2.871,3.3,77.22,0,8.977,10.66,1.73,생활하수/처리수 영향
JT_14,0.006266877,25.2,7.3,8,1.7,0.882487886,1.080280077,255,3.528,3.528,2.986,0.088,0.075,0.075,0.068,1.49764531,3.7,0.443609858,0,13.465,8.68,3.32,생활하수/처리수 영향
JT_15,0.84447,22.2,7.5,9.2,1.7,1.485,1.519649488,286,3.955,3.955,3.38,0.056,0.122,0.122,0.121,2.20781297,3.7,13.4292242,0,14.941,8.19,1.21,생활하수/처리수 영향
JT_16,0.84447,23.4,7.5,8.7,1.6,1.485,2.774726976,289,3.656,3.656,3.104,0.052,0.113,0.113,0.11,2.871,3.6,77.22,0,17.977,8.94,2.36,생활하수/처리수 영향
JT_17,0.003306026,24.6,7.4,7.6,1.7,1.485,0.338495014,251,3.356,3.356,2.882,0.024,0.073,0.073,0.065,0.400162735,2.6,77.22,0,13.077,8.87,3.03,생활하수/처리수 영향
JT_18,0.084752891,24.8,7.8,8.4,1.5,0.777388198,1.293683753,138,1.587,1.587,1.323,0.02,0.047,0.047,0.037,1.8384373,2.3,7.282937127,0,8.312,6.38,1.22,토양-질소 기원
JT_19,0.000698873,24.7,7.9,7.9,1.1,1.485,3.663,135,2.248,2.248,1.869,0.021,0.065,0.065,0.055,2.871,2.3,77.22,0,8.09,8.19,0.9,생활하수/처리수 영향
JT_20,0.000515262,24.5,7.3,7.8,1.3,1.485,3.663,126,1.568,1.568,1.265,0.016,0.038,0.038,0.031,2.871,2.3,1.646491539,0,8.227,6.91,1.96,토양-질소 기원
JT_21,0.01534807,25.5,7,7.2,2,1.485,1.017069245,292,5.816,5.392,4.969,0.088,0.184,0.121,0.117,1.398389859,5,1.230009909,0,17.142,9.67,2.32,생활하수/처리수 영향
JT_22,0.058895409,22.3,7.2,8.4,1.4,1.485,3.445945686,90,1.024,0.921,0.861,0.046,0.085,0.073,0.049,2.871,2,31.64069029,0,5.748,5.36,1.89,토양-질소 기원
JT_23,0.363383691,25.3,7.2,7.2,2.4,1.339434536,0.566858375,317,3.198,2.896,2.442,0.298,0.089,0.076,0.073,0.719282617,3.1,77.22,0,32.41,9.73,1.1,생활하수/처리수 영향
JT_24,0.757487355,25.7,7.3,7.9,2.3,1.485,0.505454039,164,1.909,1.697,1.474,0.017,0.09,0.046,0.032,0.631351142,4.2,77.22,0,10.258,8.14,4.76,생활하수/처리수 영향
JT_25,3.19E-06,26.4,7.3,8.2,2.2,1.485,1.811994545,221,2.653,2.398,2.053,0.105,0.11,0.065,0.059,2.696907028,4.2,77.22,0,18.055,9.65,2.69,생활하수/처리수 영향
JT_26,0.014526827,27.2,7.5,7.9,2.3,1.485,3.005017709,226,2.489,2.225,1.877,0.105,0.122,0.072,0.07,2.871,4.2,0.009491842,0,18.212,8.59,1.25,생활하수/처리수 영향
JT_27,0.500224805,26.2,7.2,7.1,2.8,1.485,3.663,152,0.765,0.697,0.416,0.035,0.076,0.058,0.044,2.871,5.9,30.0189055,0,10.19,9.69,5.48,생활하수/처리수 영향
JT_28,0.420980401,27.2,7.3,7.2,3.7,1.485,0.074666847,289,8.502,8.343,6.479,0.486,1.201,1.179,1.169,0.07172929,5.9,77.22,0,17.98,17.32,1.39,생활하수/처리수 영향
JT_29,0.017922049,26.9,7.6,8.2,1.3,1.485,1.774896201,174,2.202,2.201,2.025,0.062,0.143,0.102,0.095,2.6341998,3,36.70037995,0,10.813,8.32,4.11,생활하수/처리수 영향
JT_30,4.47E-05,26.2,7.8,8,1.7,1.485,1.920814703,158,2.16,2.025,1.667,0.131,0.162,0.122,0.11,2.871,3.6,0.118500439,0,10.08,7.4,2.81,토양-질소 기원
JT_1,0.002171022,21.1,7.8,8.1,1.4,1.380488591,0.201449558,80,1.768,1.698,1.478,0.028,0.085,0.022,0.018,0.221773228,5.6,4.870301603,0,7.927,2,-0.26,토양-질소 기원
JT_2,1.75E-06,20.8,7.7,8.2,1.9,1.485,0.86825471,100,2.984,2.959,2.513,0.055,0.228,0.165,0.162,1.16813521,7.8,0.005354706,0,5.515,2.48,-1.38,토양-질소 기원
JT_3,0.000185512,21.3,7.7,8.2,2.1,1.485,0.059618999,96,2.723,2.647,2.223,0.052,0.111,0.053,0.043,0.055530933,6.8,0.462830812,0,5.571,1.62,-1.25,토양-질소 기원
JT_4,0.064386183,20.7,7.4,7.8,1.2,1.069226135,0.344187058,135,9.146,9.075,8.927,0.117,0.119,0.099,0.097,0.407824337,4.3,77.22,0,6.078,3.04,-0.8,토양-질소 기원
JT_5,0.41318356,21.4,7.2,7.9,2.4,1.346371238,3.10748333,106,3.63,3.566,3.047,0.099,0.223,0.135,0.127,2.871,8.5,77.22,0,5.401,2.28,-0.83,토양-질소 기원
JT_6,0.170101131,21.3,7.6,8,2.4,1.471740929,3.663,92,2.83,2.775,2.227,0.058,0.159,0.088,0.076,2.871,8.1,77.22,0,5.173,1.06,-0.45,토양-질소 기원
JT_7,2.71E-06,21.1,7.5,7.9,2.9,1.485,0.070217711,101,3.216,3.1,2.514,0.1,0.257,0.156,0.149,0.066888666,8.5,0.008118683,0,5.418,2.58,-0.4,토양-질소 기원
JT_8,0.035240328,21.8,7.9,8.1,2.1,0.967212858,2.477118967,102,2.447,2.394,2.003,0.043,0.083,0.045,0.036,2.871,5.7,70.08660403,0,5.451,0.98,-1,토양-질소 기원
JT_9,0.031325519,21.9,7.9,8.2,2.2,1.485,2.369786472,114,2.712,2.633,2.14,0.061,0.197,0.127,0.118,2.871,7.5,62.61855329,0,6.248,2.8,-0.07,토양-질소 기원
JT_10,0.000379859,21.9,7.7,8,2.1,1.485,0.450687154,162,1.435,1.356,0.83,0.065,0.52,0.496,0.49,0.554149461,6.8,0.918804549,0,11.13,5.2,1.12,토양-질소 기원
JT_11,0.001989643,21.1,7.8,8.2,2.3,1.485,0.8402232,103,3.457,3.264,2.746,0.076,0.297,0.182,0.163,1.125340682,9.6,4.480267196,0,5.434,3.23,-0.94,토양-질소 기원
JT_12,3.86E-05,20.9,7.7,8.1,2.8,1.040356812,0.190599922,108,3.331,3.155,2.526,0.103,0.407,0.255,0.235,0.208240286,9.7,0.102935168,0,5.857,4.11,-0.88,토양-질소 기원
JT_13,0.000157374,23,7.5,7.9,2.6,1.485,0.323535423,65,3.143,2.905,2.357,0.09,0.438,0.274,0.254,0.380111743,8.8,0.39543046,0,6.367,4.94,-0.17,토양-질소 기원
JT_14,9.44E-06,23.4,7.6,7.6,2.4,1.485,0.112290315,139,4.595,4.562,4.081,0.072,0.249,0.177,0.162,0.114087873,6.8,0.026798162,0,7.88,3.4,0.02,토양-질소 기원
JT_15,0.020729869,23.1,7.4,7.8,1.9,1.485,2.0289081,181,3.184,3.102,2.765,0.041,0.162,0.126,0.124,2.871,5.7,42.18406114,0,8.926,1.38,0.67,토양-질소 기원
JT_16,0.84447,22.8,7.4,7.8,2,1.485,3.663,160,4.335,4.201,3.833,0.052,0.222,0.164,0.155,2.871,6.4,77.22,0,8.896,2.43,0.04,토양-질소 기원
JT_17,1.00E-06,22.9,7.7,7.6,2.2,1.485,0.046886919,131,3.699,3.491,3.051,0.092,0.377,0.247,0.242,0.042255075,7.8,0.002906425,0,6.419,2.31,0.7,토양-질소 기원
JT_18,4.09E-06,22.7,7.4,7.8,1.8,1.282401302,0.0819992,92,2.243,2.137,1.894,0.021,0.08,0.029,0.016,0.079792714,4.8,0.012045555,0,5.199,0.68,-0.98,토양-질소 기원
JT_19,0.05964599,23.3,8.2,7.5,1.8,1.485,3.019366733,143,2.283,2.208,1.848,0.036,0.126,0.075,0.066,2.871,6.4,77.22,0,4.853,1.41,0.14,토양-질소 기원
JT_20,0.002419873,23.2,7.5,7.5,1.2,1.485,0.904430373,79,2.306,2.212,1.943,0.024,0.071,0.043,0.036,1.223643338,5.6,5.403161502,0,4.477,-0.79,-0.12,토양-질소 기원
JT_21,0.020964709,21,7.3,7.3,2.9,0.869037619,2.037523727,122,2.267,2.166,1.643,0.125,0.385,0.303,0.3,2.871,7,42.64118705,0,5.781,7.07,2.43,토양-질소 기원
JT_22,3.09E-05,19.9,7.2,7.3,1.2,1.114793768,0.17534979,100,2.282,2.253,1.965,0.071,0.111,0.087,0.051,0.189397942,3.9,0.083261209,0,4.545,3.02,-1.77,토양-질소 기원
JT_23,0.344348655,21.7,7.6,7.4,4,1.485,3.663,196,2.579,2.433,1.339,0.659,0.213,0.146,0.145,2.871,6.3,77.22,0,15.627,6.81,1.8,토양-질소 기원
JT_24,0.038765317,21,7.6,8.1,3,1.485,2.567564316,136,1.876,1.658,1.203,0.054,0.318,0.201,0.193,2.871,7.2,76.78024707,0,8.075,5.96,2.07,토양-질소 기원
JT_25,1.08E-05,21.4,7.7,8.1,3.8,1.485,0.118044845,129,1.696,1.511,1.026,0.116,0.294,0.175,0.165,0.120760218,6.8,0.030430713,0,9.503,6.29,2.63,토양-질소 기원
JT_26,0.018122798,21.2,7.5,8.1,4.5,1.485,1.928879925,127,1.817,1.509,0.99,0.204,0.349,0.164,0.154,2.871,6.5,37.09361159,0,11.191,6.63,4.65,토양-질소 기원
JT_27,0.002554287,22.9,7.5,7.1,3.8,1.311275838,0.923010037,180,1.154,0.936,0.425,0.152,0.237,0.112,0.082,1.252271557,7.2,5.689980708,0,9.151,7.31,3.71,토양-질소 기원
JT_28,2.62E-05,21.1,7.5,7.8,3.6,1.478053029,0.164834564,113,1.71,1.483,0.937,0.097,0.471,0.277,0.264,0.176535193,8.4,0.07114274,0,7.352,6.25,4.12,토양-질소 기원
JT_29,0.002011505,22.8,7.5,8,2.4,1.485,0.843684174,154,2.586,2.385,1.897,0.123,0.271,0.189,0.187,1.130613936,5.2,4.527357113,0,9.111,7.45,3.62,토양-질소 기원
JT_30,7.23E-05,22.8,7.5,7.8,1.9,1.485,0.241523896,99,3.801,3.663,3.378,0.042,0.301,0.268,0.265,0.272596277,5.2,0.187990615,0,4.866,0.82,7.86,토양-질소 기원
